modelo,meses_disponibles,nombre_variable,sector,frecuencia_seleccion_pct,impacto_absoluto_medio_todos_pronosticos_pp,impacto_medio_firmado_pp,reduccion_error_media_pp,proporcion_veces_ayudo_pct,periodo_impacto_maximo,ranking_importancia,modelo_etiqueta
dfm_lasso_sin_ar1,1,ibc br: tres meses servicios sin ajuste pct,real,35.44303797468354,0.1643415966535694,-0.3913776597941641,0.1620949533079616,46.42857142857143,2020-T2,1.0,DFM · LASSO sin AR1
dfm_lasso_sin_ar1,1,ibc br: tres meses sin ajuste pct,real,72.15189873417721,0.0420872188785792,-0.0355775031037468,0.0069515091716639,54.38596491228071,2014-T2,2.0,DFM · LASSO sin AR1
dfm_lasso_sin_ar1,1,America Latina: indice produccion industrial,real,43.03797468354431,0.0336620080465334,0.039871646860852,0.0209049342594865,52.94117647058824,2020-T3,3.0,DFM · LASSO sin AR1
dfm_lasso_sin_ar1,1,Produção - caminhões - montados - qde.,real,10.126582278481012,0.0323245891027272,-0.2026511218562339,0.2998328704397178,62.5,2012-T1,4.0,DFM · LASSO sin AR1
dfm_lasso_sin_ar1,1,Indicadores Industriais - pessoal empregado - indústria - índice dessazonalizado (média 2006 = 100),real,25.31645569620253,0.0251483340338383,0.0263260849809863,-0.0038789714559057,55.00000000000001,2008-T1,5.0,DFM · LASSO sin AR1
dfm_lasso_sin_ar1,1,Mundo: indice produccion industrial,real,11.39240506329114,0.0196269257072456,0.0114568653745883,0.0489947091924202,66.66666666666666,2009-T1,6.0,DFM · LASSO sin AR1
dfm_lasso_sin_ar1,1,ibc br: indice industria sin ajuste,real,12.658227848101266,0.0187431493863767,0.0983834254869097,0.0557889542452372,50.0,2020-T3,7.0,DFM · LASSO sin AR1
dfm_lasso_sin_ar1,1,Estados Unidos: indice produccion industrial,real,26.582278481012654,0.0151222825667584,-0.0019550966565025,-0.0040465963339956,47.61904761904761,2024-T1,8.0,DFM · LASSO sin AR1
dfm_lasso_sin_ar1,1,PIM-PF actividades industriales | Brasil | 3.28 Fabricação de máquinas e equipamentos | PIMPF - Número-índice (2022=100),real,12.658227848101266,0.0147021454526785,-0.093727923473363,-0.0851373799608909,40.0,2011-T4,9.0,DFM · LASSO sin AR1
dfm_lasso_sin_ar1,1,PIM-PF actividades industriales | Brasil | 3 Indústrias de transformação | PIMPF - Número-índice (2022=100),real,25.31645569620253,0.0145106132080442,0.0275595066339038,-0.0254227794960724,55.00000000000001,2012-T4,10.0,DFM · LASSO sin AR1
dfm_lasso_sin_ar1,1,ibc br: indice sin ajuste,real,22.78481012658228,0.0135482128381608,0.0543112682745968,0.0544129951630075,61.11111111111112,2020-T3,11.0,DFM · LASSO sin AR1
dfm_lasso_sin_ar1,1,PIM-PF categorias economicas | Brasil | 1 Bens de capital | PIMPF - Número-índice (2022=100),real,10.126582278481012,0.0099339041871981,0.0729665549506252,-0.0719206090394851,50.0,2013-T1,12.0,DFM · LASSO sin AR1
dfm_lasso_sin_ar1,1,Indicador IPEA de FBCF - índice real (média 1995 = 100),real,46.83544303797469,0.0088047100668055,-0.0045569404313465,0.0016119750744729,45.94594594594595,2013-T3,13.0,DFM · LASSO sin AR1
dfm_lasso_sin_ar1,1,Energia elétrica - consumo - comércio - quantidade,real,21.518987341772156,0.0086202404712342,0.0129156831816408,-0.0038353319176738,52.94117647058824,2023-T2,14.0,DFM · LASSO sin AR1
dfm_lasso_sin_ar1,1,ibc br: tres meses impuestos sin ajuste pct,real,34.177215189873415,0.0085802654455541,0.0024330766805649,0.004268033681383,48.14814814814815,2023-T4,15.0,DFM · LASSO sin AR1
dfm_lasso_sin_ar1,1,PMC comercio ampliado por actividad | Brasil | Índice de receita nominal de vendas no comércio varejista ampliado | Combustíveis e lubrificantes | PMC - Número-índice (2022=100),real,12.658227848101266,0.0081713699297735,0.0621109882634881,0.05008844375299,70.0,2020-T3,16.0,DFM · LASSO sin AR1
dfm_lasso_sin_ar1,1,ibc br: tres meses ex agro sin ajuste pct,real,3.79746835443038,0.0073875875168103,-0.1603884965717618,-0.0076464543751259,66.66666666666666,2016-T4,17.0,DFM · LASSO sin AR1
dfm_lasso_sin_ar1,1,Indicadores Industriais - horas trabalhadas - indústria - índice dessazonalizado (média 2006 = 100),real,12.658227848101266,0.0067488720840259,-0.0214138826386893,0.0081138037375533,50.0,2010-T2,18.0,DFM · LASSO sin AR1
dfm_lasso_sin_ar1,1,Indicadores Industriais - faturamento real - indústria - índice dessazonalizado (média 2006 = 100),real,21.518987341772156,0.0066356515500416,-0.0153531539105093,-0.0049378257370113,41.17647058823529,2009-T2,19.0,DFM · LASSO sin AR1
dfm_lasso_sin_ar1,1,Emplacamento de veículos - autoveículos,real,11.39240506329114,0.0066019493860154,0.0199880385571731,0.0143022810903197,55.55555555555556,2026-T2,20.0,DFM · LASSO sin AR1
dfm_lasso_sin_ar1,1,PMC comercio ampliado por actividad | Brasil | Índice de volume de vendas no comércio varejista ampliado | Combustíveis e lubrificantes | PMC - Número-índice (2022=100),real,7.594936708860759,0.0057492248828006,0.0756981276235424,0.0422541427309124,83.33333333333334,2020-T3,21.0,DFM · LASSO sin AR1
dfm_lasso_sin_ar1,1,"PIM-PF actividades industriales | Brasil | 3.29 Fabricação de veículos automotores, reboques e carrocerias | PIMPF - Número-índice (2022=100)",real,7.594936708860759,0.0057006437912315,0.0532139705904647,0.0193590169548444,33.33333333333333,2020-T3,22.0,DFM · LASSO sin AR1
dfm_lasso_sin_ar1,1,PIM-PF actividades industriales | Brasil | 3.23 Fabricação de produtos de minerais não metálicos | PIMPF - Número-índice (2022=100),real,10.126582278481012,0.0053092446544542,-0.0414401872498119,-0.0117198321505099,62.5,2011-T1,23.0,DFM · LASSO sin AR1
dfm_lasso_sin_ar1,1,Licenciamento Nacionais - Automóveis - montados - qde.,real,11.39240506329114,0.0051944826527027,-0.014006747307049,-0.0094132336492827,33.33333333333333,2023-T3,24.0,DFM · LASSO sin AR1
dfm_lasso_sin_ar1,1,Energia elétrica - consumo - quantidade,real,12.658227848101266,0.0051592046207104,-0.0078183808355193,0.0095885701608372,50.0,2024-T2,25.0,DFM · LASSO sin AR1
dfm_lasso_sin_ar1,1,"PMC actividades complementarias | Brasil | Índice de receita nominal de vendas no comércio varejista | Tecidos, vestuário e calçados | PMC - Número-índice (2022=100)",real,1.2658227848101269,0.0051386172039361,0.4059507591109552,0.4059507591109552,100.0,2020-T3,26.0,DFM · LASSO sin AR1
dfm_lasso_sin_ar1,1,PIM-PF categorias economicas | Brasil | 31 Bens de consumo duráveis | PIMPF - Número-índice (2022=100),real,8.860759493670885,0.0047264610806779,-0.0267862581493507,-0.025724457876143,57.14285714285714,2021-T3,27.0,DFM · LASSO sin AR1
dfm_lasso_sin_ar1,1,"PMC comercio ampliado por actividad | Brasil | Índice de volume de vendas no comércio varejista ampliado | Veículos, motocicletas, partes e peças | PMC - Número-índice (2022=100)",real,1.2658227848101269,0.0044586710796572,0.3522350152929219,0.3522350152929219,100.0,2009-T1,28.0,DFM · LASSO sin AR1
dfm_lasso_sin_ar1,1,"PMC vehiculos | Brasil | Índice de volume de vendas de veículos, motocicletas, partes e peças | PMC - Número-índice (2022=100)",real,1.2658227848101269,0.0044586710796572,0.3522350152929219,0.3522350152929219,100.0,2009-T1,29.0,DFM · LASSO sin AR1
dfm_lasso_sin_ar1,1,PIM-PF grupos y clases | Brasil | 25.92 Fabricação de produtos de trefilados de metal | PIMPF - Número-índice (2022=100),real,10.126582278481012,0.004363274582102,-0.0236626892545023,-0.0311092986637391,50.0,2011-T1,30.0,DFM · LASSO sin AR1
dfm_lasso_sin_ar1,1,Energia elétrica - consumo - indústria - quantidade,real,11.39240506329114,0.0043450403766094,0.0040502904742401,-0.0204773702553156,11.11111111111111,2024-T4,31.0,DFM · LASSO sin AR1
dfm_lasso_sin_ar1,1,PIM-PF indicadores especiales | Brasil | 6.3.3.1 Bens de consumo duráveis - Baixa intensidade | PIMPF - Número-índice (2022=100),real,6.329113924050633,0.0042857797335349,0.0366751634047072,-0.0132405727079855,40.0,2025-T2,32.0,DFM · LASSO sin AR1
dfm_lasso_sin_ar1,1,"PIM-PF actividades industriales | Brasil | 3.26 Fabricação de equipamentos de informática, produtos eletrônicos e ópticos | PIMPF - Número-índice (2022=100)",real,18.9873417721519,0.0041672996056413,0.0047400775195733,0.0106451461263394,53.333333333333336,2012-T2,33.0,DFM · LASSO sin AR1
dfm_lasso_sin_ar1,1,PIM-PF actividades industriales | Brasil | 3.32 Fabricação de produtos diversos | PIMPF - Número-índice (2022=100),real,12.658227848101266,0.0041526253077176,0.0178080009687826,-0.0104084992226777,30.0,2025-T4,34.0,DFM · LASSO sin AR1
dfm_lasso_sin_ar1,1,PIM-PF grupos y clases | Brasil | 15.3 Fabricação de calçados | PIMPF - Número-índice (2022=100),real,7.594936708860759,0.0039284883700094,-0.0090180623229084,0.0078167210773687,66.66666666666666,2023-T3,35.0,DFM · LASSO sin AR1
dfm_lasso_sin_ar1,1,"PIM-PF grupos y clases | Brasil | 25.4 Fabricação de artigos de cutelaria, de serralheria e ferramentas | PIMPF - Número-índice (2022=100)",real,8.860759493670885,0.0037879227872613,-0.0376311314388211,-0.03088797479698,42.85714285714285,2011-T1,36.0,DFM · LASSO sin AR1
dfm_lasso_sin_ar1,1,"PIM-PF actividades industriales | Brasil | 3.25 Fabricação de produtos de metal, exceto máquinas e equipamentos | PIMPF - Número-índice (2022=100)",real,10.126582278481012,0.0033910176470393,-0.01452607550913,-0.0021884077429559,62.5,2011-T2,37.0,DFM · LASSO sin AR1
dfm_lasso_sin_ar1,1,PIM-PF actividades industriales | Brasil | 3.14 Confecção de artigos do vestuário e acessórios | PIMPF - Número-índice (2022=100),real,7.594936708860759,0.0033702115974196,0.0257402212055318,0.0063489514208036,50.0,2011-T1,38.0,DFM · LASSO sin AR1
dfm_lasso_sin_ar1,1,Licenciamento total - Caminhões - montados - qde.,real,2.5316455696202533,0.0033698910151713,0.1258142346128689,0.1258142346128689,50.0,2007-T4,39.0,DFM · LASSO sin AR1
dfm_lasso_sin_ar1,1,PMC actividades complementarias | Brasil | Índice de receita nominal de vendas no comércio varejista | Móveis e eletrodomésticos | PMC - Número-índice (2022=100),real,8.860759493670885,0.0031062166905577,-0.0050934703184635,0.0304606411883599,71.42857142857143,2010-T3,40.0,DFM · LASSO sin AR1
dfm_lasso_sin_ar1,1,comex stat: importaciones totales fob usd,externo,24.050632911392405,0.0030418764064626,-0.0007224300097866,0.0005085260985316,47.368421052631575,2009-T2,41.0,DFM · LASSO sin AR1
dfm_lasso_sin_ar1,1,Sondagem CNI: evolucion de la produccion industrial,real,8.860759493670885,0.0030382020183964,0.023594721609134,-0.0020239565142315,42.85714285714285,2024-T1,42.0,DFM · LASSO sin AR1
dfm_lasso_sin_ar1,1,PIM-PF actividades industriales | Brasil | 3.22 Fabricação de produtos de borracha e de material plástico | PIMPF - Número-índice (2022=100),real,6.329113924050633,0.0029482213320892,0.0129035543215241,0.0465818970470109,100.0,2023-T3,43.0,DFM · LASSO sin AR1
dfm_lasso_sin_ar1,1,Zona euro: indice produccion industrial,real,5.063291139240507,0.0029469522305001,-0.0582023065523773,-0.0582023065523774,0.0,2009-T2,44.0,DFM · LASSO sin AR1
dfm_lasso_sin_ar1,1,selic tasas: selic meta fin mes pct anual,real,1.2658227848101269,0.0028586132385277,0.2258304458436942,-0.0229724455650742,0.0,2007-T3,45.0,DFM · LASSO sin AR1
dfm_lasso_sin_ar1,1,base monetaria: valor,financiero,3.79746835443038,0.0026540199577968,-0.0678958818682838,0.0683193024181485,66.66666666666666,2006-T2,46.0,DFM · LASSO sin AR1
dfm_lasso_sin_ar1,1,Vendas de autoveículos no mercado interno,real,1.2658227848101269,0.0023866153975617,-0.1885426164073751,0.1885426164073751,100.0,2026-T2,47.0,DFM · LASSO sin AR1
dfm_lasso_sin_ar1,1,PMC comercio ampliado por actividad | Brasil | Índice de receita nominal de vendas no comércio varejista ampliado | Móveis e eletrodomésticos | PMC - Número-índice (2022=100),real,6.329113924050633,0.0023016936665705,-0.0146073296820367,0.0351684264275161,80.0,2010-T3,48.0,DFM · LASSO sin AR1
dfm_lasso_sin_ar1,1,credito sgs: valor,financiero,2.5316455696202533,0.0021871223806445,0.0863913340354588,0.0863913340354588,100.0,2005-T2,49.0,DFM · LASSO sin AR1
dfm_lasso_sin_ar1,1,PIM-PF grupos y clases | Brasil | 20.3 Fabricação de resinas e elastômeros | PIMPF - Número-índice (2022=100),real,8.860759493670885,0.0018572416351073,-0.0110392726508935,-0.0110392726508935,14.285714285714285,2025-T1,50.0,DFM · LASSO sin AR1
dfm_lasso_sin_ar1,1,empleo pnadc: ocupados miles,real,15.189873417721518,0.0018175300955944,0.0065903557677779,0.0023588438085254,41.66666666666667,2022-T2,51.0,DFM · LASSO sin AR1
dfm_lasso_sin_ar1,1,deuda publica federal: tasa flotante miles millones brl,financiero,8.860759493670885,0.0016927554098347,-0.0068376085400333,0.0090134466440604,57.14285714285714,2010-T2,52.0,DFM · LASSO sin AR1
dfm_lasso_sin_ar1,1,PIM-PF grupos y clases | Brasil | 15.1 Curtimento e outras preparações de couro | PIMPF - Número-índice (2022=100),real,3.79746835443038,0.0016907930914576,-0.0187994188023083,-0.0187994188023083,33.33333333333333,2011-T2,53.0,DFM · LASSO sin AR1
dfm_lasso_sin_ar1,1,base monetaria: valor,financiero,17.72151898734177,0.0016428873743725,-0.0031253225222749,0.0022639417282785,57.14285714285714,2012-T2,54.0,DFM · LASSO sin AR1
dfm_lasso_sin_ar1,1,consumo mensual ibge: indice original,real,2.5316455696202533,0.0016325161158883,0.0644843865775891,0.0644843865775891,100.0,2022-T3,55.0,DFM · LASSO sin AR1
dfm_lasso_sin_ar1,1,PIM-PF grupos y clases | Brasil | 28.2 Fabricação de máquinas e equipamentos de uso geral | PIMPF - Número-índice (2022=100),real,1.2658227848101269,0.0016026255364084,0.1266074173762673,0.1266074173762673,100.0,2025-T1,56.0,DFM · LASSO sin AR1
dfm_lasso_sin_ar1,1,PIM-PF grupos y clases | Brasil | 27.5 Fabricação de eletrodomésticos | PIMPF - Número-índice (2022=100),real,7.594936708860759,0.0015039658296664,-0.0120848545255991,-0.0010426176934734,66.66666666666666,2012-T2,57.0,DFM · LASSO sin AR1
dfm_lasso_sin_ar1,1,Licenciamento Nacionais - Caminhões - montados - qde.,real,1.2658227848101269,0.0014904584753858,-0.1177462195554793,-0.1177462195554792,0.0,2012-T2,58.0,DFM · LASSO sin AR1
dfm_lasso_sin_ar1,1,Energia elétrica - consumo - região Norte (N) - quantidade,real,22.78481012658228,0.0014143426231444,0.0025167030405811,0.0016939733842379,50.0,2009-T2,59.0,DFM · LASSO sin AR1
dfm_lasso_sin_ar1,1,PIM-PF indicadores especiales | Brasil | 5.3.6 Bens de consumo duráveis por atividade - Demais atividades* | PIMPF - Número-índice (2022=100),real,3.79746835443038,0.0013239703183141,-0.0330330658245446,-0.0330330658245446,33.33333333333333,2026-T1,60.0,DFM · LASSO sin AR1
dfm_lasso_sin_ar1,1,PIM-PF actividades industriales | Brasil | 3.24 Metalurgia | PIMPF - Número-índice (2022=100),real,2.5316455696202533,0.001294600361025,0.0468963828395236,0.0468963828395236,50.0,2020-T4,61.0,DFM · LASSO sin AR1
dfm_lasso_sin_ar1,1,balanza pagos: errores omisiones millones usd,externo,1.2658227848101269,0.0011098941948827,0.0876816413957398,0.0876816413957397,100.0,2009-T2,62.0,DFM · LASSO sin AR1
dfm_lasso_sin_ar1,1,PIM-PF indicadores especiales | Brasil | 1.4 Bens de Capital para construção | PIMPF - Número-índice (2022=100),real,2.5316455696202533,0.0009846407996743,0.0388933115871386,0.0387032327134873,50.0,2025-T1,63.0,DFM · LASSO sin AR1
dfm_lasso_sin_ar1,1,"PIM-PF actividades industriales | Brasil | 3.15 Preparação de couros e fabricação de artefatos de couro, artigos para viagem e calçados | PIMPF - Número-índice (2022=100)",real,3.79746835443038,0.0009308882251304,-0.0245133899284346,-0.0179114791385071,33.33333333333333,2011-T1,64.0,DFM · LASSO sin AR1
dfm_lasso_sin_ar1,1,Energia elétrica - consumo - região Centro-Oeste (CO) - quantidade,real,2.5316455696202533,0.0009239227630918,0.0364519485269708,-0.036494949142127,0.0,2005-T3,65.0,DFM · LASSO sin AR1
dfm_lasso_sin_ar1,1,credito sgs: valor,financiero,5.063291139240507,0.0008792371749906,0.017364934206065,0.0072350124266879,50.0,2012-T2,66.0,DFM · LASSO sin AR1
dfm_lasso_sin_ar1,1,consumo mensual ibge: indice original,real,2.5316455696202533,0.0008484513169092,0.0306458649623536,0.0306458649623536,50.0,2009-T3,67.0,DFM · LASSO sin AR1
dfm_lasso_sin_ar1,1,PMC comercio ampliado por actividad | Brasil | Índice de volume de vendas no comércio varejista ampliado | Móveis e eletrodomésticos | PMC - Número-índice (2022=100),real,2.5316455696202533,0.0008484513169092,0.0306458649623536,0.0306458649623536,50.0,2009-T3,68.0,DFM · LASSO sin AR1
dfm_lasso_sin_ar1,1,Energia elétrica - Consumo - região Sudeste (SE) - quantidade,real,3.79746835443038,0.0008430542564702,-0.0015550877104528,-0.0015550877104528,66.66666666666666,2022-T4,69.0,DFM · LASSO sin AR1
dfm_lasso_sin_ar1,1,gasto publico tesouro: pagos totales,fiscal,10.126582278481012,0.0008390274456543,-0.0082853960258369,-0.0063752683538612,12.5,2021-T4,70.0,DFM · LASSO sin AR1
dfm_lasso_sin_ar1,1,"PIM-PF actividades industriales | Brasil | 3.27 Fabricação de máquinas, aparelhos e materiais elétricos | PIMPF - Número-índice (2022=100)",real,5.063291139240507,0.0007908058668851,-0.0038533491624445,0.0044678381876073,75.0,2013-T3,71.0,DFM · LASSO sin AR1
dfm_lasso_sin_ar1,1,PIM-PF grupos y clases | Brasil | 22.11 Fabricação de pneumáticos e de câmaras-de-ar | PIMPF - Número-índice (2022=100),real,2.5316455696202533,0.0007905691835947,-0.0132201779841282,-0.0132201779841282,50.0,2022-T4,72.0,DFM · LASSO sin AR1
dfm_lasso_sin_ar1,1,ipp: indice,real,1.2658227848101269,0.0007695215822487,0.0607922049976474,0.0607922049976474,100.0,2022-T2,73.0,DFM · LASSO sin AR1
dfm_lasso_sin_ar1,1,PMS total | Brasil | Índice de receita nominal de serviços | PMS - Número-índice (2022=100),real,2.5316455696202533,0.000757352328419,0.0299154169725528,-0.0299154169725528,0.0,2026-T2,74.0,DFM · LASSO sin AR1
dfm_lasso_sin_ar1,1,balanza pagos: activos reserva millones usd,externo,6.329113924050633,0.0007369208458223,-0.0082755399682908,0.0082761914652763,80.0,2013-T4,75.0,DFM · LASSO sin AR1
dfm_lasso_sin_ar1,1,selic tasas: selic efectiva media pct diario,real,1.2658227848101269,0.00073002021235,0.0576715967756558,0.0576715967756558,100.0,2008-T2,76.0,DFM · LASSO sin AR1
dfm_lasso_sin_ar1,1,ipca: variacion mensual pct,real,13.924050632911392,0.0006983821161887,0.0005017241199192,0.0018449978435804,45.45454545454545,2010-T1,77.0,DFM · LASSO sin AR1
dfm_lasso_sin_ar1,1,PIM-PF grupos y clases | Brasil | 20.14 Fabricação de gases industriais | PIMPF - Número-índice (2022=100),real,12.658227848101266,0.0006121699574514,-0.002497601157166,0.0023056942734344,70.0,2021-T2,78.0,DFM · LASSO sin AR1
dfm_lasso_sin_ar1,1,PIM-PF categorias economicas | Brasil | 270 Peças e acessórios para bens de capital | PIMPF - Número-índice (2022=100),real,5.063291139240507,0.0006019660192587,-0.0008881168989169,0.0027143775079518,75.0,2013-T3,79.0,DFM · LASSO sin AR1
dfm_lasso_sin_ar1,1,PIM-PF categorias economicas | Brasil | 2 Bens intermediários | PIMPF - Número-índice (2022=100),real,2.5316455696202533,0.0005807910515817,-0.0229412465374797,0.0229412465374797,100.0,2021-T2,80.0,DFM · LASSO sin AR1
dfm_lasso_sin_ar1,1,"PMS segmentos | Brasil | Índice de receita nominal de serviços | 6. Serviços audiovisuais, de edição e agências de notícias | PMS - Número-índice (2022=100)",real,6.329113924050633,0.000538891896501,0.0020200920698924,0.0085144919647173,100.0,2025-T1,81.0,DFM · LASSO sin AR1
dfm_lasso_sin_ar1,1,comex stat: exportaciones totales fob usd,externo,5.063291139240507,0.0005187756767278,0.0089447911297886,0.0102458196153757,100.0,2009-T2,82.0,DFM · LASSO sin AR1
dfm_lasso_sin_ar1,1,Geração de energia elétrica - hidráulica: quantidade,real,6.329113924050633,0.0005008252113341,0.0001247720144978,0.0079130383390796,80.0,2007-T4,83.0,DFM · LASSO sin AR1
dfm_lasso_sin_ar1,1,"PMS actividades | Brasil | Índice de receita nominal de serviços | 4. Transportes, serviços auxiliares aos transportes e correio | PMS - Número-índice (2022=100)",real,1.2658227848101269,0.0004958851571325,0.0391749274134731,0.0391749274134731,100.0,2025-T1,84.0,DFM · LASSO sin AR1
dfm_lasso_sin_ar1,1,PMS actividades | Brasil | Índice de volume de serviços | 3.2 Serviços administrativos e complementares | PMS - Número-índice (2022=100),real,2.5316455696202533,0.0004712390414139,-0.0132290853137797,-0.0186139421358526,0.0,2023-T1,85.0,DFM · LASSO sin AR1
dfm_lasso_sin_ar1,1,PMS segmentos | Brasil | Índice de receita nominal de serviços | Total | PMS - Número-índice (2022=100),real,1.2658227848101269,0.0004638928209327,0.0366475328536886,-0.0366475328536886,0.0,2026-T2,86.0,DFM · LASSO sin AR1
dfm_lasso_sin_ar1,1,PIM-PF grupos y clases | Brasil | 26.1 Fabricação de componentes eletrônicos | PIMPF - Número-índice (2022=100),real,3.79746835443038,0.0004501534217324,0.0016918093155489,0.0083465018176561,66.66666666666666,2022-T1,87.0,DFM · LASSO sin AR1
dfm_lasso_sin_ar1,1,PIM-PF grupos y clases | Brasil | 27.59 Fabricação de aparelhos eletrodomésticos não especificados anteriormente | PIMPF - Número-índice (2022=100),real,3.79746835443038,0.0004449382520958,-0.006674282814846,-0.0057421866777551,66.66666666666666,2012-T2,88.0,DFM · LASSO sin AR1
dfm_lasso_sin_ar1,1,"PMC comercio ampliado por actividad | Brasil | Índice de receita nominal de vendas no comércio varejista ampliado | Veículos, motocicletas, partes e peças | PMC - Número-índice (2022=100)",real,2.5316455696202533,0.0004443032204124,-0.0175499772062907,-0.0175499772062907,0.0,2009-T4,89.0,DFM · LASSO sin AR1
dfm_lasso_sin_ar1,1,"PMC comercio ampliado por actividad | Brasil | Índice de receita nominal de vendas no comércio varejista ampliado | Tecidos, vestuário e calçados | PMC - Número-índice (2022=100)",real,1.2658227848101269,0.0004439550882,0.0350724519678071,-0.0350724519678071,0.0,2021-T1,90.0,DFM · LASSO sin AR1
dfm_lasso_sin_ar1,1,Licenciamento Importados - Autoveículos - montados - qde.,real,6.329113924050633,0.0004282934677751,-0.0025637431624059,-0.0029096466162376,40.0,2009-T2,91.0,DFM · LASSO sin AR1
dfm_lasso_sin_ar1,1,base monetaria: valor,financiero,5.063291139240507,0.0004158586900542,-0.0072902814239237,-0.0072902814239237,25.0,2009-T4,92.0,DFM · LASSO sin AR1
dfm_lasso_sin_ar1,1,"PIM-PF grupos y clases | Brasil | 17.2 Fabricação de papel, cartolina e papel-cartão | PIMPF - Número-índice (2022=100)",real,24.050632911392405,0.0004053018680816,9.321948979705234e-05,0.0004459104327488,47.368421052631575,2022-T1,93.0,DFM · LASSO sin AR1
dfm_lasso_sin_ar1,1,"PIM-PF categorias economicas | Brasil | 210 Alimentos e bebidas básicos, destinados principalmente à indústria | PIMPF - Número-índice (2022=100)",real,1.2658227848101269,0.0003813235186659,-0.0301245579746138,0.0301245579746138,100.0,2012-T1,94.0,DFM · LASSO sin AR1
dfm_lasso_sin_ar1,1,"PIM-PF indicadores especiales | Brasil | 5.4.5 Bens de consumo semi e não duráveis por atividade - Preparação de couros e fabricação de artefatos de couro, artigos para viagem e calçados | PIMPF - Número-índice (2022=100)",real,1.2658227848101269,0.0003758267776448,-0.0296903154339416,-0.0296903154339417,0.0,2026-T1,95.0,DFM · LASSO sin AR1
dfm_lasso_sin_ar1,1,gasto publico tesouro: dotacion actualizada,fiscal,1.2658227848101269,0.0003637366737917,-0.0287351972295468,-0.0287351972295468,0.0,2022-T1,96.0,DFM · LASSO sin AR1
dfm_lasso_sin_ar1,1,PMC actividades complementarias | Brasil | Índice de receita nominal de vendas no comércio varejista | Combustíveis e lubrificantes | PMC - Número-índice (2022=100),real,8.860759493670885,0.0003625361890188,0.0006017167307517,0.000486909817822,71.42857142857143,2013-T4,97.0,DFM · LASSO sin AR1
dfm_lasso_sin_ar1,1,gasto publico tesouro: comprometido,fiscal,2.5316455696202533,0.0003607237349596,0.0135887434633654,0.0135887434633654,50.0,2023-T1,98.0,DFM · LASSO sin AR1
dfm_lasso_sin_ar1,1,PIM-PF indicadores especiales | Brasil | 3.1 Embalagens de vidro | PIMPF - Número-índice (2022=100),real,6.329113924050633,0.0003546771683571,0.0045380075788348,0.0053827324711425,80.0,2020-T4,99.0,DFM · LASSO sin AR1
dfm_lasso_sin_ar1,1,"PIM-PF grupos y clases | Brasil | 10.11 Abate de reses, exceto suínos | PIMPF - Número-índice (2022=100)",real,6.329113924050633,0.0003422153149936,-0.0033864097797535,0.0033093406673865,80.0,2021-T1,100.0,DFM · LASSO sin AR1
dfm_lasso_sin_ar1,1,PIM-PF grupos y clases | Brasil | 14.2 Fabricação de artigos de malharia e tricotagem | PIMPF - Número-índice (2022=100),real,1.2658227848101269,0.0003387003849352,0.0267573304098881,0.0267573304098881,100.0,2025-T1,101.0,DFM · LASSO sin AR1
dfm_lasso_sin_ar1,1,Exportações - veículos comerciais leves - montados - qde.,real,5.063291139240507,0.0003189729553399,0.0022001906044941,0.0062997158679632,100.0,2009-T2,102.0,DFM · LASSO sin AR1
dfm_lasso_sin_ar1,1,PIM-PF grupos y clases | Brasil | 10.7 Fabricação e refino de açúcar | PIMPF - Número-índice (2022=100),real,2.5316455696202533,0.0003154440383618,0.0119023354887856,0.0119023354887857,50.0,2012-T2,103.0,DFM · LASSO sin AR1
dfm_lasso_sin_ar1,1,ibc br: mensual agropecuaria sin ajuste pct,real,6.329113924050633,0.0003030407626937,-0.0042486173265987,-0.0027563270818027,40.0,2022-T1,104.0,DFM · LASSO sin AR1
dfm_lasso_sin_ar1,1,PMS segmentos | Brasil | Índice de receita nominal de serviços | 9. Serviços de apoio às atividades empresariais | PMS - Número-índice (2022=100),real,1.2658227848101269,0.0002937932792578,0.0232096690613678,0.0232096690613677,100.0,2026-T1,105.0,DFM · LASSO sin AR1
dfm_lasso_sin_ar1,1,balanza pagos: servicios gobierno millones usd,externo,2.5316455696202533,0.0002912285995152,0.0115035296808533,-0.0025486008885334,50.0,2006-T2,106.0,DFM · LASSO sin AR1
dfm_lasso_sin_ar1,1,balanza pagos: derivados millones usd,externo,5.063291139240507,0.0002732486980197,-0.0049734432018715,-0.003920234017598,25.0,2009-T2,107.0,DFM · LASSO sin AR1
dfm_lasso_sin_ar1,1,base monetaria: valor,financiero,3.79746835443038,0.0002705248080157,-0.007123819944414,-0.0071238199444139,0.0,2009-T2,108.0,DFM · LASSO sin AR1
dfm_lasso_sin_ar1,1,ipp: mensual pct,real,1.2658227848101269,0.0002601939897516,0.0205553251903816,0.0205553251903816,100.0,2020-T4,109.0,DFM · LASSO sin AR1
dfm_lasso_sin_ar1,1,base monetaria: valor,financiero,1.2658227848101269,0.0002534697533334,0.0200241105133412,-0.0200241105133411,0.0,2006-T2,110.0,DFM · LASSO sin AR1
dfm_lasso_sin_ar1,1,"PMS actividades | Brasil | Índice de receita nominal de serviços | 2.2 Serviços audiovisuais, de edição e agências de notícias | PMS - Número-índice (2022=100)",real,3.79746835443038,0.000246911542531,-0.0043219958713916,0.0065020039533175,100.0,2026-T2,111.0,DFM · LASSO sin AR1
dfm_lasso_sin_ar1,1,PMC comercio ampliado por actividad | Brasil | Índice de receita nominal de vendas no comércio varejista ampliado | Hipermercados e supermercados | PMC - Número-índice (2022=100),real,8.860759493670885,0.0002423575498224,0.0010757483903308,0.0010757483903309,42.85714285714285,2009-T2,112.0,DFM · LASSO sin AR1
dfm_lasso_sin_ar1,1,empleo pnadc: ocupados miles,real,1.2658227848101269,0.0002289028444753,-0.018083324713551,-0.018083324713551,0.0,2020-T3,113.0,DFM · LASSO sin AR1
dfm_lasso_sin_ar1,1,Indicadores Industriais - pessoal empregado - indústria - índice (média 2006 = 100),real,1.2658227848101269,0.0002286892695052,0.0180664522909184,-0.0180664522909184,0.0,2012-T1,114.0,DFM · LASSO sin AR1
dfm_lasso_sin_ar1,1,"PIM-PF grupos y clases | Brasil | 10.42 Fabricação de óleos vegetais refinados, exceto óleo de milho | PIMPF - Número-índice (2022=100)",real,1.2658227848101269,0.0002137977406213,-0.0168900215090852,0.0168900215090852,100.0,2012-T1,115.0,DFM · LASSO sin AR1
dfm_lasso_sin_ar1,1,PIM-PF indicadores especiales | Brasil | 5.1.5 Bens de capital por atividade - Outros equipamentos de transporte | PIMPF - Número-índice (2022=100),real,5.063291139240507,0.0002074134458603,-0.0011494531638173,-0.000106186624058,50.0,2022-T2,116.0,DFM · LASSO sin AR1
dfm_lasso_sin_ar1,1,"PIM-PF grupos y clases | Brasil | 17.4 Fabricação de produtos diversos de papel, cartolina, papel-cartão e papelão ondulado | PIMPF - Número-índice (2022=100)",real,2.5316455696202533,0.0002073254740107,0.0081893562234228,-7.359147221963624e-05,50.0,2012-T1,117.0,DFM · LASSO sin AR1
dfm_lasso_sin_ar1,1,balanza pagos: servicios millones usd,externo,3.79746835443038,0.0001957082955025,0.0046388189511467,-0.0051536517815672,0.0,2005-T3,118.0,DFM · LASSO sin AR1
dfm_lasso_sin_ar1,1,gasto publico tesouro: devengado,fiscal,8.860759493670885,0.0001950110851494,-0.0022008393895437,-0.0001342705646034,42.85714285714285,2019-T2,119.0,DFM · LASSO sin AR1
dfm_lasso_sin_ar1,1,"PIM-PF categorias economicas | Brasil | 220 Alimentos e bebidas elaborados, destinados principalmente à indústria | PIMPF - Número-índice (2022=100)",real,1.2658227848101269,0.0001854856285914,-0.0146533646587256,0.0146533646587256,100.0,2012-T1,120.0,DFM · LASSO sin AR1
dfm_lasso_sin_ar1,1,credito sgs: valor,financiero,12.658227848101266,0.0001845815494918,-0.0007337755655796,-0.0005797134125696,50.0,2020-T3,121.0,DFM · LASSO sin AR1
dfm_lasso_sin_ar1,1,PIM-PF categorias economicas | Brasil | 311 Bens de consumo duráveis - exceto automóveis para passageiros e equipamentos de transporte não industrial | PIMPF - Número-índice (2022=100),real,1.2658227848101269,0.000174540201991,-0.01378867595729,0.01378867595729,100.0,2013-T3,122.0,DFM · LASSO sin AR1
dfm_lasso_sin_ar1,1,ibc br: mensual industria sin ajuste pct,real,11.39240506329114,0.0001639351470026,-0.0003105754927058,0.0005979709110027,66.66666666666666,2017-T2,123.0,DFM · LASSO sin AR1
dfm_lasso_sin_ar1,1,balanza pagos: renta cartera intereses domestico millones usd,externo,3.79746835443038,0.0001597005403094,0.0003886819939264,-0.004205447561481,0.0,2021-T1,124.0,DFM · LASSO sin AR1
dfm_lasso_sin_ar1,1,gasto publico tesouro: devengado,fiscal,5.063291139240507,0.0001567155201117,0.0009307168174426,0.0021063292819423,75.0,2020-T4,125.0,DFM · LASSO sin AR1
dfm_lasso_sin_ar1,1,gasto publico tesouro: pagos totales,fiscal,1.2658227848101269,0.0001541842460961,-0.0121805554415928,-0.0121805554415928,0.0,2019-T2,126.0,DFM · LASSO sin AR1
dfm_lasso_sin_ar1,1,credito sgs: valor,financiero,7.594936708860759,0.000152740819859,0.001678713671197,0.0020110874614776,100.0,2010-T4,127.0,DFM · LASSO sin AR1
dfm_lasso_sin_ar1,1,gasto publico tesouro: restos pagados,fiscal,1.2658227848101269,0.0001409579570487,-0.0111356786068542,-0.0111356786068542,0.0,2019-T2,128.0,DFM · LASSO sin AR1
dfm_lasso_sin_ar1,1,deuda publica federal: indice precios miles millones brl,financiero,1.2658227848101269,0.0001404958287075,-0.0110991704678963,-0.0110991704678962,0.0,2009-T2,129.0,DFM · LASSO sin AR1
dfm_lasso_sin_ar1,1,base monetaria: valor,financiero,1.2658227848101269,0.0001276727426967,0.010086146673041,-0.010086146673041,0.0,2015-T1,130.0,DFM · LASSO sin AR1
dfm_lasso_sin_ar1,1,ibc br: tres meses industria sin ajuste pct,real,7.594936708860759,0.0001098101048084,0.0007284509378736,0.0005419435229666,83.33333333333334,2026-T2,131.0,DFM · LASSO sin AR1
dfm_lasso_sin_ar1,1,gasto publico tesouro: dotacion inicial,fiscal,1.2658227848101269,0.0001044235339073,0.0082494591786799,0.0082494591786799,100.0,2025-T1,132.0,DFM · LASSO sin AR1
dfm_lasso_sin_ar1,1,Indicadores Industriais - utilização da capacidade instalada - indústria - índice (média 2006 = 100),real,1.2658227848101269,0.0001031656929953,-0.0081500897466321,-0.008150089746632,0.0,2012-T2,133.0,DFM · LASSO sin AR1
dfm_lasso_sin_ar1,1,gasto publico tesouro: dotacion actualizada,fiscal,1.2658227848101269,0.0001002328337753,0.0079183938682525,0.0079183938682525,100.0,2025-T1,134.0,DFM · LASSO sin AR1
dfm_lasso_sin_ar1,1,"PMC comercio ampliado por actividad | Brasil | Índice de volume de vendas no comércio varejista ampliado | Equipamentos e materiais para escritório, informática e comunicação | PMC - Número-índice (2022=100)",real,3.79746835443038,9.63638094075538e-05,-0.0010601331708851,-0.0025375803143988,0.0,2015-T4,135.0,DFM · LASSO sin AR1
dfm_lasso_sin_ar1,1,gasto publico tesouro: comprometido,fiscal,1.2658227848101269,9.516367099365594e-05,0.0075179300084988,0.0075179300084987,100.0,2026-T1,136.0,DFM · LASSO sin AR1
dfm_lasso_sin_ar1,1,gasto publico tesouro: comprometido,fiscal,1.2658227848101269,9.457260639018512e-05,0.0074712359048246,-0.0074712359048246,0.0,2023-T3,137.0,DFM · LASSO sin AR1
dfm_lasso_sin_ar1,1,balanza pagos: servicios personales millones usd,externo,2.5316455696202533,8.724810393508316e-05,-0.0034463001054357,-0.0034463001054357,0.0,2007-T4,138.0,DFM · LASSO sin AR1
dfm_lasso_sin_ar1,1,consumo mensual ibge: indice original,real,2.5316455696202533,8.653665244759377e-05,-0.0012020270564093,-0.0034181977716799,0.0,2015-T4,139.0,DFM · LASSO sin AR1
dfm_lasso_sin_ar1,1,ibc br: indice agropecuaria sin ajuste,real,5.063291139240507,8.647635031970211e-05,-4.999608592265448e-05,0.0005312450507538,75.0,2021-T3,140.0,DFM · LASSO sin AR1
dfm_lasso_sin_ar1,1,gasto publico tesouro: pagado ejercicio,fiscal,1.2658227848101269,8.52769739799921e-05,0.0067368809444193,0.0067368809444193,100.0,2022-T1,141.0,DFM · LASSO sin AR1
dfm_lasso_sin_ar1,1,balanza pagos: servicios construccion millones usd,externo,3.79746835443038,8.024577753823973e-05,0.0019725593235141,0.001472466777026,33.33333333333333,2012-T2,142.0,DFM · LASSO sin AR1
dfm_lasso_sin_ar1,1,"PIM-PF grupos y clases | Brasil | 17.3 Fabricação de embalagens de papel, cartolina, papel-cartão e papelão ondulado | PIMPF - Número-índice (2022=100)",real,2.5316455696202533,7.973027304491517e-05,-0.0031493457852741,0.0006552927730013,50.0,2021-T1,143.0,DFM · LASSO sin AR1
dfm_lasso_sin_ar1,1,gasto publico tesouro: comprometido,fiscal,5.063291139240507,7.945133666599368e-05,-0.0015691638991533,-0.0011735050053353,25.0,2020-T3,144.0,DFM · LASSO sin AR1
dfm_lasso_sin_ar1,1,base monetaria: valor,financiero,6.329113924050633,7.072597815134617e-05,0.0011127554511196,-0.0007948827803167,20.0,2006-T2,145.0,DFM · LASSO sin AR1
dfm_lasso_sin_ar1,1,Produção - gás natural - média - quantidade,real,1.2658227848101269,6.746353590476398e-05,-0.0053296193364763,0.0053296193364764,100.0,2006-T2,146.0,DFM · LASSO sin AR1
dfm_lasso_sin_ar1,1,empleo pnadc: ingreso real brl,real,1.2658227848101269,6.660025596516713e-05,0.0052614202212482,-0.0052614202212482,0.0,2021-T1,147.0,DFM · LASSO sin AR1
dfm_lasso_sin_ar1,1,Indicadores Industriais - utilização da capacidade instalada - indústria - índice dessazonalizado (média 2006 = 100),real,1.2658227848101269,6.373914551558699e-05,-0.0050353924957313,0.0050353924957313,100.0,2012-T1,148.0,DFM · LASSO sin AR1
dfm_lasso_sin_ar1,1,PIM-PF grupos y clases | Brasil | 25.91 Fabricação de embalagens metálicas | PIMPF - Número-índice (2022=100),real,1.2658227848101269,5.996859487014145e-05,-0.0047375189947411,0.0047375189947411,100.0,2021-T1,149.0,DFM · LASSO sin AR1
dfm_lasso_sin_ar1,1,gasto publico tesouro: restos pagados,fiscal,6.329113924050633,5.942855592206321e-05,0.0009389711835685,0.0004417161461599,60.0,2019-T2,150.0,DFM · LASSO sin AR1
dfm_lasso_sin_ar1,1,PIM-PF grupos y clases | Brasil | 19.3 Fabricação de biocombustíveis | PIMPF - Número-índice (2022=100),real,5.063291139240507,5.910606649587777e-05,-0.0011673448132935,0.0009706374927305,25.0,2013-T3,151.0,DFM · LASSO sin AR1
dfm_lasso_sin_ar1,1,Geração de energia elétrica - termo nuclear: quantidade,real,5.063291139240507,5.889536251542459e-05,-0.0010572184892951,-0.0010572184892951,25.0,2015-T4,152.0,DFM · LASSO sin AR1
dfm_lasso_sin_ar1,1,LSPA estimativas mensuales | Brasil | 1.2 Amendoim (1ª Safra) | Área plantada,real,1.2658227848101269,5.8776168339963816e-05,0.0046433172988571,-0.0046433172988571,0.0,2015-T1,153.0,DFM · LASSO sin AR1
dfm_lasso_sin_ar1,1,base monetaria: valor,financiero,5.063291139240507,5.391204637646791e-05,0.0005552438493355,-0.0006652114738947,25.0,2006-T2,154.0,DFM · LASSO sin AR1
dfm_lasso_sin_ar1,1,PIM-PF grupos y clases | Brasil | 20.1 Fabricação de produtos químicos inorgânicos | PIMPF - Número-índice (2022=100),real,2.5316455696202533,5.188134330547944e-05,-0.0001234572101854,-0.0001234572101854,50.0,2020-T3,155.0,DFM · LASSO sin AR1
dfm_lasso_sin_ar1,1,gasto publico tesouro: pagos totales,fiscal,1.2658227848101269,5.029032730400031e-05,-0.003972935857016,0.003972935857016,100.0,2023-T3,156.0,DFM · LASSO sin AR1
dfm_lasso_sin_ar1,1,gasto publico tesouro: dotacion actualizada,fiscal,2.5316455696202533,4.887826268708982e-05,-0.00193069137614,-0.0017559589420398,50.0,2025-T1,157.0,DFM · LASSO sin AR1
dfm_lasso_sin_ar1,1,gasto publico tesouro: dotacion actualizada,fiscal,8.860759493670885,4.62343482933983e-05,0.0003570563288872,0.0002908301433384,42.85714285714285,2022-T2,158.0,DFM · LASSO sin AR1
dfm_lasso_sin_ar1,1,balanza pagos: otras inversiones millones usd,externo,2.5316455696202533,4.391548698629784e-05,-0.0017346617359587,0.0007965378034085,50.0,2021-T1,159.0,DFM · LASSO sin AR1
dfm_lasso_sin_ar1,1,gasto publico tesouro: restos pagados,fiscal,1.2658227848101269,4.291342763226179e-05,0.0033901607829486,0.0033901607829486,100.0,2026-T1,160.0,DFM · LASSO sin AR1
dfm_lasso_sin_ar1,1,S&P 500: promedio mensual del cierre diario,real,1.2658227848101269,3.975558361886066e-05,0.0031406911058899,0.0031406911058899,100.0,2019-T2,161.0,DFM · LASSO sin AR1
dfm_lasso_sin_ar1,1,PMC actividades complementarias | Brasil | Índice de receita nominal de vendas no comércio varejista | Hipermercados e supermercados | PMC - Número-índice (2022=100),real,1.2658227848101269,3.867764434021864e-05,-0.0030555339028772,-0.0030555339028772,0.0,2009-T4,162.0,DFM · LASSO sin AR1
dfm_lasso_sin_ar1,1,gasto publico tesouro: comprometido,fiscal,1.2658227848101269,3.846843749127072e-05,-0.0030390065618103,-0.0030390065618104,0.0,2026-T1,163.0,DFM · LASSO sin AR1
dfm_lasso_sin_ar1,1,gasto publico tesouro: pagado ejercicio,fiscal,1.2658227848101269,3.731635713638197e-05,-0.0029479922137741,-0.0029479922137742,0.0,2026-T1,164.0,DFM · LASSO sin AR1
dfm_lasso_sin_ar1,1,ipca: variacion mensual pct,real,1.2658227848101269,3.5315986641782235e-05,-0.0027899629447007,-0.0027899629447007,0.0,2026-T1,165.0,DFM · LASSO sin AR1
dfm_lasso_sin_ar1,1,Licenciamento Nacionais - Veículos comerciais leves - montados - qde.,real,2.5316455696202533,3.345455341958961e-05,-0.0013214548600737,-0.0013214548600737,0.0,2024-T1,166.0,DFM · LASSO sin AR1
dfm_lasso_sin_ar1,1,gasto publico tesouro: comprometido,fiscal,1.2658227848101269,3.270579859271091e-05,-0.0025837580888241,-0.0025837580888241,0.0,2020-T3,167.0,DFM · LASSO sin AR1
dfm_lasso_sin_ar1,1,"PIM-PF grupos y clases | Brasil | 16.2 Fabricação de produtos de madeira, cortiça e material trançado, exceto móveis | PIMPF - Número-índice (2022=100)",real,1.2658227848101269,3.1343294505794705e-05,-0.0024761202659577,-0.0024761202659577,0.0,2015-T4,168.0,DFM · LASSO sin AR1
dfm_lasso_sin_ar1,1,ipca: variacion mensual pct,real,1.2658227848101269,3.115845035334904e-05,-0.0024615175779145,0.0024615175779145,100.0,2012-T1,169.0,DFM · LASSO sin AR1
dfm_lasso_sin_ar1,1,ipca: variacion mensual pct,real,1.2658227848101269,2.9443283164774637e-05,0.0023260193700171,0.0023260193700171,100.0,2007-T4,170.0,DFM · LASSO sin AR1
dfm_lasso_sin_ar1,1,selic tasas: selic efectiva media pct anual,real,3.79746835443038,2.819137643031187e-05,-0.0005961344745932,0.0005660496061548,33.33333333333333,2006-T2,171.0,DFM · LASSO sin AR1
dfm_lasso_sin_ar1,1,Exportações - ônibus - montados - qde.,real,1.2658227848101269,2.6323975474602327e-05,0.0020795940624935,0.0020795940624935,100.0,2009-T2,172.0,DFM · LASSO sin AR1
dfm_lasso_sin_ar1,1,gasto publico tesouro: comprometido,fiscal,6.329113924050633,2.4898363164598943e-05,0.0003401470156958,0.0001552924121622,60.0,2023-T1,173.0,DFM · LASSO sin AR1
dfm_lasso_sin_ar1,1,LSPA estimativas mensuales | Brasil | 1.18 Sorgo | Área plantada,real,1.2658227848101269,2.37804187444575e-05,-0.0018786530808121,0.0018786530808121,100.0,2015-T1,174.0,DFM · LASSO sin AR1
dfm_lasso_sin_ar1,1,PMS segmentos | Brasil | Índice de volume de serviços | 13. Transporte aquaviário | PMS - Número-índice (2022=100),real,1.2658227848101269,2.2138774068504048e-05,0.0017489631514118,0.0017489631514118,100.0,2022-T2,175.0,DFM · LASSO sin AR1
dfm_lasso_sin_ar1,1,SINAPI costes de construccion | Brasil | Custo médio m² - número-índice,real,1.2658227848101269,2.1741813886837548e-05,0.0017176032970601,0.0017176032970602,100.0,2009-T2,176.0,DFM · LASSO sin AR1
dfm_lasso_sin_ar1,1,balanza pagos: renta reservas millones usd,externo,2.5316455696202533,2.1493267122382294e-05,0.0008489840513341,6.1593784926872175e-06,50.0,2005-T2,177.0,DFM · LASSO sin AR1
dfm_lasso_sin_ar1,1,balanza pagos: renta cartera dividendos millones usd,externo,1.2658227848101269,2.141562450660678e-05,-0.0016918343360219,0.0016918343360219,100.0,2015-T1,178.0,DFM · LASSO sin AR1
dfm_lasso_sin_ar1,1,gasto publico tesouro: restos pagados,fiscal,1.2658227848101269,2.0896340646715684e-05,0.0016508109110905,0.0016508109110905,100.0,2022-T2,179.0,DFM · LASSO sin AR1
dfm_lasso_sin_ar1,1,gasto publico tesouro: pagos totales,fiscal,1.2658227848101269,2.0843152688820443e-05,0.0016466090624168,0.0016466090624168,100.0,2022-T1,180.0,DFM · LASSO sin AR1
dfm_lasso_sin_ar1,1,gasto publico tesouro: devengado,fiscal,1.2658227848101269,2.069240023460784e-05,0.001634699618534,0.001634699618534,100.0,2019-T2,181.0,DFM · LASSO sin AR1
dfm_lasso_sin_ar1,1,gasto publico tesouro: restos pagados,fiscal,1.2658227848101269,2.004267079455475e-05,0.0015833709927698,0.0015833709927698,100.0,2022-T4,182.0,DFM · LASSO sin AR1
dfm_lasso_sin_ar1,1,ipp: mensual pct,real,1.2658227848101269,1.7800749439999814e-05,0.0014062592057599,-0.0014062592057599,0.0,2021-T1,183.0,DFM · LASSO sin AR1
dfm_lasso_sin_ar1,1,balanza pagos: servicios seguros millones usd,externo,1.2658227848101269,1.572239882921439e-05,-0.0012420695075079,-0.0012420695075079,0.0,2015-T4,184.0,DFM · LASSO sin AR1
dfm_lasso_sin_ar1,1,gasto publico tesouro: devengado,fiscal,1.2658227848101269,1.5020224588805266e-05,0.0011865977425156,0.0011865977425156,100.0,2022-T2,185.0,DFM · LASSO sin AR1
dfm_lasso_sin_ar1,1,base monetaria: valor,financiero,2.5316455696202533,1.4484141489238308e-05,-9.879279411056928e-05,-9.879279411051378e-05,50.0,2009-T4,186.0,DFM · LASSO sin AR1
dfm_lasso_sin_ar1,1,PIM-PF grupos y clases | Brasil | 23.9 Aparelhamento de pedras e fabricação de outros produtos de minerais não metálicos | PIMPF - Número-índice (2022=100),real,1.2658227848101269,1.4218084499149328e-05,0.0011232286754327,-0.0011232286754327,0.0,2013-T3,187.0,DFM · LASSO sin AR1
dfm_lasso_sin_ar1,1,PMS segmentos | Brasil | Índice de receita nominal de serviços | 13. Transporte aquaviário | PMS - Número-índice (2022=100),real,1.2658227848101269,1.4047215101181044e-05,0.0011097299929933,0.0011097299929931,100.0,2026-T1,188.0,DFM · LASSO sin AR1
dfm_lasso_sin_ar1,1,PMS actividades | Brasil | Índice de receita nominal de serviços | 4.2 Transporte aquaviário | PMS - Número-índice (2022=100),real,1.2658227848101269,1.4047215101181044e-05,0.0011097299929933,0.0011097299929931,100.0,2026-T1,189.0,DFM · LASSO sin AR1
dfm_lasso_sin_ar1,1,gasto publico tesouro: pagado ejercicio,fiscal,1.2658227848101269,1.383284853021042e-05,0.0010927950338866,0.0010927950338865,100.0,2023-T1,190.0,DFM · LASSO sin AR1
dfm_lasso_sin_ar1,1,gasto publico tesouro: devengado,fiscal,1.2658227848101269,1.3832848530208664e-05,0.0010927950338864,0.0010927950338865,100.0,2023-T1,191.0,DFM · LASSO sin AR1
dfm_lasso_sin_ar1,1,LSPA estimativas mensuales | Brasil | 21 Mandioca | Área plantada,real,1.2658227848101269,1.3724408823592365e-05,0.0010842282970637,0.0010842282970637,100.0,2022-T4,192.0,DFM · LASSO sin AR1
dfm_lasso_sin_ar1,1,LSPA estimativas mensuales | Brasil | 1.14 Mamona | Área plantada,real,7.594936708860759,1.2006919732603252e-05,1.4260957634762893e-05,5.102531671618652e-05,50.0,2023-T1,193.0,DFM · LASSO sin AR1
dfm_lasso_sin_ar1,1,LSPA estimativas mensuales | Brasil | 7 Batata - inglesa (3ª Safra) | Área plantada,real,1.2658227848101269,1.1576003581589798e-05,0.0009145042829455,-0.0009145042829455,0.0,2015-T1,194.0,DFM · LASSO sin AR1
dfm_lasso_sin_ar1,1,gasto publico tesouro: dotacion actualizada,fiscal,2.5316455696202533,8.995498511546251e-06,-0.0003375926564334,-0.0003375926564334,50.0,2022-T1,195.0,DFM · LASSO sin AR1
dfm_lasso_sin_ar1,1,gasto publico tesouro: pagos totales,fiscal,2.5316455696202533,8.792129294579344e-06,4.257155065057194e-05,0.0003472891071358,100.0,2016-T4,196.0,DFM · LASSO sin AR1
dfm_lasso_sin_ar1,1,gasto publico tesouro: devengado,fiscal,1.2658227848101269,8.415821105910424e-06,0.0006648498673669,0.0006648498673669,100.0,2022-T4,197.0,DFM · LASSO sin AR1
dfm_lasso_sin_ar1,1,gasto publico tesouro: pagado ejercicio,fiscal,2.5316455696202533,8.29490161560226e-06,-0.0003276486138162,0.0001969438883419,50.0,2016-T3,198.0,DFM · LASSO sin AR1
dfm_lasso_sin_ar1,1,LSPA estimativas mensuales | Brasil | 11 Cana-de-açúcar | Área plantada,real,3.79746835443038,8.247710088768632e-06,-9.32733663685792e-05,-0.0002171896990042,0.0,2019-T2,199.0,DFM · LASSO sin AR1
dfm_lasso_sin_ar1,1,gasto publico tesouro: pagado ejercicio,fiscal,1.2658227848101269,8.160370947095497e-06,-0.0006446693048205,-0.0006446693048205,0.0,2022-T2,200.0,DFM · LASSO sin AR1
dfm_lasso_sin_ar1,1,Intenção de consumo das famílias - total,real,1.2658227848101269,8.146194450764224e-06,-0.0006435493616103,-0.0006435493616103,0.0,2025-T1,201.0,DFM · LASSO sin AR1
dfm_lasso_sin_ar1,1,LSPA estimativas mensuales | Brasil | 4 Banana | Área plantada,real,1.2658227848101269,6.265436060254385e-06,-0.00049496944876,-0.00049496944876,0.0,2022-T1,202.0,DFM · LASSO sin AR1
dfm_lasso_sin_ar1,1,gasto publico tesouro: restos pagados,fiscal,1.2658227848101269,6.224564893699853e-06,-0.0004917406266022,-0.0004917406266022,0.0,2019-T2,203.0,DFM · LASSO sin AR1
dfm_lasso_sin_ar1,1,gasto publico tesouro: comprometido,fiscal,1.2658227848101269,6.219978514171935e-06,0.0004913783026195,0.0004913783026195,100.0,2019-T2,204.0,DFM · LASSO sin AR1
dfm_lasso_sin_ar1,1,gasto publico tesouro: dotacion actualizada,fiscal,1.2658227848101269,5.002766122241679e-06,0.000395218523657,0.000395218523657,100.0,2020-T3,205.0,DFM · LASSO sin AR1
dfm_lasso_sin_ar1,1,gasto publico tesouro: devengado,fiscal,2.5316455696202533,4.990024925567312e-06,0.0001971059845599,0.0001971059845598,100.0,2026-T1,206.0,DFM · LASSO sin AR1
dfm_lasso_sin_ar1,1,scr indexadores: cartera activa miles millones brl,financiero,1.2658227848101269,4.468565329735293e-06,-0.000353016661049,-0.0003530166610491,0.0,2026-T1,207.0,DFM · LASSO sin AR1
dfm_lasso_sin_ar1,1,Produção - petróleo - média - quantidade/dia,real,1.2658227848101269,4.441722004335256e-06,0.0003508960383424,0.0003508960383424,100.0,2009-T2,208.0,DFM · LASSO sin AR1
dfm_lasso_sin_ar1,1,resultado fiscal bcb: valor,fiscal,1.2658227848101269,4.173360218056932e-06,0.0003296954572264,0.0003296954572264,100.0,2015-T4,209.0,DFM · LASSO sin AR1
dfm_lasso_sin_ar1,1,Produção - ônibus - montados - qde.,real,1.2658227848101269,3.634686270120096e-06,-0.0002871402153394,-0.0002871402153394,0.0,2012-T3,210.0,DFM · LASSO sin AR1
dfm_lasso_sin_ar1,1,gasto publico tesouro: comprometido,fiscal,1.2658227848101269,3.0126133463092417e-06,-0.0002379964543584,-0.0002379964543584,0.0,2022-T4,211.0,DFM · LASSO sin AR1
dfm_lasso_sin_ar1,1,gasto publico tesouro: restos pagados,fiscal,2.5316455696202533,2.570627693867258e-06,-9.341597474527008e-05,-9.34159747453256e-05,50.0,2017-T1,212.0,DFM · LASSO sin AR1
dfm_lasso_sin_ar1,1,gasto publico tesouro: comprometido,fiscal,1.2658227848101269,2.523674750862834e-06,0.0001993703053181,-0.0001993703053181,0.0,2023-T3,213.0,DFM · LASSO sin AR1
dfm_lasso_sin_ar1,1,"PIM-PF grupos y clases | Brasil | 28.1 Fabricação de motores, bombas, compressores e equipamentos de transmissão | PIMPF - Número-índice (2022=100)",real,1.2658227848101269,2.416055588236005e-06,-0.0001908683914706,-0.0001908683914706,0.0,2012-T3,214.0,DFM · LASSO sin AR1
dfm_lasso_sin_ar1,1,gasto publico tesouro: restos pagados,fiscal,1.2658227848101269,2.3944906981246863e-06,0.0001891647651518,0.0001891647651518,100.0,2019-T2,215.0,DFM · LASSO sin AR1
dfm_lasso_sin_ar1,1,PMS actividades | Brasil | Índice de receita nominal de serviços | 5. Outros serviços | PMS - Número-índice (2022=100),real,1.2658227848101269,2.033549349465796e-06,-0.0001606503986077,-0.0001606503986077,0.0,2019-T2,216.0,DFM · LASSO sin AR1
dfm_lasso_sin_ar1,1,deuda publica federal: otros pct,financiero,1.2658227848101269,2.0113341975297814e-06,0.0001588954016048,-0.0001588954016048,0.0,2015-T1,217.0,DFM · LASSO sin AR1
dfm_lasso_sin_ar1,1,gasto publico tesouro: restos pagados,fiscal,1.2658227848101269,1.982345276928237e-06,0.0001566052768773,0.0001566052768773,100.0,2019-T2,218.0,DFM · LASSO sin AR1
dfm_lasso_sin_ar1,1,gasto publico tesouro: comprometido,fiscal,1.2658227848101269,1.388020361596573e-06,0.0001096536085661,0.0001096536085661,100.0,2022-T1,219.0,DFM · LASSO sin AR1
dfm_lasso_sin_ar1,1,deuda publica federal: otros miles millones brl,financiero,1.2658227848101269,4.4414890809992233e-07,3.508776373989386e-05,3.508776373989386e-05,100.0,2022-T1,220.0,DFM · LASSO sin AR1
dfm_lasso_sin_ar1,1,gasto publico tesouro: devengado,fiscal,1.2658227848101269,2.0975935107705485e-07,1.6570988735087333e-05,1.657098873497631e-05,100.0,2026-T1,221.0,DFM · LASSO sin AR1
dfm_lasso_sin_ar1,1,gasto publico tesouro: comprometido,fiscal,1.2658227848101269,1.571306021647334e-07,-1.2413317571013938e-05,-1.2413317571013938e-05,0.0,2022-T1,222.0,DFM · LASSO sin AR1
dfm_lasso_sin_ar1,1,PIM-PF categorias economicas | Brasil | 325 Gasolinas para automóvel (motor spirit) | PIMPF - Número-índice (2022=100),real,1.2658227848101269,1.5650418527239554e-07,1.2363830636519246e-05,1.2363830636519246e-05,100.0,2019-T2,223.0,DFM · LASSO sin AR1
dfm_lasso_sin_ar1,1,gasto publico tesouro: restos pagados,fiscal,2.5316455696202533,1.558371401978046e-07,6.155567037813281e-06,6.155567037813281e-06,100.0,2020-T3,224.0,DFM · LASSO sin AR1
dfm_lasso_sin_ar1,1,LSPA estimativas mensuales | Brasil | 8 Cacau | Área plantada,real,1.2658227848101269,3.7702560038826365e-08,-2.9785022430672825e-06,-2.9785022430672825e-06,0.0,2019-T2,225.0,DFM · LASSO sin AR1
dfm_lasso_sin_ar1,1,"PMC vehiculos | Brasil | Índice de receita nominal de vendas de veículos, motocicletas, partes e peças | PMC - Número-índice (2022=100)",real,1.2658227848101269,0.0,0.0,0.0,0.0,2009-T3,226.0,DFM · LASSO sin AR1
dfm_lasso_sin_ar1,2,ibc br: tres meses servicios sin ajuste pct,real,35.44303797468354,0.1821586207266648,-0.464905660173744,0.2602418350586921,64.28571428571429,2020-T2,1.0,DFM · LASSO sin AR1
dfm_lasso_sin_ar1,2,ibc br: tres meses sin ajuste pct,real,72.15189873417721,0.0447244198193032,-0.0396844634784521,0.0141994060789579,57.89473684210527,2014-T2,2.0,DFM · LASSO sin AR1
dfm_lasso_sin_ar1,2,America Latina: indice produccion industrial,real,43.03797468354431,0.0346687825134124,0.0530458934710687,0.0291196573457641,47.05882352941176,2020-T3,3.0,DFM · LASSO sin AR1
dfm_lasso_sin_ar1,2,Indicadores Industriais - pessoal empregado - indústria - índice dessazonalizado (média 2006 = 100),real,25.31645569620253,0.0319499589860023,0.0083060228478188,0.0153336563650248,55.00000000000001,2008-T4,4.0,DFM · LASSO sin AR1
dfm_lasso_sin_ar1,2,Mundo: indice produccion industrial,real,11.39240506329114,0.0196684958114431,0.0390827800019547,-0.021964060612634,33.33333333333333,2009-T1,5.0,DFM · LASSO sin AR1
dfm_lasso_sin_ar1,2,Energia elétrica - consumo - comércio - quantidade,real,21.518987341772156,0.0184443618819695,0.0257844611846062,0.0544219236487028,52.94117647058824,2024-T2,6.0,DFM · LASSO sin AR1
dfm_lasso_sin_ar1,2,Produção - caminhões - montados - qde.,real,10.126582278481012,0.017744341681158,-0.1087410215134588,0.1599734943667579,62.5,2012-T1,7.0,DFM · LASSO sin AR1
dfm_lasso_sin_ar1,2,ibc br: indice sin ajuste,real,22.78481012658228,0.0162671892672139,0.0689733315905759,0.0288741308071985,72.22222222222221,2020-T3,8.0,DFM · LASSO sin AR1
dfm_lasso_sin_ar1,2,ibc br: indice industria sin ajuste,real,12.658227848101266,0.0149034117801064,0.0821125868039629,0.0147523601523221,70.0,2020-T3,9.0,DFM · LASSO sin AR1
dfm_lasso_sin_ar1,2,Estados Unidos: indice produccion industrial,real,26.582278481012654,0.0144318338855585,0.0027896631547893,0.0207313631844535,57.14285714285714,2021-T1,10.0,DFM · LASSO sin AR1
dfm_lasso_sin_ar1,2,PMC comercio ampliado por actividad | Brasil | Índice de receita nominal de vendas no comércio varejista ampliado | Combustíveis e lubrificantes | PMC - Número-índice (2022=100),real,12.658227848101266,0.0127657519210629,0.0970369561976095,-0.022563911275487,50.0,2020-T3,11.0,DFM · LASSO sin AR1
dfm_lasso_sin_ar1,2,PIM-PF actividades industriales | Brasil | 3 Indústrias de transformação | PIMPF - Número-índice (2022=100),real,25.31645569620253,0.0103741208461728,-0.0093295340782212,0.0345980098280798,65.0,2013-T1,12.0,DFM · LASSO sin AR1
dfm_lasso_sin_ar1,2,ibc br: tres meses impuestos sin ajuste pct,real,34.177215189873415,0.010173222902481,0.0067096512966421,0.0085691860978476,55.55555555555556,2023-T4,13.0,DFM · LASSO sin AR1
dfm_lasso_sin_ar1,2,ibc br: tres meses ex agro sin ajuste pct,real,3.79746835443038,0.0098124109791616,-0.162897652268607,0.0260113005846833,66.66666666666666,2016-T4,14.0,DFM · LASSO sin AR1
dfm_lasso_sin_ar1,2,"PMC actividades complementarias | Brasil | Índice de receita nominal de vendas no comércio varejista | Tecidos, vestuário e calçados | PMC - Número-índice (2022=100)",real,1.2658227848101269,0.0097405110075649,0.7695003695976297,0.0207328796244361,100.0,2020-T3,15.0,DFM · LASSO sin AR1
dfm_lasso_sin_ar1,2,Energia elétrica - consumo - quantidade,real,12.658227848101266,0.0084428321807824,0.0111751215705266,0.039597165677773,50.0,2024-T2,16.0,DFM · LASSO sin AR1
dfm_lasso_sin_ar1,2,PIM-PF categorias economicas | Brasil | 31 Bens de consumo duráveis | PIMPF - Número-índice (2022=100),real,8.860759493670885,0.0083880202716984,-0.0498500256497763,-0.0626698454416012,42.85714285714285,2021-T3,17.0,DFM · LASSO sin AR1
dfm_lasso_sin_ar1,2,PIM-PF categorias economicas | Brasil | 1 Bens de capital | PIMPF - Número-índice (2022=100),real,10.126582278481012,0.0083130168837605,0.0368256534366608,-0.016249604560981,62.5,2013-T1,18.0,DFM · LASSO sin AR1
dfm_lasso_sin_ar1,2,Indicador IPEA de FBCF - índice real (média 1995 = 100),real,46.83544303797469,0.007541013654182,-0.0036719560881353,0.0088920471185464,51.35135135135135,2009-T2,19.0,DFM · LASSO sin AR1
dfm_lasso_sin_ar1,2,"PIM-PF actividades industriales | Brasil | 3.29 Fabricação de veículos automotores, reboques e carrocerias | PIMPF - Número-índice (2022=100)",real,7.594936708860759,0.0073264462285893,0.0556495338599939,-0.053303009459743,50.0,2020-T3,20.0,DFM · LASSO sin AR1
dfm_lasso_sin_ar1,2,PMC comercio ampliado por actividad | Brasil | Índice de volume de vendas no comércio varejista ampliado | Combustíveis e lubrificantes | PMC - Número-índice (2022=100),real,7.594936708860759,0.0070694592000858,0.0850664442616653,-0.0268322003333925,33.33333333333333,2020-T3,21.0,DFM · LASSO sin AR1
dfm_lasso_sin_ar1,2,Emplacamento de veículos - autoveículos,real,11.39240506329114,0.0057327708256497,0.0202363612545459,0.0059502000281184,55.55555555555556,2026-T2,22.0,DFM · LASSO sin AR1
dfm_lasso_sin_ar1,2,Indicadores Industriais - faturamento real - indústria - índice dessazonalizado (média 2006 = 100),real,21.518987341772156,0.0056002859271746,-0.0011540928940273,7.494418919122966e-05,41.17647058823529,2007-T4,23.0,DFM · LASSO sin AR1
dfm_lasso_sin_ar1,2,"PIM-PF actividades industriales | Brasil | 3.25 Fabricação de produtos de metal, exceto máquinas e equipamentos | PIMPF - Número-índice (2022=100)",real,10.126582278481012,0.0055330058354742,0.0179445089541974,0.0433871318090021,87.5,2011-T1,24.0,DFM · LASSO sin AR1
dfm_lasso_sin_ar1,2,Indicadores Industriais - horas trabalhadas - indústria - índice dessazonalizado (média 2006 = 100),real,12.658227848101266,0.0047785772470558,-0.006411966350693,-0.0080509960016096,40.0,2009-T1,25.0,DFM · LASSO sin AR1
dfm_lasso_sin_ar1,2,Sondagem CNI: evolucion de la produccion industrial,real,8.860759493670885,0.0045417630879705,0.0288598052189284,-0.002764081213528,42.85714285714285,2024-T1,26.0,DFM · LASSO sin AR1
dfm_lasso_sin_ar1,2,"PMC comercio ampliado por actividad | Brasil | Índice de volume de vendas no comércio varejista ampliado | Veículos, motocicletas, partes e peças | PMC - Número-índice (2022=100)",real,1.2658227848101269,0.0045333788924587,0.3581369325042431,0.3581369325042431,100.0,2009-T1,27.0,DFM · LASSO sin AR1
dfm_lasso_sin_ar1,2,"PMC vehiculos | Brasil | Índice de volume de vendas de veículos, motocicletas, partes e peças | PMC - Número-índice (2022=100)",real,1.2658227848101269,0.0045333788924587,0.3581369325042431,0.3581369325042431,100.0,2009-T1,28.0,DFM · LASSO sin AR1
dfm_lasso_sin_ar1,2,PIM-PF actividades industriales | Brasil | 3.28 Fabricação de máquinas e equipamentos | PIMPF - Número-índice (2022=100),real,12.658227848101266,0.0043271627934514,-0.0029010808249179,-0.0024118513420898,60.0,2013-T1,29.0,DFM · LASSO sin AR1
dfm_lasso_sin_ar1,2,Licenciamento Nacionais - Automóveis - montados - qde.,real,11.39240506329114,0.0042459774621413,-0.0022118154184302,0.0080924519319551,55.55555555555556,2022-T2,30.0,DFM · LASSO sin AR1
dfm_lasso_sin_ar1,2,PIM-PF indicadores especiales | Brasil | 6.3.3.1 Bens de consumo duráveis - Baixa intensidade | PIMPF - Número-índice (2022=100),real,6.329113924050633,0.0042458980373201,0.0139488164261456,-0.056012068788957,20.0,2023-T1,31.0,DFM · LASSO sin AR1
dfm_lasso_sin_ar1,2,Licenciamento total - Caminhões - montados - qde.,real,2.5316455696202533,0.0041117542974071,0.1624142947475816,0.1624142947475816,100.0,2007-T4,32.0,DFM · LASSO sin AR1
dfm_lasso_sin_ar1,2,PIM-PF grupos y clases | Brasil | 15.3 Fabricação de calçados | PIMPF - Número-índice (2022=100),real,7.594936708860759,0.003782467580889,-0.0062902180176507,0.0170318808025557,66.66666666666666,2024-T1,33.0,DFM · LASSO sin AR1
dfm_lasso_sin_ar1,2,PIM-PF actividades industriales | Brasil | 3.23 Fabricação de produtos de minerais não metálicos | PIMPF - Número-índice (2022=100),real,10.126582278481012,0.0034629237806615,-0.0161461787005436,0.0138338714047563,50.0,2011-T1,34.0,DFM · LASSO sin AR1
dfm_lasso_sin_ar1,2,"PIM-PF actividades industriales | Brasil | 3.26 Fabricação de equipamentos de informática, produtos eletrônicos e ópticos | PIMPF - Número-índice (2022=100)",real,18.9873417721519,0.0031396353809648,0.001700340764894,0.0060639453572823,53.333333333333336,2012-T2,35.0,DFM · LASSO sin AR1
dfm_lasso_sin_ar1,2,PIM-PF grupos y clases | Brasil | 25.92 Fabricação de produtos de trefilados de metal | PIMPF - Número-índice (2022=100),real,10.126582278481012,0.0029588274618783,-0.0074654381505204,0.0132981430420745,62.5,2011-T1,36.0,DFM · LASSO sin AR1
dfm_lasso_sin_ar1,2,selic tasas: selic meta fin mes pct anual,real,1.2658227848101269,0.0029043782542089,0.2294458820825045,-0.0265878818038847,0.0,2007-T3,37.0,DFM · LASSO sin AR1
dfm_lasso_sin_ar1,2,Energia elétrica - consumo - indústria - quantidade,real,11.39240506329114,0.002889190006009,0.0095249579358227,-0.0193304712161852,22.22222222222222,2024-T3,38.0,DFM · LASSO sin AR1
dfm_lasso_sin_ar1,2,base monetaria: valor,financiero,3.79746835443038,0.0026527209709069,-0.0697185402833485,0.0698549855672152,100.0,2006-T2,39.0,DFM · LASSO sin AR1
dfm_lasso_sin_ar1,2,credito sgs: valor,financiero,2.5316455696202533,0.0025613255904136,0.1011723608213378,0.1011723608213378,100.0,2005-T2,40.0,DFM · LASSO sin AR1
dfm_lasso_sin_ar1,2,deuda publica federal: tasa flotante miles millones brl,financiero,8.860759493670885,0.0025285628524952,0.0056315199236808,-0.0184798740541438,14.285714285714285,2012-T1,41.0,DFM · LASSO sin AR1
dfm_lasso_sin_ar1,2,PMC actividades complementarias | Brasil | Índice de receita nominal de vendas no comércio varejista | Móveis e eletrodomésticos | PMC - Número-índice (2022=100),real,8.860759493670885,0.0024433341718505,-0.0008857422516685,0.0085165621122069,42.85714285714285,2010-T1,42.0,DFM · LASSO sin AR1
dfm_lasso_sin_ar1,2,PIM-PF actividades industriales | Brasil | 3.14 Confecção de artigos do vestuário e acessórios | PIMPF - Número-índice (2022=100),real,7.594936708860759,0.0024416162946136,0.0258135662213897,-0.02732427580245,0.0,2012-T1,43.0,DFM · LASSO sin AR1
dfm_lasso_sin_ar1,2,PIM-PF actividades industriales | Brasil | 3.32 Fabricação de produtos diversos | PIMPF - Número-índice (2022=100),real,12.658227848101266,0.0023342222322617,0.0059060899190497,-0.0010414944250737,40.0,2025-T3,44.0,DFM · LASSO sin AR1
dfm_lasso_sin_ar1,2,empleo pnadc: ocupados miles,real,15.189873417721518,0.0021337207955003,0.0095092070304312,0.0052895873285651,66.66666666666666,2022-T2,45.0,DFM · LASSO sin AR1
dfm_lasso_sin_ar1,2,comex stat: importaciones totales fob usd,externo,24.050632911392405,0.0020773461193426,0.0027169743003989,0.0011871505738421,57.89473684210527,2010-T1,46.0,DFM · LASSO sin AR1
dfm_lasso_sin_ar1,2,Zona euro: indice produccion industrial,real,5.063291139240507,0.0018941768179707,0.031366173536616,0.031366173536616,50.0,2009-T2,47.0,DFM · LASSO sin AR1
dfm_lasso_sin_ar1,2,Energia elétrica - consumo - região Norte (N) - quantidade,real,22.78481012658228,0.0018658923204097,-0.0027894631196446,-0.0004214137538527,55.55555555555556,2009-T1,48.0,DFM · LASSO sin AR1
dfm_lasso_sin_ar1,2,consumo mensual ibge: indice original,real,2.5316455696202533,0.0017910366904225,0.0705130584830521,0.0705130584830521,50.0,2022-T3,49.0,DFM · LASSO sin AR1
dfm_lasso_sin_ar1,2,"PIM-PF grupos y clases | Brasil | 25.4 Fabricação de artigos de cutelaria, de serralheria e ferramentas | PIMPF - Número-índice (2022=100)",real,8.860759493670885,0.0017754377768451,-0.0110309276633936,0.0117334866668561,71.42857142857143,2011-T1,50.0,DFM · LASSO sin AR1
dfm_lasso_sin_ar1,2,PIM-PF grupos y clases | Brasil | 20.3 Fabricação de resinas e elastômeros | PIMPF - Número-índice (2022=100),real,8.860759493670885,0.0016700488568144,-0.0170110965277356,-0.0065533645970349,57.14285714285714,2022-T2,51.0,DFM · LASSO sin AR1
dfm_lasso_sin_ar1,2,PIM-PF actividades industriales | Brasil | 3.22 Fabricação de produtos de borracha e de material plástico | PIMPF - Número-índice (2022=100),real,6.329113924050633,0.0015980871113107,0.0083608146365804,0.0243132659735233,80.0,2023-T3,52.0,DFM · LASSO sin AR1
dfm_lasso_sin_ar1,2,base monetaria: valor,financiero,17.72151898734177,0.0015681493996878,-0.0032774991952202,0.0021924433353121,50.0,2010-T4,53.0,DFM · LASSO sin AR1
dfm_lasso_sin_ar1,2,Vendas de autoveículos no mercado interno,real,1.2658227848101269,0.0015139153703113,-0.1195993142545972,0.1195993142545972,100.0,2026-T2,54.0,DFM · LASSO sin AR1
dfm_lasso_sin_ar1,2,PIM-PF grupos y clases | Brasil | 28.2 Fabricação de máquinas e equipamentos de uso geral | PIMPF - Número-índice (2022=100),real,1.2658227848101269,0.0015067891841799,0.1190363455502193,0.1190363455502193,100.0,2025-T1,55.0,DFM · LASSO sin AR1
dfm_lasso_sin_ar1,2,consumo mensual ibge: indice original,real,2.5316455696202533,0.0014945010191648,0.0590327902570121,0.0590327902570121,100.0,2009-T3,56.0,DFM · LASSO sin AR1
dfm_lasso_sin_ar1,2,PMC comercio ampliado por actividad | Brasil | Índice de volume de vendas no comércio varejista ampliado | Móveis e eletrodomésticos | PMC - Número-índice (2022=100),real,2.5316455696202533,0.0014945010191648,0.0590327902570121,0.0590327902570121,100.0,2009-T3,57.0,DFM · LASSO sin AR1
dfm_lasso_sin_ar1,2,PMC comercio ampliado por actividad | Brasil | Índice de receita nominal de vendas no comércio varejista ampliado | Móveis e eletrodomésticos | PMC - Número-índice (2022=100),real,6.329113924050633,0.0014153457665235,-0.0120750939255813,0.0010881321838443,40.0,2009-T1,58.0,DFM · LASSO sin AR1
dfm_lasso_sin_ar1,2,Licenciamento Nacionais - Caminhões - montados - qde.,real,1.2658227848101269,0.0013868162323196,-0.1095584823532543,-0.1095584823532542,0.0,2012-T2,59.0,DFM · LASSO sin AR1
dfm_lasso_sin_ar1,2,PIM-PF actividades industriales | Brasil | 3.24 Metalurgia | PIMPF - Número-índice (2022=100),real,2.5316455696202533,0.001296405445105,0.0512080150816511,0.0512080150816511,100.0,2020-T4,60.0,DFM · LASSO sin AR1
dfm_lasso_sin_ar1,2,"PIM-PF actividades industriales | Brasil | 3.27 Fabricação de máquinas, aparelhos e materiais elétricos | PIMPF - Número-índice (2022=100)",real,5.063291139240507,0.0012837995490144,-0.0092070018785419,0.0093363855087283,75.0,2013-T4,61.0,DFM · LASSO sin AR1
dfm_lasso_sin_ar1,2,credito sgs: valor,financiero,5.063291139240507,0.0012692437970798,0.0250675649923267,0.0085734890528125,50.0,2012-T2,62.0,DFM · LASSO sin AR1
dfm_lasso_sin_ar1,2,gasto publico tesouro: pagos totales,fiscal,10.126582278481012,0.0012400186683192,-0.0122451843496524,-0.0098431471071969,12.5,2021-T4,63.0,DFM · LASSO sin AR1
dfm_lasso_sin_ar1,2,PIM-PF grupos y clases | Brasil | 27.5 Fabricação de eletrodomésticos | PIMPF - Número-índice (2022=100),real,7.594936708860759,0.0011958411065487,-0.0007783647774159,0.0058924439892563,33.33333333333333,2012-T1,64.0,DFM · LASSO sin AR1
dfm_lasso_sin_ar1,2,PIM-PF indicadores especiales | Brasil | 5.3.6 Bens de consumo duráveis por atividade - Demais atividades* | PIMPF - Número-índice (2022=100),real,3.79746835443038,0.001103797763869,-0.0255481226380589,-0.0255481226380588,33.33333333333333,2026-T1,65.0,DFM · LASSO sin AR1
dfm_lasso_sin_ar1,2,PIM-PF grupos y clases | Brasil | 15.1 Curtimento e outras preparações de couro | PIMPF - Número-índice (2022=100),real,3.79746835443038,0.0010835138651892,0.0237383571471171,0.00151748775312,33.33333333333333,2010-T4,66.0,DFM · LASSO sin AR1
dfm_lasso_sin_ar1,2,PIM-PF grupos y clases | Brasil | 22.11 Fabricação de pneumáticos e de câmaras-de-ar | PIMPF - Número-índice (2022=100),real,2.5316455696202533,0.0010723724979977,-0.0213862440849362,-0.0213862440849362,50.0,2022-T4,67.0,DFM · LASSO sin AR1
dfm_lasso_sin_ar1,2,"PIM-PF actividades industriales | Brasil | 3.15 Preparação de couros e fabricação de artefatos de couro, artigos para viagem e calçados | PIMPF - Número-índice (2022=100)",real,3.79746835443038,0.0010474244310186,-0.0274987326790739,0.0275821766834918,100.0,2011-T1,68.0,DFM · LASSO sin AR1
dfm_lasso_sin_ar1,2,selic tasas: selic efectiva media pct diario,real,1.2658227848101269,0.0010314862114724,0.0814874107063252,0.0814874107063252,100.0,2008-T2,69.0,DFM · LASSO sin AR1
dfm_lasso_sin_ar1,2,balanza pagos: activos reserva millones usd,externo,6.329113924050633,0.000968495137686,-0.0136916184305343,0.0137240318265433,80.0,2013-T3,70.0,DFM · LASSO sin AR1
dfm_lasso_sin_ar1,2,"PMC comercio ampliado por actividad | Brasil | Índice de receita nominal de vendas no comércio varejista ampliado | Tecidos, vestuário e calçados | PMC - Número-índice (2022=100)",real,1.2658227848101269,0.0008734473437205,0.0690023401539239,0.0583643241799149,100.0,2021-T1,71.0,DFM · LASSO sin AR1
dfm_lasso_sin_ar1,2,ipp: indice,real,1.2658227848101269,0.0008171843435733,0.0645575631422951,0.0645575631422951,100.0,2022-T2,72.0,DFM · LASSO sin AR1
dfm_lasso_sin_ar1,2,PIM-PF indicadores especiales | Brasil | 1.4 Bens de Capital para construção | PIMPF - Número-índice (2022=100),real,2.5316455696202533,0.0008030416129163,0.0317201437101942,0.0291905565858688,50.0,2025-T1,73.0,DFM · LASSO sin AR1
dfm_lasso_sin_ar1,2,"PMS segmentos | Brasil | Índice de receita nominal de serviços | 6. Serviços audiovisuais, de edição e agências de notícias | PMS - Número-índice (2022=100)",real,6.329113924050633,0.0007982994358738,0.0008947012593995,0.0122522811023863,80.0,2025-T4,74.0,DFM · LASSO sin AR1
dfm_lasso_sin_ar1,2,ipca: variacion mensual pct,real,13.924050632911392,0.000724560895928,0.0007989677163133,0.0007659138747198,36.36363636363637,2010-T1,75.0,DFM · LASSO sin AR1
dfm_lasso_sin_ar1,2,deuda publica federal: indice precios miles millones brl,financiero,1.2658227848101269,0.0006880542925616,-0.0543562891123675,-0.0543562891123676,0.0,2009-T2,76.0,DFM · LASSO sin AR1
dfm_lasso_sin_ar1,2,"PIM-PF grupos y clases | Brasil | 17.4 Fabricação de produtos diversos de papel, cartolina, papel-cartão e papelão ondulado | PIMPF - Número-índice (2022=100)",real,2.5316455696202533,0.000676392970691,0.0267175223422972,-0.0160724945114186,50.0,2012-T1,77.0,DFM · LASSO sin AR1
dfm_lasso_sin_ar1,2,PIM-PF categorias economicas | Brasil | 270 Peças e acessórios para bens de capital | PIMPF - Número-índice (2022=100),real,5.063291139240507,0.0006230331647948,-0.0047359412778312,0.0051144534826001,50.0,2013-T3,78.0,DFM · LASSO sin AR1
dfm_lasso_sin_ar1,2,PIM-PF categorias economicas | Brasil | 2 Bens intermediários | PIMPF - Número-índice (2022=100),real,2.5316455696202533,0.0005926933946661,-0.0234113890893137,0.0234113890893137,100.0,2021-T1,79.0,DFM · LASSO sin AR1
dfm_lasso_sin_ar1,2,PMS total | Brasil | Índice de receita nominal de serviços | PMS - Número-índice (2022=100),real,2.5316455696202533,0.0005059339421949,0.0199843907166997,-0.0199843907166997,0.0,2026-T2,80.0,DFM · LASSO sin AR1
dfm_lasso_sin_ar1,2,PIM-PF grupos y clases | Brasil | 20.14 Fabricação de gases industriais | PIMPF - Número-índice (2022=100),real,12.658227848101266,0.0005000687493729,-0.000481233684746,0.0012052375215543,50.0,2021-T2,81.0,DFM · LASSO sin AR1
dfm_lasso_sin_ar1,2,"PIM-PF categorias economicas | Brasil | 210 Alimentos e bebidas básicos, destinados principalmente à indústria | PIMPF - Número-índice (2022=100)",real,1.2658227848101269,0.0004713811231651,-0.0372391087300432,0.0372391087300432,100.0,2012-T1,82.0,DFM · LASSO sin AR1
dfm_lasso_sin_ar1,2,balanza pagos: servicios gobierno millones usd,externo,2.5316455696202533,0.0004543353634721,0.017946246857148,-0.0038277276490863,50.0,2006-T2,83.0,DFM · LASSO sin AR1
dfm_lasso_sin_ar1,2,"PMS actividades | Brasil | Índice de receita nominal de serviços | 4. Transportes, serviços auxiliares aos transportes e correio | PMS - Número-índice (2022=100)",real,1.2658227848101269,0.0004468206750204,0.0352988333266131,0.0352988333266131,100.0,2025-T1,84.0,DFM · LASSO sin AR1
dfm_lasso_sin_ar1,2,PMS actividades | Brasil | Índice de volume de serviços | 3.2 Serviços administrativos e complementares | PMS - Número-índice (2022=100),real,2.5316455696202533,0.000442455193911,-0.017476980159485,-0.0138034118905927,50.0,2023-T1,85.0,DFM · LASSO sin AR1
dfm_lasso_sin_ar1,2,PIM-PF grupos y clases | Brasil | 23.9 Aparelhamento de pedras e fabricação de outros produtos de minerais não metálicos | PIMPF - Número-índice (2022=100),real,1.2658227848101269,0.0004343690390588,0.0343151540856478,-0.0343151540856478,0.0,2013-T3,86.0,DFM · LASSO sin AR1
dfm_lasso_sin_ar1,2,Licenciamento Nacionais - Veículos comerciais leves - montados - qde.,real,2.5316455696202533,0.0004152022172715,0.0164004875822273,0.0164004875822273,100.0,2024-T1,87.0,DFM · LASSO sin AR1
dfm_lasso_sin_ar1,2,PMC actividades complementarias | Brasil | Índice de receita nominal de vendas no comércio varejista | Combustíveis e lubrificantes | PMC - Número-índice (2022=100),real,8.860759493670885,0.0004132983541978,-0.0007820385437498,0.0020052452517491,57.14285714285714,2013-T3,88.0,DFM · LASSO sin AR1
dfm_lasso_sin_ar1,2,base monetaria: valor,financiero,3.79746835443038,0.0004111902305702,-0.0108280094050154,-0.0108280094050154,0.0,2009-T2,89.0,DFM · LASSO sin AR1
dfm_lasso_sin_ar1,2,"PMS actividades | Brasil | Índice de receita nominal de serviços | 2.2 Serviços audiovisuais, de edição e agências de notícias | PMS - Número-índice (2022=100)",real,3.79746835443038,0.0003822556902476,-0.0094646498691562,0.0094646498691562,66.66666666666666,2025-T4,90.0,DFM · LASSO sin AR1
dfm_lasso_sin_ar1,2,PMS segmentos | Brasil | Índice de receita nominal de serviços | Total | PMS - Número-índice (2022=100),real,1.2658227848101269,0.0003779271299276,0.0298562432642872,-0.0298562432642872,0.0,2026-T2,91.0,DFM · LASSO sin AR1
dfm_lasso_sin_ar1,2,base monetaria: valor,financiero,5.063291139240507,0.000376773314595,-0.0074412729632513,-0.0074412729632513,0.0,2009-T1,92.0,DFM · LASSO sin AR1
dfm_lasso_sin_ar1,2,"PIM-PF indicadores especiales | Brasil | 5.4.5 Bens de consumo semi e não duráveis por atividade - Preparação de couros e fabricação de artefatos de couro, artigos para viagem e calçados | PIMPF - Número-índice (2022=100)",real,1.2658227848101269,0.0003620209949606,-0.0285996586018925,-0.0285996586018923,0.0,2026-T1,93.0,DFM · LASSO sin AR1
dfm_lasso_sin_ar1,2,balanza pagos: derivados millones usd,externo,5.063291139240507,0.0003449080047547,-0.0060283943983461,-0.00367629103132,25.0,2009-T2,94.0,DFM · LASSO sin AR1
dfm_lasso_sin_ar1,2,"PMC comercio ampliado por actividad | Brasil | Índice de receita nominal de vendas no comércio varejista ampliado | Veículos, motocicletas, partes e peças | PMC - Número-índice (2022=100)",real,2.5316455696202533,0.000344883797411,-0.0136229099977378,-0.0136229099977378,0.0,2009-T4,95.0,DFM · LASSO sin AR1
dfm_lasso_sin_ar1,2,balanza pagos: servicios millones usd,externo,3.79746835443038,0.0003380653092584,0.008767557947165,-0.0089023864771383,0.0,2005-T3,96.0,DFM · LASSO sin AR1
dfm_lasso_sin_ar1,2,gasto publico tesouro: comprometido,fiscal,2.5316455696202533,0.0003301800606225,0.0118473011316513,0.0118473011316513,50.0,2023-T1,97.0,DFM · LASSO sin AR1
dfm_lasso_sin_ar1,2,"PIM-PF grupos y clases | Brasil | 17.2 Fabricação de papel, cartolina e papel-cartão | PIMPF - Número-índice (2022=100)",real,24.050632911392405,0.0003191991626308,0.0004361271620526,5.160892150114563e-05,52.63157894736842,2024-T1,98.0,DFM · LASSO sin AR1
dfm_lasso_sin_ar1,2,Energia elétrica - Consumo - região Sudeste (SE) - quantidade,real,3.79746835443038,0.0003166178465357,-0.0011807312606723,-0.0011807312606723,66.66666666666666,2022-T4,99.0,DFM · LASSO sin AR1
dfm_lasso_sin_ar1,2,ipp: mensual pct,real,1.2658227848101269,0.000304007339091,0.0240165797881948,0.0240165797881948,100.0,2020-T4,100.0,DFM · LASSO sin AR1
dfm_lasso_sin_ar1,2,gasto publico tesouro: dotacion actualizada,fiscal,1.2658227848101269,0.0003035175178153,-0.0239778839074129,0.0239778839074129,100.0,2022-T1,101.0,DFM · LASSO sin AR1
dfm_lasso_sin_ar1,2,gasto publico tesouro: comprometido,fiscal,1.2658227848101269,0.0002800403716897,0.0221231893634872,-0.0221231893634872,0.0,2020-T3,102.0,DFM · LASSO sin AR1
dfm_lasso_sin_ar1,2,PIM-PF categorias economicas | Brasil | 311 Bens de consumo duráveis - exceto automóveis para passageiros e equipamentos de transporte não industrial | PIMPF - Número-índice (2022=100),real,1.2658227848101269,0.0002708070183352,-0.0213937544484883,0.0213937544484883,100.0,2013-T3,103.0,DFM · LASSO sin AR1
dfm_lasso_sin_ar1,2,PIM-PF grupos y clases | Brasil | 14.2 Fabricação de artigos de malharia e tricotagem | PIMPF - Número-índice (2022=100),real,1.2658227848101269,0.0002696272944135,0.0213005562586739,0.0213005562586739,100.0,2025-T1,104.0,DFM · LASSO sin AR1
dfm_lasso_sin_ar1,2,credito sgs: valor,financiero,7.594936708860759,0.0002667854584638,0.003187589679113,-0.0014437169882576,33.33333333333333,2010-T3,105.0,DFM · LASSO sin AR1
dfm_lasso_sin_ar1,2,Geração de energia elétrica - hidráulica: quantidade,real,6.329113924050633,0.0002554390034821,-0.0003481304249195,0.0040359362550173,80.0,2007-T4,106.0,DFM · LASSO sin AR1
dfm_lasso_sin_ar1,2,gasto publico tesouro: devengado,fiscal,1.2658227848101269,0.0002547906312116,0.0201284598657217,0.0201284598657217,100.0,2019-T2,107.0,DFM · LASSO sin AR1
dfm_lasso_sin_ar1,2,Exportações - veículos comerciais leves - montados - qde.,real,5.063291139240507,0.0002430180504764,0.0047310460875669,0.0018070517847721,25.0,2009-T2,108.0,DFM · LASSO sin AR1
dfm_lasso_sin_ar1,2,ibc br: mensual agropecuaria sin ajuste pct,real,6.329113924050633,0.0002149837103932,-0.0025022434189747,0.0033639201102483,80.0,2022-T1,109.0,DFM · LASSO sin AR1
dfm_lasso_sin_ar1,2,"PIM-PF grupos y clases | Brasil | 10.11 Abate de reses, exceto suínos | PIMPF - Número-índice (2022=100)",real,6.329113924050633,0.0002147601536798,-0.0033932104281416,0.002149029848261,60.0,2021-T1,110.0,DFM · LASSO sin AR1
dfm_lasso_sin_ar1,2,ibc br: indice agropecuaria sin ajuste,real,5.063291139240507,0.0002142131647868,-0.0005236505902795,0.0042307100045399,100.0,2021-T2,111.0,DFM · LASSO sin AR1
dfm_lasso_sin_ar1,2,PIM-PF indicadores especiales | Brasil | 3.1 Embalagens de vidro | PIMPF - Número-índice (2022=100),real,6.329113924050633,0.0002043558288393,0.0010353292561572,0.0017190632713776,80.0,2020-T4,112.0,DFM · LASSO sin AR1
dfm_lasso_sin_ar1,2,gasto publico tesouro: devengado,fiscal,8.860759493670885,0.0002042747106579,-0.002305386020283,-0.0004362484642967,42.85714285714285,2019-T2,113.0,DFM · LASSO sin AR1
dfm_lasso_sin_ar1,2,"PIM-PF grupos y clases | Brasil | 10.42 Fabricação de óleos vegetais refinados, exceto óleo de milho | PIMPF - Número-índice (2022=100)",real,1.2658227848101269,0.0001987541449495,-0.0157015774510181,0.015701577451018,100.0,2012-T1,114.0,DFM · LASSO sin AR1
dfm_lasso_sin_ar1,2,base monetaria: valor,financiero,5.063291139240507,0.0001845218081558,-0.0036404039296495,0.0034400668289129,75.0,2006-T2,115.0,DFM · LASSO sin AR1
dfm_lasso_sin_ar1,2,comex stat: exportaciones totales fob usd,externo,5.063291139240507,0.0001835671375391,-0.0034906617249545,0.001087083271254,75.0,2006-T2,116.0,DFM · LASSO sin AR1
dfm_lasso_sin_ar1,2,balanza pagos: renta cartera intereses domestico millones usd,externo,3.79746835443038,0.0001829767945007,0.0001437506120427,-0.0034022547126268,0.0,2021-T1,117.0,DFM · LASSO sin AR1
dfm_lasso_sin_ar1,2,PMC comercio ampliado por actividad | Brasil | Índice de receita nominal de vendas no comércio varejista ampliado | Hipermercados e supermercados | PMC - Número-índice (2022=100),real,8.860759493670885,0.0001825108773351,0.0006536054637422,0.0006581634707444,42.85714285714285,2009-T2,118.0,DFM · LASSO sin AR1
dfm_lasso_sin_ar1,2,ibc br: tres meses industria sin ajuste pct,real,7.594936708860759,0.0001804462667825,0.001150889763691,-0.0003237274949684,66.66666666666666,2025-T2,119.0,DFM · LASSO sin AR1
dfm_lasso_sin_ar1,2,PIM-PF indicadores especiales | Brasil | 5.1.5 Bens de capital por atividade - Outros equipamentos de transporte | PIMPF - Número-índice (2022=100),real,5.063291139240507,0.00016744596015,0.0033070577129641,0.0012195442717492,75.0,2022-T2,120.0,DFM · LASSO sin AR1
dfm_lasso_sin_ar1,2,Licenciamento Importados - Autoveículos - montados - qde.,real,6.329113924050633,0.0001670625800305,0.0018681508209104,0.0002909883979312,40.0,2010-T1,121.0,DFM · LASSO sin AR1
dfm_lasso_sin_ar1,2,Indicadores Industriais - pessoal empregado - indústria - índice (média 2006 = 100),real,1.2658227848101269,0.0001669536701515,-0.0131893399419746,0.0131893399419746,100.0,2012-T1,122.0,DFM · LASSO sin AR1
dfm_lasso_sin_ar1,2,gasto publico tesouro: restos pagados,fiscal,1.2658227848101269,0.0001613437548404,-0.012746156632396,-0.0127461566323959,0.0,2019-T2,123.0,DFM · LASSO sin AR1
dfm_lasso_sin_ar1,2,empleo pnadc: ocupados miles,real,1.2658227848101269,0.0001569672554039,-0.0124004131769117,0.0124004131769117,100.0,2020-T3,124.0,DFM · LASSO sin AR1
dfm_lasso_sin_ar1,2,base monetaria: valor,financiero,2.5316455696202533,0.0001513679151337,-0.0058201333462349,-0.0058201333462349,50.0,2009-T2,125.0,DFM · LASSO sin AR1
dfm_lasso_sin_ar1,2,balanza pagos: servicios personales millones usd,externo,2.5316455696202533,0.0001511269252177,-0.0059695135461024,-0.0059695135461024,0.0,2007-T4,126.0,DFM · LASSO sin AR1
dfm_lasso_sin_ar1,2,"PIM-PF categorias economicas | Brasil | 220 Alimentos e bebidas elaborados, destinados principalmente à indústria | PIMPF - Número-índice (2022=100)",real,1.2658227848101269,0.0001493120410228,-0.0117956512408073,0.0117956512408072,100.0,2012-T1,127.0,DFM · LASSO sin AR1
dfm_lasso_sin_ar1,2,gasto publico tesouro: devengado,fiscal,5.063291139240507,0.0001470211376394,-0.0003126018758088,0.000591483296006,50.0,2020-T4,128.0,DFM · LASSO sin AR1
dfm_lasso_sin_ar1,2,gasto publico tesouro: comprometido,fiscal,5.063291139240507,0.0001436483220916,-0.0009214567453582,0.0024029003020864,75.0,2020-T3,129.0,DFM · LASSO sin AR1
dfm_lasso_sin_ar1,2,PIM-PF grupos y clases | Brasil | 10.7 Fabricação e refino de açúcar | PIMPF - Número-índice (2022=100),real,2.5316455696202533,0.0001399771712418,0.0051929339307384,0.0051929339307384,50.0,2012-T2,130.0,DFM · LASSO sin AR1
dfm_lasso_sin_ar1,2,PIM-PF grupos y clases | Brasil | 26.1 Fabricação de componentes eletrônicos | PIMPF - Número-índice (2022=100),real,3.79746835443038,0.0001383511612075,-0.0036432472451312,-0.0022448454555601,66.66666666666666,2021-T3,131.0,DFM · LASSO sin AR1
dfm_lasso_sin_ar1,2,Produção - gás natural - média - quantidade,real,1.2658227848101269,0.0001247638049556,-0.0098563405914984,0.0098563405914984,100.0,2006-T2,132.0,DFM · LASSO sin AR1
dfm_lasso_sin_ar1,2,ibc br: mensual industria sin ajuste pct,real,11.39240506329114,0.0001183120639324,-8.393013828797115e-05,0.0007747650297591,88.88888888888889,2018-T2,133.0,DFM · LASSO sin AR1
dfm_lasso_sin_ar1,2,SINAPI costes de construccion | Brasil | Custo médio m² - número-índice,real,1.2658227848101269,0.0001178605428626,-0.0093109828861513,-0.0093109828861512,0.0,2009-T2,134.0,DFM · LASSO sin AR1
dfm_lasso_sin_ar1,2,PIM-PF grupos y clases | Brasil | 27.59 Fabricação de aparelhos eletrodomésticos não especificados anteriormente | PIMPF - Número-índice (2022=100),real,3.79746835443038,0.0001152389742396,0.0015084223742493,0.0010390004420594,33.33333333333333,2012-T3,135.0,DFM · LASSO sin AR1
dfm_lasso_sin_ar1,2,balanza pagos: servicios construccion millones usd,externo,3.79746835443038,0.0001091006703846,0.0027328428261303,0.0021723245646951,33.33333333333333,2012-T2,136.0,DFM · LASSO sin AR1
dfm_lasso_sin_ar1,2,gasto publico tesouro: pagado ejercicio,fiscal,1.2658227848101269,0.000104233568115,0.0082344518810896,-0.0082344518810896,0.0,2022-T1,137.0,DFM · LASSO sin AR1
dfm_lasso_sin_ar1,2,gasto publico tesouro: comprometido,fiscal,1.2658227848101269,0.0001025953874409,0.0081050356078357,0.0081050356078358,100.0,2026-T1,138.0,DFM · LASSO sin AR1
dfm_lasso_sin_ar1,2,PMS segmentos | Brasil | Índice de receita nominal de serviços | 9. Serviços de apoio às atividades empresariais | PMS - Número-índice (2022=100),real,1.2658227848101269,9.93376590679974e-05,0.0078476750663717,0.0078476750663718,100.0,2026-T1,139.0,DFM · LASSO sin AR1
dfm_lasso_sin_ar1,2,gasto publico tesouro: comprometido,fiscal,1.2658227848101269,9.74142699079957e-05,0.0076957273227316,-0.0076957273227316,0.0,2023-T3,140.0,DFM · LASSO sin AR1
dfm_lasso_sin_ar1,2,gasto publico tesouro: pagos totales,fiscal,1.2658227848101269,9.45150849380436e-05,-0.0074666917101054,-0.0074666917101055,0.0,2019-T2,141.0,DFM · LASSO sin AR1
dfm_lasso_sin_ar1,2,gasto publico tesouro: restos pagados,fiscal,6.329113924050633,9.021402154051956e-05,0.0014253815403402,-7.706764784041198e-05,40.0,2019-T2,142.0,DFM · LASSO sin AR1
dfm_lasso_sin_ar1,2,gasto publico tesouro: dotacion inicial,fiscal,1.2658227848101269,9.002336475684313e-05,0.0071118458157906,0.0071118458157906,100.0,2025-T1,143.0,DFM · LASSO sin AR1
dfm_lasso_sin_ar1,2,credito sgs: valor,financiero,12.658227848101266,8.988188328523398e-05,-0.0003882776565075,0.0002163211993639,50.0,2020-T3,144.0,DFM · LASSO sin AR1
dfm_lasso_sin_ar1,2,PIM-PF grupos y clases | Brasil | 20.1 Fabricação de produtos químicos inorgânicos | PIMPF - Número-índice (2022=100),real,2.5316455696202533,8.71221938618288e-05,-0.0034413266575422,0.0024363053989279,50.0,2020-T3,145.0,DFM · LASSO sin AR1
dfm_lasso_sin_ar1,2,base monetaria: valor,financiero,1.2658227848101269,7.83546875398688e-05,0.0061900203156496,-0.0061900203156497,0.0,2006-T2,146.0,DFM · LASSO sin AR1
dfm_lasso_sin_ar1,2,gasto publico tesouro: restos pagados,fiscal,1.2658227848101269,7.481064193204308e-05,0.0059100407126314,0.0059100407126314,100.0,2026-T1,147.0,DFM · LASSO sin AR1
dfm_lasso_sin_ar1,2,ipca: variacion mensual pct,real,1.2658227848101269,7.240656169780876e-05,0.0057201183741268,0.0057201183741268,100.0,2007-T4,148.0,DFM · LASSO sin AR1
dfm_lasso_sin_ar1,2,balanza pagos: errores omisiones millones usd,externo,1.2658227848101269,7.0646692225669e-05,0.0055810886858278,0.0055810886858278,100.0,2009-T2,149.0,DFM · LASSO sin AR1
dfm_lasso_sin_ar1,2,gasto publico tesouro: pagos totales,fiscal,1.2658227848101269,6.811957142390266e-05,-0.0053814461424883,0.0053814461424883,100.0,2023-T3,150.0,DFM · LASSO sin AR1
dfm_lasso_sin_ar1,2,PIM-PF grupos y clases | Brasil | 19.3 Fabricação de biocombustíveis | PIMPF - Número-índice (2022=100),real,5.063291139240507,6.317214580936692e-05,-0.000774251530973,0.001085742604506,75.0,2013-T3,151.0,DFM · LASSO sin AR1
dfm_lasso_sin_ar1,2,gasto publico tesouro: dotacion actualizada,fiscal,8.860759493670885,5.845663043723808e-05,0.000384372872245,2.0530193833642345e-05,28.57142857142857,2022-T2,152.0,DFM · LASSO sin AR1
dfm_lasso_sin_ar1,2,empleo pnadc: ingreso real brl,real,1.2658227848101269,5.460513651111266e-05,0.0043138057843779,-0.0043138057843779,0.0,2021-T1,153.0,DFM · LASSO sin AR1
dfm_lasso_sin_ar1,2,gasto publico tesouro: comprometido,fiscal,1.2658227848101269,5.2942174253448085e-05,-0.0041824317660223,-0.0041824317660223,0.0,2026-T1,154.0,DFM · LASSO sin AR1
dfm_lasso_sin_ar1,2,gasto publico tesouro: pagado ejercicio,fiscal,1.2658227848101269,5.0984226692792574e-05,-0.0040277539087306,-0.0040277539087305,0.0,2026-T1,155.0,DFM · LASSO sin AR1
dfm_lasso_sin_ar1,2,gasto publico tesouro: dotacion actualizada,fiscal,2.5316455696202533,5.072652853106162e-05,-0.0020036978769769,-0.0012867496778748,50.0,2025-T1,156.0,DFM · LASSO sin AR1
dfm_lasso_sin_ar1,2,base monetaria: valor,financiero,6.329113924050633,4.907335648606223e-05,0.000687207712541,-0.0001228607813559,40.0,2006-T2,157.0,DFM · LASSO sin AR1
dfm_lasso_sin_ar1,2,selic tasas: selic efectiva media pct anual,real,3.79746835443038,4.710223907231187e-05,-0.0010148917440465,0.0009780863586268,33.33333333333333,2006-T2,158.0,DFM · LASSO sin AR1
dfm_lasso_sin_ar1,2,gasto publico tesouro: dotacion actualizada,fiscal,1.2658227848101269,4.583381344095458e-05,0.0036208712618354,0.0036208712618354,100.0,2025-T1,159.0,DFM · LASSO sin AR1
dfm_lasso_sin_ar1,2,Energia elétrica - consumo - região Centro-Oeste (CO) - quantidade,real,2.5316455696202533,4.284626333281551e-05,-0.0016556862668301,0.0016924274016462,100.0,2005-T3,160.0,DFM · LASSO sin AR1
dfm_lasso_sin_ar1,2,gasto publico tesouro: restos pagados,fiscal,1.2658227848101269,3.93190531776002e-05,0.0031062052010304,0.0031062052010304,100.0,2022-T4,161.0,DFM · LASSO sin AR1
dfm_lasso_sin_ar1,2,gasto publico tesouro: comprometido,fiscal,6.329113924050633,3.873340524826182e-05,0.0005475605757119,0.0002674149282228,60.0,2023-T1,162.0,DFM · LASSO sin AR1
dfm_lasso_sin_ar1,2,balanza pagos: otras inversiones millones usd,externo,2.5316455696202533,3.1093354092165896e-05,-1.111461431302363e-05,1.111461431302363e-05,50.0,2021-T1,163.0,DFM · LASSO sin AR1
dfm_lasso_sin_ar1,2,ipca: variacion mensual pct,real,1.2658227848101269,3.07439223217089e-05,-0.002428769863415,0.0024287698634148,100.0,2012-T1,164.0,DFM · LASSO sin AR1
dfm_lasso_sin_ar1,2,ipca: variacion mensual pct,real,1.2658227848101269,3.070829471883257e-05,-0.0024259552827877,-0.0024259552827876,0.0,2026-T1,165.0,DFM · LASSO sin AR1
dfm_lasso_sin_ar1,2,"PMC comercio ampliado por actividad | Brasil | Índice de volume de vendas no comércio varejista ampliado | Equipamentos e materiais para escritório, informática e comunicação | PMC - Número-índice (2022=100)",real,3.79746835443038,3.063990241423654e-05,-0.0001008410197981,-0.000328896845235,33.33333333333333,2012-T2,166.0,DFM · LASSO sin AR1
dfm_lasso_sin_ar1,2,gasto publico tesouro: restos pagados,fiscal,1.2658227848101269,3.0467683276033065e-05,0.0024069469788066,0.0024069469788066,100.0,2022-T2,167.0,DFM · LASSO sin AR1
dfm_lasso_sin_ar1,2,gasto publico tesouro: pagos totales,fiscal,1.2658227848101269,3.045370636169548e-05,0.0024058428025739,-0.0024058428025739,0.0,2022-T1,168.0,DFM · LASSO sin AR1
dfm_lasso_sin_ar1,2,gasto publico tesouro: devengado,fiscal,1.2658227848101269,2.745744693270329e-05,0.0021691383076835,0.0021691383076836,100.0,2026-T1,169.0,DFM · LASSO sin AR1
dfm_lasso_sin_ar1,2,PMS segmentos | Brasil | Índice de volume de serviços | 13. Transporte aquaviário | PMS - Número-índice (2022=100),real,1.2658227848101269,2.7139615891924173e-05,0.002144029655462,0.002144029655462,100.0,2022-T2,170.0,DFM · LASSO sin AR1
dfm_lasso_sin_ar1,2,balanza pagos: renta cartera dividendos millones usd,externo,1.2658227848101269,2.615057397729231e-05,-0.002065895344206,0.002065895344206,100.0,2015-T1,171.0,DFM · LASSO sin AR1
dfm_lasso_sin_ar1,2,PIM-PF grupos y clases | Brasil | 25.91 Fabricação de embalagens metálicas | PIMPF - Número-índice (2022=100),real,1.2658227848101269,2.5298376705904765e-05,-0.0019985717597664,0.0019985717597664,100.0,2021-T1,172.0,DFM · LASSO sin AR1
dfm_lasso_sin_ar1,2,base monetaria: valor,financiero,1.2658227848101269,2.514105543213705e-05,-0.0019861433791388,0.0019861433791388,100.0,2015-T1,173.0,DFM · LASSO sin AR1
dfm_lasso_sin_ar1,2,"PIM-PF grupos y clases | Brasil | 16.2 Fabricação de produtos de madeira, cortiça e material trançado, exceto móveis | PIMPF - Número-índice (2022=100)",real,1.2658227848101269,2.462729770867346e-05,-0.0019455565189852,-0.0019455565189852,0.0,2015-T4,174.0,DFM · LASSO sin AR1
dfm_lasso_sin_ar1,2,balanza pagos: renta reservas millones usd,externo,2.5316455696202533,2.4187890495794952e-05,0.0009554216745839,6.370559981444535e-05,50.0,2005-T2,175.0,DFM · LASSO sin AR1
dfm_lasso_sin_ar1,2,Geração de energia elétrica - termo nuclear: quantidade,real,5.063291139240507,2.35423488905678e-05,4.50082504399596e-06,4.50082504399596e-06,50.0,2015-T4,176.0,DFM · LASSO sin AR1
dfm_lasso_sin_ar1,2,ipp: mensual pct,real,1.2658227848101269,2.186816143329935e-05,0.0017275847532306,-0.0017275847532306,0.0,2021-T1,177.0,DFM · LASSO sin AR1
dfm_lasso_sin_ar1,2,gasto publico tesouro: pagado ejercicio,fiscal,1.2658227848101269,2.1679371654277686e-05,0.0017126703606879,0.001712670360688,100.0,2023-T1,178.0,DFM · LASSO sin AR1
dfm_lasso_sin_ar1,2,gasto publico tesouro: devengado,fiscal,1.2658227848101269,2.1679371654268552e-05,0.0017126703606872,0.0017126703606871,100.0,2023-T1,179.0,DFM · LASSO sin AR1
dfm_lasso_sin_ar1,2,Indicadores Industriais - utilização da capacidade instalada - indústria - índice (média 2006 = 100),real,1.2658227848101269,2.105827302183365e-05,-0.0016636035687248,-0.0016636035687247,0.0,2012-T2,180.0,DFM · LASSO sin AR1
dfm_lasso_sin_ar1,2,"PIM-PF grupos y clases | Brasil | 17.3 Fabricação de embalagens de papel, cartolina, papel-cartão e papelão ondulado | PIMPF - Número-índice (2022=100)",real,2.5316455696202533,1.85959648417005e-05,0.0001113670051322,0.0007345406112471,100.0,2020-T4,181.0,DFM · LASSO sin AR1
dfm_lasso_sin_ar1,2,Exportações - ônibus - montados - qde.,real,1.2658227848101269,1.8177870001893687e-05,0.0014360517301496,0.0014360517301494,100.0,2009-T2,182.0,DFM · LASSO sin AR1
dfm_lasso_sin_ar1,2,gasto publico tesouro: pagado ejercicio,fiscal,2.5316455696202533,1.5652352077659187e-05,-0.0006182679070675,0.0004597211727728,50.0,2016-T3,183.0,DFM · LASSO sin AR1
dfm_lasso_sin_ar1,2,gasto publico tesouro: pagos totales,fiscal,2.5316455696202533,1.5633616654544716e-05,0.0006175278578545,-0.0004513105824359,50.0,2016-T3,184.0,DFM · LASSO sin AR1
dfm_lasso_sin_ar1,2,gasto publico tesouro: comprometido,fiscal,1.2658227848101269,1.4395596606768588e-05,0.0011372521319347,-0.0011372521319347,0.0,2023-T3,185.0,DFM · LASSO sin AR1
dfm_lasso_sin_ar1,2,LSPA estimativas mensuales | Brasil | 1.14 Mamona | Área plantada,real,7.594936708860759,1.4039869881879582e-05,-4.393638617522973e-06,0.0001690629576734,66.66666666666666,2023-T1,186.0,DFM · LASSO sin AR1
dfm_lasso_sin_ar1,2,gasto publico tesouro: devengado,fiscal,1.2658227848101269,1.4025203255100302e-05,0.0011079910571529,0.0011079910571529,100.0,2022-T4,187.0,DFM · LASSO sin AR1
dfm_lasso_sin_ar1,2,consumo mensual ibge: indice original,real,2.5316455696202533,1.3405248299560328e-05,0.0005295073078326,0.0001874235696772,50.0,2015-T4,188.0,DFM · LASSO sin AR1
dfm_lasso_sin_ar1,2,LSPA estimativas mensuales | Brasil | 21 Mandioca | Área plantada,real,1.2658227848101269,1.298886302925881e-05,0.0010261201793114,0.0010261201793114,100.0,2022-T4,189.0,DFM · LASSO sin AR1
dfm_lasso_sin_ar1,2,gasto publico tesouro: restos pagados,fiscal,1.2658227848101269,1.1693078559696405e-05,-0.000923753206216,-0.0009237532062159,0.0,2019-T2,190.0,DFM · LASSO sin AR1
dfm_lasso_sin_ar1,2,balanza pagos: servicios seguros millones usd,externo,1.2658227848101269,1.0993228085415465e-05,-0.0008684650187478,-0.0008684650187478,0.0,2015-T4,191.0,DFM · LASSO sin AR1
dfm_lasso_sin_ar1,2,gasto publico tesouro: pagado ejercicio,fiscal,1.2658227848101269,1.0974639757490746e-05,-0.0008669965408417,-0.0008669965408417,0.0,2022-T2,192.0,DFM · LASSO sin AR1
dfm_lasso_sin_ar1,2,gasto publico tesouro: devengado,fiscal,1.2658227848101269,1.079820367390086e-05,-0.0008530580902381,-0.0008530580902381,0.0,2022-T2,193.0,DFM · LASSO sin AR1
dfm_lasso_sin_ar1,2,PMS segmentos | Brasil | Índice de receita nominal de serviços | 13. Transporte aquaviário | PMS - Número-índice (2022=100),real,1.2658227848101269,9.30227065405619e-06,0.0007348793816704,0.0007348793816704,100.0,2026-T1,194.0,DFM · LASSO sin AR1
dfm_lasso_sin_ar1,2,PMS actividades | Brasil | Índice de receita nominal de serviços | 4.2 Transporte aquaviário | PMS - Número-índice (2022=100),real,1.2658227848101269,9.302270654054083e-06,0.0007348793816702,0.0007348793816703,100.0,2026-T1,195.0,DFM · LASSO sin AR1
dfm_lasso_sin_ar1,2,Indicadores Industriais - utilização da capacidade instalada - indústria - índice dessazonalizado (média 2006 = 100),real,1.2658227848101269,8.739865684340891e-06,-0.0006904493890629,0.0006904493890629,100.0,2012-T1,196.0,DFM · LASSO sin AR1
dfm_lasso_sin_ar1,2,PMC actividades complementarias | Brasil | Índice de receita nominal de vendas no comércio varejista | Hipermercados e supermercados | PMC - Número-índice (2022=100),real,1.2658227848101269,7.69283045694379e-06,-0.0006077336060985,-0.0006077336060985,0.0,2009-T4,197.0,DFM · LASSO sin AR1
dfm_lasso_sin_ar1,2,scr indexadores: cartera activa miles millones brl,financiero,1.2658227848101269,7.595988878049251e-06,-0.0006000831213658,-0.0006000831213658,0.0,2026-T1,198.0,DFM · LASSO sin AR1
dfm_lasso_sin_ar1,2,LSPA estimativas mensuales | Brasil | 11 Cana-de-açúcar | Área plantada,real,3.79746835443038,7.494377992183558e-06,-9.531679109185212e-05,-0.0001973519537941,0.0,2019-T2,199.0,DFM · LASSO sin AR1
dfm_lasso_sin_ar1,2,gasto publico tesouro: dotacion actualizada,fiscal,1.2658227848101269,7.481982169394097e-06,0.0005910765913821,-0.0005910765913821,0.0,2020-T3,200.0,DFM · LASSO sin AR1
dfm_lasso_sin_ar1,2,gasto publico tesouro: devengado,fiscal,2.5316455696202533,7.464640448892155e-06,0.0002948532977312,0.0002948532977312,100.0,2026-T1,201.0,DFM · LASSO sin AR1
dfm_lasso_sin_ar1,2,gasto publico tesouro: dotacion actualizada,fiscal,2.5316455696202533,7.376107340828076e-06,-0.0002645597487368,0.0002913562399627,100.0,2022-T1,202.0,DFM · LASSO sin AR1
dfm_lasso_sin_ar1,2,gasto publico tesouro: restos pagados,fiscal,1.2658227848101269,7.284982738399606e-06,-0.0005755136363335,-0.0005755136363335,0.0,2019-T2,203.0,DFM · LASSO sin AR1
dfm_lasso_sin_ar1,2,gasto publico tesouro: comprometido,fiscal,1.2658227848101269,7.154317880998672e-06,0.0005651911125988,0.0005651911125988,100.0,2019-T2,204.0,DFM · LASSO sin AR1
dfm_lasso_sin_ar1,2,gasto publico tesouro: restos pagados,fiscal,1.2658227848101269,6.941697558117568e-06,-0.0005483941070912,-0.0005483941070912,0.0,2019-T2,205.0,DFM · LASSO sin AR1
dfm_lasso_sin_ar1,2,LSPA estimativas mensuales | Brasil | 7 Batata - inglesa (3ª Safra) | Área plantada,real,1.2658227848101269,5.2586467717686e-06,0.0004154330949697,-0.0004154330949697,0.0,2015-T1,206.0,DFM · LASSO sin AR1
dfm_lasso_sin_ar1,2,LSPA estimativas mensuales | Brasil | 4 Banana | Área plantada,real,1.2658227848101269,4.880139530484568e-06,-0.0003855310229082,0.0003855310229082,100.0,2022-T1,207.0,DFM · LASSO sin AR1
dfm_lasso_sin_ar1,2,S&P 500: promedio mensual del cierre diario,real,1.2658227848101269,4.29263112920513e-06,-0.0003391178592072,-0.0003391178592072,0.0,2019-T2,208.0,DFM · LASSO sin AR1
dfm_lasso_sin_ar1,2,Produção - ônibus - montados - qde.,real,1.2658227848101269,4.167739365595539e-06,0.000329251409882,0.000329251409882,100.0,2012-T3,209.0,DFM · LASSO sin AR1
dfm_lasso_sin_ar1,2,LSPA estimativas mensuales | Brasil | 1.2 Amendoim (1ª Safra) | Área plantada,real,1.2658227848101269,4.111094868446464e-06,0.0003247764946072,-0.0003247764946072,0.0,2015-T1,210.0,DFM · LASSO sin AR1
dfm_lasso_sin_ar1,2,gasto publico tesouro: comprometido,fiscal,1.2658227848101269,3.5637205559312297e-06,-0.0002815339239185,-0.0002815339239185,0.0,2022-T4,211.0,DFM · LASSO sin AR1
dfm_lasso_sin_ar1,2,deuda publica federal: otros pct,financiero,1.2658227848101269,3.002110963106686e-06,0.0002371667660854,-0.0002371667660854,0.0,2015-T1,212.0,DFM · LASSO sin AR1
dfm_lasso_sin_ar1,2,Intenção de consumo das famílias - total,real,1.2658227848101269,2.972046399300537e-06,-0.0002347916655447,-0.0002347916655447,0.0,2025-T1,213.0,DFM · LASSO sin AR1
dfm_lasso_sin_ar1,2,gasto publico tesouro: restos pagados,fiscal,2.5316455696202533,2.8339455931167235e-06,-0.0001034085207826,-0.0001034085207826,50.0,2017-T1,214.0,DFM · LASSO sin AR1
dfm_lasso_sin_ar1,2,LSPA estimativas mensuales | Brasil | 1.18 Sorgo | Área plantada,real,1.2658227848101269,2.492104046155166e-06,-0.0001968762196462,0.0001968762196462,100.0,2015-T1,215.0,DFM · LASSO sin AR1
dfm_lasso_sin_ar1,2,gasto publico tesouro: comprometido,fiscal,1.2658227848101269,2.168170977711596e-06,0.0001712855072392,-0.0001712855072392,0.0,2022-T1,216.0,DFM · LASSO sin AR1
dfm_lasso_sin_ar1,2,Produção - petróleo - média - quantidade/dia,real,1.2658227848101269,1.4332348018229025e-06,0.000113225549344,0.0001132255493438,100.0,2009-T2,217.0,DFM · LASSO sin AR1
dfm_lasso_sin_ar1,2,resultado fiscal bcb: valor,fiscal,1.2658227848101269,9.227228616287482e-07,7.289510606867111e-05,7.289510606867111e-05,100.0,2015-T4,218.0,DFM · LASSO sin AR1
dfm_lasso_sin_ar1,2,deuda publica federal: otros miles millones brl,financiero,1.2658227848101269,6.917952461374985e-07,5.465182444486239e-05,-5.465182444486239e-05,0.0,2022-T1,219.0,DFM · LASSO sin AR1
dfm_lasso_sin_ar1,2,PMS actividades | Brasil | Índice de receita nominal de serviços | 5. Outros serviços | PMS - Número-índice (2022=100),real,1.2658227848101269,6.13517512245656e-07,4.8467883467406825e-05,4.8467883467462336e-05,100.0,2019-T2,220.0,DFM · LASSO sin AR1
dfm_lasso_sin_ar1,2,"PIM-PF grupos y clases | Brasil | 28.1 Fabricação de motores, bombas, compressores e equipamentos de transmissão | PIMPF - Número-índice (2022=100)",real,1.2658227848101269,4.417729238628574e-07,3.490006098516574e-05,3.490006098516574e-05,100.0,2012-T3,221.0,DFM · LASSO sin AR1
dfm_lasso_sin_ar1,2,LSPA estimativas mensuales | Brasil | 8 Cacau | Área plantada,real,1.2658227848101269,2.68077650351864e-07,2.1178134377797253e-05,2.1178134377852764e-05,100.0,2019-T2,222.0,DFM · LASSO sin AR1
dfm_lasso_sin_ar1,2,gasto publico tesouro: restos pagados,fiscal,2.5316455696202533,2.211180887342581e-07,8.734164505003195e-06,-5.718416575317686e-06,50.0,2020-T3,223.0,DFM · LASSO sin AR1
dfm_lasso_sin_ar1,2,gasto publico tesouro: comprometido,fiscal,1.2658227848101269,2.099823481662036e-07,-1.6588605505130083e-05,1.6588605505130083e-05,100.0,2022-T1,224.0,DFM · LASSO sin AR1
dfm_lasso_sin_ar1,2,PIM-PF categorias economicas | Brasil | 325 Gasolinas para automóvel (motor spirit) | PIMPF - Número-índice (2022=100),real,1.2658227848101269,5.9371888559542455e-08,-4.690379196203853e-06,-4.690379196259364e-06,0.0,2019-T2,225.0,DFM · LASSO sin AR1
dfm_lasso_sin_ar1,2,"PMC vehiculos | Brasil | Índice de receita nominal de vendas de veículos, motocicletas, partes e peças | PMC - Número-índice (2022=100)",real,1.2658227848101269,0.0,0.0,0.0,0.0,2009-T3,226.0,DFM · LASSO sin AR1
dfm_lasso_sin_ar1,3,ibc br: tres meses servicios sin ajuste pct,real,35.44303797468354,0.1859299963223992,-0.4803440498340508,0.2721211764235084,57.14285714285714,2020-T2,1.0,DFM · LASSO sin AR1
dfm_lasso_sin_ar1,3,ibc br: tres meses sin ajuste pct,real,72.15189873417721,0.0451383528268183,-0.0415777205727205,0.0168437228077683,59.64912280701754,2014-T2,2.0,DFM · LASSO sin AR1
dfm_lasso_sin_ar1,3,Indicadores Industriais - pessoal empregado - indústria - índice dessazonalizado (média 2006 = 100),real,25.31645569620253,0.0393076738218604,0.0086990768613159,0.0114849179737008,45.0,2008-T4,3.0,DFM · LASSO sin AR1
dfm_lasso_sin_ar1,3,America Latina: indice produccion industrial,real,43.03797468354431,0.0386059321201305,0.0638824160254396,0.009451677467742,58.82352941176471,2020-T3,4.0,DFM · LASSO sin AR1
dfm_lasso_sin_ar1,3,Mundo: indice produccion industrial,real,11.39240506329114,0.0207623333279104,0.0374362596218678,-0.0597021093030348,33.33333333333333,2009-T1,5.0,DFM · LASSO sin AR1
dfm_lasso_sin_ar1,3,Produção - caminhões - montados - qde.,real,10.126582278481012,0.0169060397154435,-0.1077917247218166,0.153303133073459,75.0,2012-T1,6.0,DFM · LASSO sin AR1
dfm_lasso_sin_ar1,3,ibc br: indice sin ajuste,real,22.78481012658228,0.0167170708959998,0.0643763030315325,-0.0178552583457819,55.55555555555556,2020-T3,7.0,DFM · LASSO sin AR1
dfm_lasso_sin_ar1,3,ibc br: indice industria sin ajuste,real,12.658227848101266,0.0161712794114239,0.0973934742133823,-0.0491627311231593,60.0,2020-T3,8.0,DFM · LASSO sin AR1
dfm_lasso_sin_ar1,3,Energia elétrica - consumo - comércio - quantidade,real,21.518987341772156,0.0140128431539289,0.0402127545668287,0.0457268188851739,47.05882352941176,2024-T2,9.0,DFM · LASSO sin AR1
dfm_lasso_sin_ar1,3,PMC comercio ampliado por actividad | Brasil | Índice de receita nominal de vendas no comércio varejista ampliado | Combustíveis e lubrificantes | PMC - Número-índice (2022=100),real,12.658227848101266,0.0135095827438041,0.1030300957113874,-0.0718274105121776,60.0,2020-T3,10.0,DFM · LASSO sin AR1
dfm_lasso_sin_ar1,3,Estados Unidos: indice produccion industrial,real,26.582278481012654,0.0132793892856436,0.0085289930270744,-0.0047476866972799,47.61904761904761,2021-T4,11.0,DFM · LASSO sin AR1
dfm_lasso_sin_ar1,3,ibc br: tres meses impuestos sin ajuste pct,real,34.177215189873415,0.0112299255814446,0.0101571592958592,0.0066650160980005,48.14814814814815,2023-T4,12.0,DFM · LASSO sin AR1
dfm_lasso_sin_ar1,3,PIM-PF actividades industriales | Brasil | 3 Indústrias de transformação | PIMPF - Número-índice (2022=100),real,25.31645569620253,0.0104503818537222,-0.008451253974703,0.0237184918879013,55.00000000000001,2013-T4,13.0,DFM · LASSO sin AR1
dfm_lasso_sin_ar1,3,PIM-PF categorias economicas | Brasil | 1 Bens de capital | PIMPF - Número-índice (2022=100),real,10.126582278481012,0.0103261250957016,0.0325118905874529,-0.0229293750542811,62.5,2013-T1,14.0,DFM · LASSO sin AR1
dfm_lasso_sin_ar1,3,ibc br: tres meses ex agro sin ajuste pct,real,3.79746835443038,0.0101908262471824,-0.1626801372244155,0.0322914762294351,66.66666666666666,2016-T4,15.0,DFM · LASSO sin AR1
dfm_lasso_sin_ar1,3,"PMC actividades complementarias | Brasil | Índice de receita nominal de vendas no comércio varejista | Tecidos, vestuário e calçados | PMC - Número-índice (2022=100)",real,1.2658227848101269,0.0094203495003586,0.7442076105283366,-0.7442076105283366,0.0,2020-T3,16.0,DFM · LASSO sin AR1
dfm_lasso_sin_ar1,3,Indicador IPEA de FBCF - índice real (média 1995 = 100),real,46.83544303797469,0.0087496994036906,-0.0031177409389328,0.0067386491715197,43.24324324324324,2009-T2,17.0,DFM · LASSO sin AR1
dfm_lasso_sin_ar1,3,PIM-PF categorias economicas | Brasil | 31 Bens de consumo duráveis | PIMPF - Número-índice (2022=100),real,8.860759493670885,0.0080836976991012,-0.0250692430944304,-0.0373891221441417,42.85714285714285,2021-T3,18.0,DFM · LASSO sin AR1
dfm_lasso_sin_ar1,3,"PIM-PF actividades industriales | Brasil | 3.29 Fabricação de veículos automotores, reboques e carrocerias | PIMPF - Número-índice (2022=100)",real,7.594936708860759,0.0076205861049166,0.0528772587987445,-0.0608614714615383,33.33333333333333,2020-T3,19.0,DFM · LASSO sin AR1
dfm_lasso_sin_ar1,3,PMC comercio ampliado por actividad | Brasil | Índice de volume de vendas no comércio varejista ampliado | Combustíveis e lubrificantes | PMC - Número-índice (2022=100),real,7.594936708860759,0.0073053425743007,0.085858070087493,-0.0316571148528366,50.0,2020-T3,20.0,DFM · LASSO sin AR1
dfm_lasso_sin_ar1,3,Energia elétrica - consumo - quantidade,real,12.658227848101266,0.0071027193905581,0.018102158242091,0.0443473367602126,70.0,2024-T2,21.0,DFM · LASSO sin AR1
dfm_lasso_sin_ar1,3,"PIM-PF actividades industriales | Brasil | 3.25 Fabricação de produtos de metal, exceto máquinas e equipamentos | PIMPF - Número-índice (2022=100)",real,10.126582278481012,0.0056381871162698,0.002241052711419,0.0268603530948105,75.0,2011-T1,22.0,DFM · LASSO sin AR1
dfm_lasso_sin_ar1,3,Emplacamento de veículos - autoveículos,real,11.39240506329114,0.0053743289185327,0.0221807371695053,0.0083896034274369,55.55555555555556,2026-T2,23.0,DFM · LASSO sin AR1
dfm_lasso_sin_ar1,3,"PMC vehiculos | Brasil | Índice de volume de vendas de veículos, motocicletas, partes e peças | PMC - Número-índice (2022=100)",real,1.2658227848101269,0.0047740655974792,0.3771511822008615,0.3771511822008615,100.0,2009-T1,24.0,DFM · LASSO sin AR1
dfm_lasso_sin_ar1,3,"PMC comercio ampliado por actividad | Brasil | Índice de volume de vendas no comércio varejista ampliado | Veículos, motocicletas, partes e peças | PMC - Número-índice (2022=100)",real,1.2658227848101269,0.0047740655974792,0.3771511822008606,0.3771511822008606,100.0,2009-T1,25.0,DFM · LASSO sin AR1
dfm_lasso_sin_ar1,3,Sondagem CNI: evolucion de la produccion industrial,real,8.860759493670885,0.0042562991715029,0.0288653840238544,-0.0027812431601504,42.85714285714285,2024-T1,26.0,DFM · LASSO sin AR1
dfm_lasso_sin_ar1,3,Licenciamento Nacionais - Automóveis - montados - qde.,real,11.39240506329114,0.0042146724844967,-0.0009070419894559,0.015512444942397,55.55555555555556,2022-T2,27.0,DFM · LASSO sin AR1
dfm_lasso_sin_ar1,3,PIM-PF actividades industriales | Brasil | 3.28 Fabricação de máquinas e equipamentos | PIMPF - Número-índice (2022=100),real,12.658227848101266,0.0041867062610396,-0.006078565398667,-0.0213176385555967,40.0,2013-T1,28.0,DFM · LASSO sin AR1
dfm_lasso_sin_ar1,3,Indicadores Industriais - faturamento real - indústria - índice dessazonalizado (média 2006 = 100),real,21.518987341772156,0.0040562084600473,0.0053370230320451,0.0088253891382613,58.82352941176471,2007-T4,29.0,DFM · LASSO sin AR1
dfm_lasso_sin_ar1,3,Indicadores Industriais - horas trabalhadas - indústria - índice dessazonalizado (média 2006 = 100),real,12.658227848101266,0.0034964513832066,-0.0045111514870804,-0.0083456061537406,30.0,2009-T1,30.0,DFM · LASSO sin AR1
dfm_lasso_sin_ar1,3,PIM-PF grupos y clases | Brasil | 25.92 Fabricação de produtos de trefilados de metal | PIMPF - Número-índice (2022=100),real,10.126582278481012,0.0033678452673111,-0.0080567731448528,-0.000639761413578,25.0,2011-T1,31.0,DFM · LASSO sin AR1
dfm_lasso_sin_ar1,3,base monetaria: valor,financiero,3.79746835443038,0.0033390290813715,0.0864045087186259,-0.0862655679327702,66.66666666666666,2006-T2,32.0,DFM · LASSO sin AR1
dfm_lasso_sin_ar1,3,Licenciamento total - Caminhões - montados - qde.,real,2.5316455696202533,0.0031706518145781,0.1252407466758376,0.1252407466758376,100.0,2007-T4,33.0,DFM · LASSO sin AR1
dfm_lasso_sin_ar1,3,PIM-PF actividades industriales | Brasil | 3.23 Fabricação de produtos de minerais não metálicos | PIMPF - Número-índice (2022=100),real,10.126582278481012,0.0030890861086399,-0.0159367407373549,0.006512054354851,62.5,2011-T1,34.0,DFM · LASSO sin AR1
dfm_lasso_sin_ar1,3,PIM-PF indicadores especiales | Brasil | 6.3.3.1 Bens de consumo duráveis - Baixa intensidade | PIMPF - Número-índice (2022=100),real,6.329113924050633,0.0029864626321954,0.017291411040152,-0.0337943236591762,20.0,2025-T2,35.0,DFM · LASSO sin AR1
dfm_lasso_sin_ar1,3,Energia elétrica - consumo - indústria - quantidade,real,11.39240506329114,0.0029661046695757,0.0057031731298163,-0.0166814588698171,22.22222222222222,2005-T3,36.0,DFM · LASSO sin AR1
dfm_lasso_sin_ar1,3,selic tasas: selic meta fin mes pct anual,real,1.2658227848101269,0.0029372006878707,0.2320388543417859,-0.0291808540631661,0.0,2007-T3,37.0,DFM · LASSO sin AR1
dfm_lasso_sin_ar1,3,"PIM-PF actividades industriales | Brasil | 3.26 Fabricação de equipamentos de informática, produtos eletrônicos e ópticos | PIMPF - Número-índice (2022=100)",real,18.9873417721519,0.0028353862797937,0.0013892367053896,0.0071406173467117,66.66666666666666,2012-T2,38.0,DFM · LASSO sin AR1
dfm_lasso_sin_ar1,3,PMC comercio ampliado por actividad | Brasil | Índice de volume de vendas no comércio varejista ampliado | Móveis e eletrodomésticos | PMC - Número-índice (2022=100),real,2.5316455696202533,0.0027336296822897,0.1079783724504437,0.1079783724504437,100.0,2009-T3,39.0,DFM · LASSO sin AR1
dfm_lasso_sin_ar1,3,PIM-PF actividades industriales | Brasil | 3.14 Confecção de artigos do vestuário e acessórios | PIMPF - Número-índice (2022=100),real,7.594936708860759,0.0026676472043416,0.0180308386073615,-0.0166250103966987,33.33333333333333,2012-T1,40.0,DFM · LASSO sin AR1
dfm_lasso_sin_ar1,3,consumo mensual ibge: indice original,real,2.5316455696202533,0.0026639233579148,0.105224972637638,0.105224972637638,100.0,2009-T3,41.0,DFM · LASSO sin AR1
dfm_lasso_sin_ar1,3,credito sgs: valor,financiero,2.5316455696202533,0.0026610309301045,0.1051107217391307,0.1051107217391307,100.0,2005-T2,42.0,DFM · LASSO sin AR1
dfm_lasso_sin_ar1,3,comex stat: importaciones totales fob usd,externo,24.050632911392405,0.0025910289370097,0.003211695456521,0.0006561131567352,42.10526315789473,2007-T4,43.0,DFM · LASSO sin AR1
dfm_lasso_sin_ar1,3,PMC actividades complementarias | Brasil | Índice de receita nominal de vendas no comércio varejista | Móveis e eletrodomésticos | PMC - Número-índice (2022=100),real,8.860759493670885,0.002557659404616,-0.002939378143374,-0.0115745320046327,57.14285714285714,2009-T1,44.0,DFM · LASSO sin AR1
dfm_lasso_sin_ar1,3,PIM-PF actividades industriales | Brasil | 3.24 Metalurgia | PIMPF - Número-índice (2022=100),real,2.5316455696202533,0.0025233062875214,0.0962329646902864,0.0962329646902864,50.0,2020-T4,45.0,DFM · LASSO sin AR1
dfm_lasso_sin_ar1,3,empleo pnadc: ocupados miles,real,15.189873417721518,0.0024043496585046,0.0115864317034413,0.0056254187691875,66.66666666666666,2022-T2,46.0,DFM · LASSO sin AR1
dfm_lasso_sin_ar1,3,PIM-PF actividades industriales | Brasil | 3.32 Fabricação de produtos diversos | PIMPF - Número-índice (2022=100),real,12.658227848101266,0.0023296515170374,0.0058984244279946,0.0014949841142551,50.0,2025-T1,47.0,DFM · LASSO sin AR1
dfm_lasso_sin_ar1,3,PIM-PF grupos y clases | Brasil | 15.3 Fabricação de calçados | PIMPF - Número-índice (2022=100),real,7.594936708860759,0.0023194219591862,-0.0122145522686064,0.0140513884585261,66.66666666666666,2023-T3,48.0,DFM · LASSO sin AR1
dfm_lasso_sin_ar1,3,deuda publica federal: tasa flotante miles millones brl,financiero,8.860759493670885,0.0022828583491587,0.0053021214666011,-0.0220373999851675,14.285714285714285,2012-T1,49.0,DFM · LASSO sin AR1
dfm_lasso_sin_ar1,3,"PIM-PF grupos y clases | Brasil | 25.4 Fabricação de artigos de cutelaria, de serralheria e ferramentas | PIMPF - Número-índice (2022=100)",real,8.860759493670885,0.002123485248575,-0.0143847285718095,-0.0066597419324765,57.14285714285714,2011-T1,50.0,DFM · LASSO sin AR1
dfm_lasso_sin_ar1,3,Zona euro: indice produccion industrial,real,5.063291139240507,0.0020378345482869,0.0106771226466237,0.0106771226466237,50.0,2009-T2,51.0,DFM · LASSO sin AR1
dfm_lasso_sin_ar1,3,Energia elétrica - consumo - região Norte (N) - quantidade,real,22.78481012658228,0.0019335444573096,-0.0002353800102868,-0.0007718992385697,55.55555555555556,2009-T1,52.0,DFM · LASSO sin AR1
dfm_lasso_sin_ar1,3,consumo mensual ibge: indice original,real,2.5316455696202533,0.0018679890521918,0.0737855675615773,0.0737855675615773,100.0,2022-T3,53.0,DFM · LASSO sin AR1
dfm_lasso_sin_ar1,3,base monetaria: valor,financiero,17.72151898734177,0.0018125571448798,-0.0037955045437231,-0.0016055790308001,42.85714285714285,2011-T1,54.0,DFM · LASSO sin AR1
dfm_lasso_sin_ar1,3,PMC comercio ampliado por actividad | Brasil | Índice de receita nominal de vendas no comércio varejista ampliado | Móveis e eletrodomésticos | PMC - Número-índice (2022=100),real,6.329113924050633,0.0017021042301691,-0.0176329011569841,-0.0047445162346294,60.0,2009-T1,55.0,DFM · LASSO sin AR1
dfm_lasso_sin_ar1,3,"PIM-PF actividades industriales | Brasil | 3.27 Fabricação de máquinas, aparelhos e materiais elétricos | PIMPF - Número-índice (2022=100)",real,5.063291139240507,0.0016904222567299,-0.0100331135935028,-0.0096226919076811,25.0,2013-T4,56.0,DFM · LASSO sin AR1
dfm_lasso_sin_ar1,3,Vendas de autoveículos no mercado interno,real,1.2658227848101269,0.0016275072240302,-0.12857307069839,0.12857307069839,100.0,2026-T2,57.0,DFM · LASSO sin AR1
dfm_lasso_sin_ar1,3,PIM-PF actividades industriales | Brasil | 3.22 Fabricação de produtos de borracha e de material plástico | PIMPF - Número-índice (2022=100),real,6.329113924050633,0.0014706913725801,0.0070034043472551,0.0224378473237038,80.0,2023-T1,58.0,DFM · LASSO sin AR1
dfm_lasso_sin_ar1,3,credito sgs: valor,financiero,5.063291139240507,0.0014459318590341,0.0285571542159235,0.0084122201489534,50.0,2012-T2,59.0,DFM · LASSO sin AR1
dfm_lasso_sin_ar1,3,PIM-PF grupos y clases | Brasil | 20.3 Fabricação de resinas e elastômeros | PIMPF - Número-índice (2022=100),real,8.860759493670885,0.0014020032430475,-0.0119485646889997,-0.0041794129976226,42.85714285714285,2022-T2,60.0,DFM · LASSO sin AR1
dfm_lasso_sin_ar1,3,Licenciamento Nacionais - Caminhões - montados - qde.,real,1.2658227848101269,0.00135501670136,-0.1070463194074416,-0.1070463194074415,0.0,2012-T2,61.0,DFM · LASSO sin AR1
dfm_lasso_sin_ar1,3,PIM-PF grupos y clases | Brasil | 22.11 Fabricação de pneumáticos e de câmaras-de-ar | PIMPF - Número-índice (2022=100),real,2.5316455696202533,0.0013418565977416,-0.0405546180959337,-0.0405546180959337,50.0,2022-T4,62.0,DFM · LASSO sin AR1
dfm_lasso_sin_ar1,3,gasto publico tesouro: pagos totales,fiscal,10.126582278481012,0.0012516790366326,-0.0123603304867471,-0.0097381123152649,12.5,2021-T4,63.0,DFM · LASSO sin AR1
dfm_lasso_sin_ar1,3,PIM-PF grupos y clases | Brasil | 28.2 Fabricação de máquinas e equipamentos de uso geral | PIMPF - Número-índice (2022=100),real,1.2658227848101269,0.001202797823662,0.0950210280693055,0.0950210280693055,100.0,2025-T1,64.0,DFM · LASSO sin AR1
dfm_lasso_sin_ar1,3,PIM-PF grupos y clases | Brasil | 27.5 Fabricação de eletrodomésticos | PIMPF - Número-índice (2022=100),real,7.594936708860759,0.0012020801745676,-0.0047963882802078,0.0106422523744289,50.0,2012-T1,65.0,DFM · LASSO sin AR1
dfm_lasso_sin_ar1,3,"PIM-PF actividades industriales | Brasil | 3.15 Preparação de couros e fabricação de artefatos de couro, artigos para viagem e calçados | PIMPF - Número-índice (2022=100)",real,3.79746835443038,0.0011964205179549,-0.0249864245111957,0.009277076040961,66.66666666666666,2023-T3,66.0,DFM · LASSO sin AR1
dfm_lasso_sin_ar1,3,PIM-PF indicadores especiales | Brasil | 5.3.6 Bens de consumo duráveis por atividade - Demais atividades* | PIMPF - Número-índice (2022=100),real,3.79746835443038,0.0011342607720747,-0.0279952967250448,-0.0279952967250449,33.33333333333333,2026-T1,67.0,DFM · LASSO sin AR1
dfm_lasso_sin_ar1,3,selic tasas: selic efectiva media pct diario,real,1.2658227848101269,0.0011329028287661,0.0894993234725278,0.0894993234725278,100.0,2008-T2,68.0,DFM · LASSO sin AR1
dfm_lasso_sin_ar1,3,PIM-PF grupos y clases | Brasil | 15.1 Curtimento e outras preparações de couro | PIMPF - Número-índice (2022=100),real,3.79746835443038,0.0011282733845068,0.0123353259897669,0.0123353259897669,66.66666666666666,2010-T4,69.0,DFM · LASSO sin AR1
dfm_lasso_sin_ar1,3,balanza pagos: activos reserva millones usd,externo,6.329113924050633,0.0009726542175905,-0.0153118500153038,0.002523820615329,60.0,2013-T3,70.0,DFM · LASSO sin AR1
dfm_lasso_sin_ar1,3,ipp: indice,real,1.2658227848101269,0.0009203982459513,0.072711461430158,0.072711461430158,100.0,2022-T2,71.0,DFM · LASSO sin AR1
dfm_lasso_sin_ar1,3,gasto publico tesouro: comprometido,fiscal,1.2658227848101269,0.0008633269265435,0.0682028271969414,-0.0682028271969414,0.0,2020-T3,72.0,DFM · LASSO sin AR1
dfm_lasso_sin_ar1,3,"PMC comercio ampliado por actividad | Brasil | Índice de receita nominal de vendas no comércio varejista ampliado | Tecidos, vestuário e calçados | PMC - Número-índice (2022=100)",real,1.2658227848101269,0.0008581921930673,-0.0677971832523206,-0.0677971832523206,0.0,2021-T1,73.0,DFM · LASSO sin AR1
dfm_lasso_sin_ar1,3,PIM-PF indicadores especiales | Brasil | 1.4 Bens de Capital para construção | PIMPF - Número-índice (2022=100),real,2.5316455696202533,0.0007105220315939,0.0280656202479593,0.0254627064616238,50.0,2025-T1,74.0,DFM · LASSO sin AR1
dfm_lasso_sin_ar1,3,PMS total | Brasil | Índice de receita nominal de serviços | PMS - Número-índice (2022=100),real,2.5316455696202533,0.000594195960845,0.023470740453378,-0.023470740453378,0.0,2026-T2,75.0,DFM · LASSO sin AR1
dfm_lasso_sin_ar1,3,PIM-PF grupos y clases | Brasil | 20.14 Fabricação de gases industriais | PIMPF - Número-índice (2022=100),real,12.658227848101266,0.000545222868921,-0.0001372386356196,0.0013197337264716,70.0,2021-T2,76.0,DFM · LASSO sin AR1
dfm_lasso_sin_ar1,3,deuda publica federal: indice precios miles millones brl,financiero,1.2658227848101269,0.000544938692371,-0.0430501566973135,-0.0430501566973136,0.0,2009-T2,77.0,DFM · LASSO sin AR1
dfm_lasso_sin_ar1,3,ipca: variacion mensual pct,real,13.924050632911392,0.0005407957972474,0.0002574087579452,-0.0015951593311415,27.27272727272727,2010-T1,78.0,DFM · LASSO sin AR1
dfm_lasso_sin_ar1,3,"PMS segmentos | Brasil | Índice de receita nominal de serviços | 6. Serviços audiovisuais, de edição e agências de notícias | PMS - Número-índice (2022=100)",real,6.329113924050633,0.0005238521908096,0.0062003434752212,0.0074520965140922,80.0,2025-T1,79.0,DFM · LASSO sin AR1
dfm_lasso_sin_ar1,3,PIM-PF categorias economicas | Brasil | 270 Peças e acessórios para bens de capital | PIMPF - Número-índice (2022=100),real,5.063291139240507,0.0005232691460524,-0.0047631702473703,0.0103345656345357,100.0,2013-T3,80.0,DFM · LASSO sin AR1
dfm_lasso_sin_ar1,3,balanza pagos: servicios gobierno millones usd,externo,2.5316455696202533,0.0005226919498561,0.0206463320193162,-0.0029171026992105,50.0,2006-T2,81.0,DFM · LASSO sin AR1
dfm_lasso_sin_ar1,3,PIM-PF categorias economicas | Brasil | 2 Bens intermediários | PIMPF - Número-índice (2022=100),real,2.5316455696202533,0.0005156052922727,-0.0203664090447724,-0.0022441332124338,50.0,2021-T1,82.0,DFM · LASSO sin AR1
dfm_lasso_sin_ar1,3,"PMS actividades | Brasil | Índice de receita nominal de serviços | 4. Transportes, serviços auxiliares aos transportes e correio | PMS - Número-índice (2022=100)",real,1.2658227848101269,0.0005069462198889,0.0400487513712245,0.0400487513712245,100.0,2025-T1,83.0,DFM · LASSO sin AR1
dfm_lasso_sin_ar1,3,comex stat: exportaciones totales fob usd,externo,5.063291139240507,0.0004949915410077,0.0071719637617745,0.0097760829349029,100.0,2009-T2,84.0,DFM · LASSO sin AR1
dfm_lasso_sin_ar1,3,PMC actividades complementarias | Brasil | Índice de receita nominal de vendas no comércio varejista | Combustíveis e lubrificantes | PMC - Número-índice (2022=100),real,8.860759493670885,0.0004906386776209,0.0002577679836282,0.0052532940776874,71.42857142857143,2013-T4,85.0,DFM · LASSO sin AR1
dfm_lasso_sin_ar1,3,balanza pagos: servicios millones usd,externo,3.79746835443038,0.0004522473026755,0.0115718998231276,-0.0119091789704574,0.0,2005-T3,86.0,DFM · LASSO sin AR1
dfm_lasso_sin_ar1,3,base monetaria: valor,financiero,1.2658227848101269,0.0003922305106288,0.0309862103396829,-0.0309862103396829,0.0,2006-T2,87.0,DFM · LASSO sin AR1
dfm_lasso_sin_ar1,3,balanza pagos: derivados millones usd,externo,5.063291139240507,0.0003812767561112,-0.0065298783996739,-0.0041549921278596,25.0,2009-T2,88.0,DFM · LASSO sin AR1
dfm_lasso_sin_ar1,3,balanza pagos: errores omisiones millones usd,externo,1.2658227848101269,0.0003772314599443,0.0298012853356046,0.0298012853356046,100.0,2009-T2,89.0,DFM · LASSO sin AR1
dfm_lasso_sin_ar1,3,PMS actividades | Brasil | Índice de volume de serviços | 3.2 Serviços administrativos e complementares | PMS - Número-índice (2022=100),real,2.5316455696202533,0.000373296592474,-0.0147452154027233,-0.0100064782907808,50.0,2023-T1,90.0,DFM · LASSO sin AR1
dfm_lasso_sin_ar1,3,PMS segmentos | Brasil | Índice de receita nominal de serviços | Total | PMS - Número-índice (2022=100),real,1.2658227848101269,0.0003573809487934,0.0282330949546834,-0.0282330949546834,0.0,2026-T2,91.0,DFM · LASSO sin AR1
dfm_lasso_sin_ar1,3,base monetaria: valor,financiero,5.063291139240507,0.0003442156013447,-0.0067982581265591,-0.0067982581265591,0.0,2009-T1,92.0,DFM · LASSO sin AR1
dfm_lasso_sin_ar1,3,"PMC comercio ampliado por actividad | Brasil | Índice de receita nominal de vendas no comércio varejista ampliado | Veículos, motocicletas, partes e peças | PMC - Número-índice (2022=100)",real,2.5316455696202533,0.0003431557675873,-0.013554652819701,-0.013554652819701,0.0,2009-T4,93.0,DFM · LASSO sin AR1
dfm_lasso_sin_ar1,3,"PIM-PF categorias economicas | Brasil | 210 Alimentos e bebidas básicos, destinados principalmente à indústria | PIMPF - Número-índice (2022=100)",real,1.2658227848101269,0.0003322669349745,-0.0262490878629932,0.0262490878629932,100.0,2012-T1,94.0,DFM · LASSO sin AR1
dfm_lasso_sin_ar1,3,gasto publico tesouro: dotacion actualizada,fiscal,1.2658227848101269,0.0003271907465402,-0.0258480689766822,0.0258480689766822,100.0,2022-T1,95.0,DFM · LASSO sin AR1
dfm_lasso_sin_ar1,3,gasto publico tesouro: comprometido,fiscal,2.5316455696202533,0.0003212973064149,0.0126912436033892,0.0126912436033892,100.0,2023-T1,96.0,DFM · LASSO sin AR1
dfm_lasso_sin_ar1,3,ipp: mensual pct,real,1.2658227848101269,0.0003166633473853,0.0250164044434408,0.0250164044434408,100.0,2020-T4,97.0,DFM · LASSO sin AR1
dfm_lasso_sin_ar1,3,Licenciamento Importados - Autoveículos - montados - qde.,real,6.329113924050633,0.0003126400347739,0.003645084163962,-0.0035725433098412,40.0,2010-T3,98.0,DFM · LASSO sin AR1
dfm_lasso_sin_ar1,3,PIM-PF indicadores especiales | Brasil | 3.1 Embalagens de vidro | PIMPF - Número-índice (2022=100),real,6.329113924050633,0.0003121758594168,0.0018865551084694,0.0012816197196734,60.0,2020-T4,99.0,DFM · LASSO sin AR1
dfm_lasso_sin_ar1,3,PIM-PF grupos y clases | Brasil | 23.9 Aparelhamento de pedras e fabricação de outros produtos de minerais não metálicos | PIMPF - Número-índice (2022=100),real,1.2658227848101269,0.0003109881789361,0.0245680661359535,-0.0245680661359535,0.0,2013-T3,100.0,DFM · LASSO sin AR1
dfm_lasso_sin_ar1,3,PIM-PF grupos y clases | Brasil | 27.59 Fabricação de aparelhos eletrodomésticos não especificados anteriormente | PIMPF - Número-índice (2022=100),real,3.79746835443038,0.000305207317633,-0.0050080396339055,0.0022198665892808,66.66666666666666,2012-T1,101.0,DFM · LASSO sin AR1
dfm_lasso_sin_ar1,3,Energia elétrica - Consumo - região Sudeste (SE) - quantidade,real,3.79746835443038,0.0003040330768888,-0.0035611894060941,-0.0035611894060941,33.33333333333333,2022-T4,102.0,DFM · LASSO sin AR1
dfm_lasso_sin_ar1,3,Indicadores Industriais - pessoal empregado - indústria - índice (média 2006 = 100),real,1.2658227848101269,0.0003020307872265,-0.023860432190898,0.0238604321908979,100.0,2012-T1,103.0,DFM · LASSO sin AR1
dfm_lasso_sin_ar1,3,base monetaria: valor,financiero,3.79746835443038,0.0002958946495512,-0.007791892438184,-0.0077918924381839,0.0,2012-T2,104.0,DFM · LASSO sin AR1
dfm_lasso_sin_ar1,3,PIM-PF indicadores especiales | Brasil | 5.1.5 Bens de capital por atividade - Outros equipamentos de transporte | PIMPF - Número-índice (2022=100),real,5.063291139240507,0.0002869621113206,0.0046774241318701,0.003867494421201,50.0,2022-T2,105.0,DFM · LASSO sin AR1
dfm_lasso_sin_ar1,3,"PIM-PF grupos y clases | Brasil | 17.4 Fabricação de produtos diversos de papel, cartolina, papel-cartão e papelão ondulado | PIMPF - Número-índice (2022=100)",real,2.5316455696202533,0.0002852125927421,0.0097016826399729,-0.0112658974133162,0.0,2012-T1,106.0,DFM · LASSO sin AR1
dfm_lasso_sin_ar1,3,"PIM-PF grupos y clases | Brasil | 17.2 Fabricação de papel, cartolina e papel-cartão | PIMPF - Número-índice (2022=100)",real,24.050632911392405,0.0002632560883324,0.0001936466944066,4.104604394644662e-05,57.89473684210527,2024-T1,107.0,DFM · LASSO sin AR1
dfm_lasso_sin_ar1,3,credito sgs: valor,financiero,7.594936708860759,0.0002503264966959,0.0024709564114597,-0.0010184454631189,50.0,2010-T3,108.0,DFM · LASSO sin AR1
dfm_lasso_sin_ar1,3,Licenciamento Nacionais - Veículos comerciais leves - montados - qde.,real,2.5316455696202533,0.0002483701032466,0.0030384463984122,0.0030384463984122,50.0,2022-T3,109.0,DFM · LASSO sin AR1
dfm_lasso_sin_ar1,3,PIM-PF categorias economicas | Brasil | 311 Bens de consumo duráveis - exceto automóveis para passageiros e equipamentos de transporte não industrial | PIMPF - Número-índice (2022=100),real,1.2658227848101269,0.0002426809920179,-0.0191717983694187,0.0191717983694187,100.0,2013-T3,110.0,DFM · LASSO sin AR1
dfm_lasso_sin_ar1,3,ibc br: mensual agropecuaria sin ajuste pct,real,6.329113924050633,0.0002350985092877,-0.0025814289500846,0.0030965271365961,60.0,2022-T1,111.0,DFM · LASSO sin AR1
dfm_lasso_sin_ar1,3,PIM-PF grupos y clases | Brasil | 26.1 Fabricação de componentes eletrônicos | PIMPF - Número-índice (2022=100),real,3.79746835443038,0.0002200477851771,0.0004254690747214,-0.0057945916763308,0.0,2022-T1,112.0,DFM · LASSO sin AR1
dfm_lasso_sin_ar1,3,base monetaria: valor,financiero,2.5316455696202533,0.0002193927671767,-0.0086518038839128,-0.0086518038839128,50.0,2009-T2,113.0,DFM · LASSO sin AR1
dfm_lasso_sin_ar1,3,Exportações - veículos comerciais leves - montados - qde.,real,5.063291139240507,0.0002183047655656,0.0023140561231742,0.0018847163031829,50.0,2009-T2,114.0,DFM · LASSO sin AR1
dfm_lasso_sin_ar1,3,ibc br: indice agropecuaria sin ajuste,real,5.063291139240507,0.0002132243195996,-0.0003085775874928,0.0039647808966034,75.0,2021-T2,115.0,DFM · LASSO sin AR1
dfm_lasso_sin_ar1,3,gasto publico tesouro: devengado,fiscal,8.860759493670885,0.0002125843797802,-0.0023991665718052,-0.0004091647914607,42.85714285714285,2019-T2,116.0,DFM · LASSO sin AR1
dfm_lasso_sin_ar1,3,PIM-PF grupos y clases | Brasil | 14.2 Fabricação de artigos de malharia e tricotagem | PIMPF - Número-índice (2022=100),real,1.2658227848101269,0.000210563312104,0.016634501656221,0.016634501656221,100.0,2025-T1,117.0,DFM · LASSO sin AR1
dfm_lasso_sin_ar1,3,gasto publico tesouro: devengado,fiscal,1.2658227848101269,0.000203977532975,0.0161142251050326,0.0161142251050326,100.0,2019-T2,118.0,DFM · LASSO sin AR1
dfm_lasso_sin_ar1,3,ibc br: tres meses industria sin ajuste pct,real,7.594936708860759,0.0001971508536646,0.0012745371223819,-2.994890675276733e-05,66.66666666666666,2025-T2,119.0,DFM · LASSO sin AR1
dfm_lasso_sin_ar1,3,"PIM-PF categorias economicas | Brasil | 220 Alimentos e bebidas elaborados, destinados principalmente à indústria | PIMPF - Número-índice (2022=100)",real,1.2658227848101269,0.0001928644882452,-0.0152362945713782,0.0152362945713782,100.0,2012-T1,120.0,DFM · LASSO sin AR1
dfm_lasso_sin_ar1,3,"PIM-PF grupos y clases | Brasil | 10.42 Fabricação de óleos vegetais refinados, exceto óleo de milho | PIMPF - Número-índice (2022=100)",real,1.2658227848101269,0.0001844280112301,-0.0145698128871782,0.0145698128871782,100.0,2012-T1,121.0,DFM · LASSO sin AR1
dfm_lasso_sin_ar1,3,balanza pagos: renta cartera intereses domestico millones usd,externo,3.79746835443038,0.0001840214812202,-0.0001442626200321,-0.0001442626200321,33.33333333333333,2021-T1,122.0,DFM · LASSO sin AR1
dfm_lasso_sin_ar1,3,ipca: variacion mensual pct,real,1.2658227848101269,0.0001807978427962,0.0142830295809023,-0.0142830295809022,0.0,2012-T1,123.0,DFM · LASSO sin AR1
dfm_lasso_sin_ar1,3,"PIM-PF indicadores especiales | Brasil | 5.4.5 Bens de consumo semi e não duráveis por atividade - Preparação de couros e fabricação de artefatos de couro, artigos para viagem e calçados | PIMPF - Número-índice (2022=100)",real,1.2658227848101269,0.0001751536132511,-0.0138371354468384,-0.0138371354468385,0.0,2026-T1,124.0,DFM · LASSO sin AR1
dfm_lasso_sin_ar1,3,gasto publico tesouro: devengado,fiscal,5.063291139240507,0.0001750870853597,-0.0011742234339213,0.0001130921239838,50.0,2020-T4,125.0,DFM · LASSO sin AR1
dfm_lasso_sin_ar1,3,PIM-PF grupos y clases | Brasil | 10.7 Fabricação e refino de açúcar | PIMPF - Número-índice (2022=100),real,2.5316455696202533,0.0001711589643037,0.0064427597085487,0.0064427597085487,50.0,2012-T2,126.0,DFM · LASSO sin AR1
dfm_lasso_sin_ar1,3,PMC comercio ampliado por actividad | Brasil | Índice de receita nominal de vendas no comércio varejista ampliado | Hipermercados e supermercados | PMC - Número-índice (2022=100),real,8.860759493670885,0.0001667808946837,0.0007581021155383,0.0018568159560554,71.42857142857143,2009-T2,127.0,DFM · LASSO sin AR1
dfm_lasso_sin_ar1,3,gasto publico tesouro: restos pagados,fiscal,1.2658227848101269,0.0001620202876711,-0.0127996027260242,-0.0127996027260242,0.0,2019-T2,128.0,DFM · LASSO sin AR1
dfm_lasso_sin_ar1,3,Energia elétrica - consumo - região Centro-Oeste (CO) - quantidade,real,2.5316455696202533,0.0001587996007064,0.0062725842279043,-0.0062531020353041,50.0,2005-T3,129.0,DFM · LASSO sin AR1
dfm_lasso_sin_ar1,3,gasto publico tesouro: comprometido,fiscal,5.063291139240507,0.0001517360210421,-0.0011089851788531,0.0014489889050709,50.0,2020-T3,130.0,DFM · LASSO sin AR1
dfm_lasso_sin_ar1,3,"PIM-PF grupos y clases | Brasil | 10.11 Abate de reses, exceto suínos | PIMPF - Número-índice (2022=100)",real,6.329113924050633,0.0001464047856935,-0.0023131956139579,-0.0016294666863754,40.0,2021-T1,131.0,DFM · LASSO sin AR1
dfm_lasso_sin_ar1,3,balanza pagos: servicios personales millones usd,externo,2.5316455696202533,0.0001421317179014,-0.0056142028571086,-0.0056142028571086,0.0,2007-T4,132.0,DFM · LASSO sin AR1
dfm_lasso_sin_ar1,3,empleo pnadc: ocupados miles,real,1.2658227848101269,0.0001316613467827,-0.0104012463958333,0.0104012463958333,100.0,2020-T3,133.0,DFM · LASSO sin AR1
dfm_lasso_sin_ar1,3,Geração de energia elétrica - hidráulica: quantidade,real,6.329113924050633,0.000131415093327,-0.0020354520854105,0.0018688775016615,60.0,2005-T3,134.0,DFM · LASSO sin AR1
dfm_lasso_sin_ar1,3,balanza pagos: servicios construccion millones usd,externo,3.79746835443038,0.0001247238861644,0.0031249069146394,0.0023731732951594,33.33333333333333,2012-T2,135.0,DFM · LASSO sin AR1
dfm_lasso_sin_ar1,3,gasto publico tesouro: comprometido,fiscal,1.2658227848101269,0.0001157977188313,0.0091480197876736,-0.0091480197876736,0.0,2023-T3,136.0,DFM · LASSO sin AR1
dfm_lasso_sin_ar1,3,ipca: variacion mensual pct,real,1.2658227848101269,0.0001126685432729,0.0089008149185669,0.0089008149185669,100.0,2007-T4,137.0,DFM · LASSO sin AR1
dfm_lasso_sin_ar1,3,gasto publico tesouro: pagado ejercicio,fiscal,1.2658227848101269,0.0001094087348625,0.0086432900541436,-0.0086432900541436,0.0,2022-T1,138.0,DFM · LASSO sin AR1
dfm_lasso_sin_ar1,3,"PIM-PF grupos y clases | Brasil | 17.3 Fabricação de embalagens de papel, cartolina, papel-cartão e papelão ondulado | PIMPF - Número-índice (2022=100)",real,2.5316455696202533,0.0001035838475733,-0.000323552793108,-0.000323552793108,50.0,2021-T1,139.0,DFM · LASSO sin AR1
dfm_lasso_sin_ar1,3,gasto publico tesouro: comprometido,fiscal,1.2658227848101269,9.929721191879784e-05,0.007844479741585,0.0078444797415849,100.0,2026-T1,140.0,DFM · LASSO sin AR1
dfm_lasso_sin_ar1,3,PMS segmentos | Brasil | Índice de receita nominal de serviços | 9. Serviços de apoio às atividades empresariais | PMS - Número-índice (2022=100),real,1.2658227848101269,9.454522490108372e-05,0.0074690727671856,0.0074690727671855,100.0,2026-T1,141.0,DFM · LASSO sin AR1
dfm_lasso_sin_ar1,3,"PMS actividades | Brasil | Índice de receita nominal de serviços | 2.2 Serviços audiovisuais, de edição e agências de notícias | PMS - Número-índice (2022=100)",real,3.79746835443038,9.18129506415625e-05,-0.001043127532393,0.001043127532393,66.66666666666666,2026-T2,142.0,DFM · LASSO sin AR1
dfm_lasso_sin_ar1,3,gasto publico tesouro: dotacion inicial,fiscal,1.2658227848101269,9.09617313025317e-05,0.0071859767729,0.0071859767729,100.0,2025-T1,143.0,DFM · LASSO sin AR1
dfm_lasso_sin_ar1,3,gasto publico tesouro: restos pagados,fiscal,6.329113924050633,8.988007106652537e-05,0.0014201051228511,0.0004677308016907,60.0,2019-T2,144.0,DFM · LASSO sin AR1
dfm_lasso_sin_ar1,3,credito sgs: valor,financiero,12.658227848101266,8.969922060895555e-05,-0.0004749453287898,0.0001592728682642,50.0,2020-T3,145.0,DFM · LASSO sin AR1
dfm_lasso_sin_ar1,3,gasto publico tesouro: restos pagados,fiscal,1.2658227848101269,8.955931917621495e-05,0.0070751862149209,0.0070751862149209,100.0,2026-T1,146.0,DFM · LASSO sin AR1
dfm_lasso_sin_ar1,3,SINAPI costes de construccion | Brasil | Custo médio m² - número-índice,real,1.2658227848101269,8.805830914992001e-05,-0.0069566064228436,-0.0069566064228436,0.0,2009-T2,147.0,DFM · LASSO sin AR1
dfm_lasso_sin_ar1,3,gasto publico tesouro: comprometido,fiscal,1.2658227848101269,8.376285865166723e-05,0.0066172658334817,0.0066172658334816,100.0,2026-T1,148.0,DFM · LASSO sin AR1
dfm_lasso_sin_ar1,3,gasto publico tesouro: pagos totales,fiscal,1.2658227848101269,8.266727304711626e-05,-0.0065307145707221,-0.0065307145707221,0.0,2019-T2,149.0,DFM · LASSO sin AR1
dfm_lasso_sin_ar1,3,Produção - gás natural - média - quantidade,real,1.2658227848101269,7.781689574487198e-05,-0.0061475347638448,0.0061475347638448,100.0,2006-T2,150.0,DFM · LASSO sin AR1
dfm_lasso_sin_ar1,3,"PMC comercio ampliado por actividad | Brasil | Índice de volume de vendas no comércio varejista ampliado | Equipamentos e materiais para escritório, informática e comunicação | PMC - Número-índice (2022=100)",real,3.79746835443038,7.586005664938493e-05,-0.0018181986602813,-0.0019976481584337,0.0,2012-T2,151.0,DFM · LASSO sin AR1
dfm_lasso_sin_ar1,3,Exportações - ônibus - montados - qde.,real,1.2658227848101269,7.474050971842921e-05,-0.0059045002677559,-0.0059045002677557,0.0,2009-T2,152.0,DFM · LASSO sin AR1
dfm_lasso_sin_ar1,3,gasto publico tesouro: pagos totales,fiscal,1.2658227848101269,7.429082792103137e-05,-0.0058689754057614,0.0058689754057614,100.0,2023-T3,153.0,DFM · LASSO sin AR1
dfm_lasso_sin_ar1,3,PIM-PF grupos y clases | Brasil | 25.91 Fabricação de embalagens metálicas | PIMPF - Número-índice (2022=100),real,1.2658227848101269,6.694797280724338e-05,-0.0052888898517722,-0.0052888898517722,0.0,2021-T1,154.0,DFM · LASSO sin AR1
dfm_lasso_sin_ar1,3,gasto publico tesouro: dotacion actualizada,fiscal,8.860759493670885,6.611888361041412e-05,0.0004213334993439,-1.6189967538033608e-07,28.57142857142857,2022-T2,155.0,DFM · LASSO sin AR1
dfm_lasso_sin_ar1,3,PIM-PF grupos y clases | Brasil | 19.3 Fabricação de biocombustíveis | PIMPF - Número-índice (2022=100),real,5.063291139240507,6.518067455131297e-05,-0.000651250906332,0.0011652227990395,75.0,2013-T3,156.0,DFM · LASSO sin AR1
dfm_lasso_sin_ar1,3,selic tasas: selic efectiva media pct anual,real,3.79746835443038,6.257478945797176e-05,-0.0013896017124085,0.0013508451031636,33.33333333333333,2006-T2,157.0,DFM · LASSO sin AR1
dfm_lasso_sin_ar1,3,PIM-PF grupos y clases | Brasil | 20.1 Fabricação de produtos químicos inorgânicos | PIMPF - Número-índice (2022=100),real,2.5316455696202533,5.8060189892819896e-05,-0.0022933775007663,0.0021147260852744,50.0,2020-T3,158.0,DFM · LASSO sin AR1
dfm_lasso_sin_ar1,3,ibc br: mensual industria sin ajuste pct,real,11.39240506329114,5.520109093811092e-05,-2.01768823309936e-06,0.0002156009238068,77.77777777777779,2018-T4,159.0,DFM · LASSO sin AR1
dfm_lasso_sin_ar1,3,gasto publico tesouro: dotacion actualizada,fiscal,2.5316455696202533,5.4083442861694e-05,-0.0021362959930369,-0.0012236250353939,50.0,2025-T1,160.0,DFM · LASSO sin AR1
dfm_lasso_sin_ar1,3,gasto publico tesouro: dotacion actualizada,fiscal,1.2658227848101269,5.206071784797871e-05,0.0041127967099903,0.0041127967099903,100.0,2025-T1,161.0,DFM · LASSO sin AR1
dfm_lasso_sin_ar1,3,gasto publico tesouro: comprometido,fiscal,6.329113924050633,4.7473877729681184e-05,0.0006830549451843,0.0006830549451843,80.0,2023-T1,162.0,DFM · LASSO sin AR1
dfm_lasso_sin_ar1,3,balanza pagos: servicios seguros millones usd,externo,1.2658227848101269,4.243708895072859e-05,-0.0033525300271075,-0.0033525300271075,0.0,2015-T4,163.0,DFM · LASSO sin AR1
dfm_lasso_sin_ar1,3,gasto publico tesouro: pagado ejercicio,fiscal,1.2658227848101269,4.00170490420508e-05,-0.003161346874322,-0.0031613468743221,0.0,2026-T1,164.0,DFM · LASSO sin AR1
dfm_lasso_sin_ar1,3,ipca: variacion mensual pct,real,1.2658227848101269,3.856510710277556e-05,-0.0030466434611192,-0.0030466434611193,0.0,2026-T1,165.0,DFM · LASSO sin AR1
dfm_lasso_sin_ar1,3,empleo pnadc: ingreso real brl,real,1.2658227848101269,3.7828906087805295e-05,0.0029884835809366,0.0029884835809366,100.0,2021-T1,166.0,DFM · LASSO sin AR1
dfm_lasso_sin_ar1,3,"PIM-PF grupos y clases | Brasil | 16.2 Fabricação de produtos de madeira, cortiça e material trançado, exceto móveis | PIMPF - Número-índice (2022=100)",real,1.2658227848101269,3.696893047806037e-05,-0.0029205455077667,-0.0029205455077667,0.0,2015-T4,167.0,DFM · LASSO sin AR1
dfm_lasso_sin_ar1,3,gasto publico tesouro: devengado,fiscal,1.2658227848101269,3.636028006424927e-05,0.0028724621250756,0.0028724621250756,100.0,2026-T1,168.0,DFM · LASSO sin AR1
dfm_lasso_sin_ar1,3,gasto publico tesouro: pagos totales,fiscal,1.2658227848101269,3.468091362848933e-05,0.0027397921766506,-0.0027397921766506,0.0,2022-T1,169.0,DFM · LASSO sin AR1
dfm_lasso_sin_ar1,3,"PIM-PF grupos y clases | Brasil | 28.1 Fabricação de motores, bombas, compressores e equipamentos de transmissão | PIMPF - Número-índice (2022=100)",real,1.2658227848101269,3.329224090630176e-05,-0.0026300870315978,-0.0026300870315978,0.0,2012-T3,170.0,DFM · LASSO sin AR1
dfm_lasso_sin_ar1,3,gasto publico tesouro: restos pagados,fiscal,1.2658227848101269,3.277654098692492e-05,0.002589346737967,0.002589346737967,100.0,2022-T2,171.0,DFM · LASSO sin AR1
dfm_lasso_sin_ar1,3,gasto publico tesouro: pagos totales,fiscal,2.5316455696202533,3.195490872612037e-05,-6.098160743800429e-05,-0.0012622188946817,0.0,2016-T4,172.0,DFM · LASSO sin AR1
dfm_lasso_sin_ar1,3,gasto publico tesouro: dotacion actualizada,fiscal,1.2658227848101269,3.170302043462553e-05,-0.0025045386143354,0.0025045386143354,100.0,2020-T3,173.0,DFM · LASSO sin AR1
dfm_lasso_sin_ar1,3,balanza pagos: renta cartera dividendos millones usd,externo,1.2658227848101269,3.025303788592132e-05,-0.0023899899929877,0.0023899899929877,100.0,2015-T1,174.0,DFM · LASSO sin AR1
dfm_lasso_sin_ar1,3,base monetaria: valor,financiero,5.063291139240507,2.8810698135786943e-05,-0.0003415002111052,0.0001280101177233,25.0,2006-T2,175.0,DFM · LASSO sin AR1
dfm_lasso_sin_ar1,3,PMS segmentos | Brasil | Índice de volume de serviços | 13. Transporte aquaviário | PMS - Número-índice (2022=100),real,1.2658227848101269,2.866064056151765e-05,0.0022641906043598,0.0022641906043598,100.0,2022-T2,176.0,DFM · LASSO sin AR1
dfm_lasso_sin_ar1,3,balanza pagos: renta reservas millones usd,externo,2.5316455696202533,2.8588428962894317e-05,0.0011292429440343,-3.0494236306355397e-05,50.0,2006-T2,177.0,DFM · LASSO sin AR1
dfm_lasso_sin_ar1,3,base monetaria: valor,financiero,6.329113924050633,2.852290217940842e-05,0.0004461815618436,-3.973742711256278e-05,20.0,2007-T4,178.0,DFM · LASSO sin AR1
dfm_lasso_sin_ar1,3,ipp: mensual pct,real,1.2658227848101269,2.34380379528168e-05,0.0018516049982725,0.0018516049982725,100.0,2021-T1,179.0,DFM · LASSO sin AR1
dfm_lasso_sin_ar1,3,gasto publico tesouro: restos pagados,fiscal,1.2658227848101269,2.259021738479168e-05,0.0017846271733985,0.0017846271733985,100.0,2022-T4,180.0,DFM · LASSO sin AR1
dfm_lasso_sin_ar1,3,gasto publico tesouro: pagado ejercicio,fiscal,1.2658227848101269,2.113069304577197e-05,0.0016693247506159,0.0016693247506158,100.0,2023-T1,181.0,DFM · LASSO sin AR1
dfm_lasso_sin_ar1,3,gasto publico tesouro: devengado,fiscal,1.2658227848101269,2.1130693045764944e-05,0.0016693247506154,0.0016693247506154,100.0,2023-T1,182.0,DFM · LASSO sin AR1
dfm_lasso_sin_ar1,3,balanza pagos: otras inversiones millones usd,externo,2.5316455696202533,1.9576832866494528e-05,-0.0001787779075259,-0.0007732848982265,0.0,2021-T1,183.0,DFM · LASSO sin AR1
dfm_lasso_sin_ar1,3,Indicadores Industriais - utilização da capacidade instalada - indústria - índice (média 2006 = 100),real,1.2658227848101269,1.9435331269079116e-05,-0.0015353911702572,-0.0015353911702571,0.0,2012-T2,184.0,DFM · LASSO sin AR1
dfm_lasso_sin_ar1,3,gasto publico tesouro: pagado ejercicio,fiscal,2.5316455696202533,1.9295054981988062e-05,-0.0007621546717885,-1.913213189430607e-06,50.0,2016-T4,185.0,DFM · LASSO sin AR1
dfm_lasso_sin_ar1,3,LSPA estimativas mensuales | Brasil | 1.14 Mamona | Área plantada,real,7.594936708860759,1.6446134035303203e-05,-2.1832412867505795e-05,0.0002008395563446,66.66666666666666,2022-T1,186.0,DFM · LASSO sin AR1
dfm_lasso_sin_ar1,3,gasto publico tesouro: devengado,fiscal,1.2658227848101269,1.4944858669764367e-05,0.0011806438349113,0.0011806438349113,100.0,2022-T4,187.0,DFM · LASSO sin AR1
dfm_lasso_sin_ar1,3,LSPA estimativas mensuales | Brasil | 1.18 Sorgo | Área plantada,real,1.2658227848101269,1.4652072082870283e-05,-0.0011575136945467,0.0011575136945467,100.0,2015-T1,188.0,DFM · LASSO sin AR1
dfm_lasso_sin_ar1,3,gasto publico tesouro: comprometido,fiscal,1.2658227848101269,1.395930666543084e-05,0.001102785226569,-0.001102785226569,0.0,2023-T3,189.0,DFM · LASSO sin AR1
dfm_lasso_sin_ar1,3,consumo mensual ibge: indice original,real,2.5316455696202533,1.3270754841665089e-05,-0.0002550205690174,-0.0005241948162457,0.0,2015-T4,190.0,DFM · LASSO sin AR1
dfm_lasso_sin_ar1,3,LSPA estimativas mensuales | Brasil | 21 Mandioca | Área plantada,real,1.2658227848101269,1.2121002217029963e-05,0.0009575591751453,0.0009575591751453,100.0,2022-T4,191.0,DFM · LASSO sin AR1
dfm_lasso_sin_ar1,3,LSPA estimativas mensuales | Brasil | 1.2 Amendoim (1ª Safra) | Área plantada,real,1.2658227848101269,1.1807727870726528e-05,0.0009328105017873,-0.0009328105017873,0.0,2015-T1,192.0,DFM · LASSO sin AR1
dfm_lasso_sin_ar1,3,PMS segmentos | Brasil | Índice de receita nominal de serviços | 13. Transporte aquaviário | PMS - Número-índice (2022=100),real,1.2658227848101269,1.0356398856326e-05,0.0008181555096497,0.0008181555096496,100.0,2026-T1,193.0,DFM · LASSO sin AR1
dfm_lasso_sin_ar1,3,PMS actividades | Brasil | Índice de receita nominal de serviços | 4.2 Transporte aquaviário | PMS - Número-índice (2022=100),real,1.2658227848101269,1.0356398856320378e-05,0.0008181555096493,0.0008181555096492,100.0,2026-T1,194.0,DFM · LASSO sin AR1
dfm_lasso_sin_ar1,3,Produção - petróleo - média - quantidade/dia,real,1.2658227848101269,9.84040887905374e-06,0.0007773923014452,0.0007773923014453,100.0,2009-T2,195.0,DFM · LASSO sin AR1
dfm_lasso_sin_ar1,3,Indicadores Industriais - utilização da capacidade instalada - indústria - índice dessazonalizado (média 2006 = 100),real,1.2658227848101269,9.748359597212766e-06,0.0007701204081798,-0.0007701204081798,0.0,2012-T1,196.0,DFM · LASSO sin AR1
dfm_lasso_sin_ar1,3,Geração de energia elétrica - termo nuclear: quantidade,real,5.063291139240507,9.584355355796018e-06,-9.376672614652692e-05,-9.376672614652692e-05,50.0,2020-T4,197.0,DFM · LASSO sin AR1
dfm_lasso_sin_ar1,3,gasto publico tesouro: pagado ejercicio,fiscal,1.2658227848101269,8.720377250198766e-06,-0.0006889098027657,-0.0006889098027657,0.0,2022-T2,198.0,DFM · LASSO sin AR1
dfm_lasso_sin_ar1,3,gasto publico tesouro: restos pagados,fiscal,1.2658227848101269,7.418018537115829e-06,-0.0005860234644321,-0.0005860234644321,0.0,2019-T2,199.0,DFM · LASSO sin AR1
dfm_lasso_sin_ar1,3,gasto publico tesouro: comprometido,fiscal,1.2658227848101269,7.352131550986551e-06,0.0005808183925279,0.0005808183925278,100.0,2019-T2,200.0,DFM · LASSO sin AR1
dfm_lasso_sin_ar1,3,gasto publico tesouro: dotacion actualizada,fiscal,2.5316455696202533,7.345488881926173e-06,-0.000259235592123,0.000290146810836,100.0,2022-T1,201.0,DFM · LASSO sin AR1
dfm_lasso_sin_ar1,3,scr indexadores: cartera activa miles millones brl,financiero,1.2658227848101269,7.305455645882132e-06,-0.0005771309960246,-0.0005771309960247,0.0,2026-T1,202.0,DFM · LASSO sin AR1
dfm_lasso_sin_ar1,3,gasto publico tesouro: restos pagados,fiscal,1.2658227848101269,7.192757576735971e-06,-0.0005682278485621,-0.0005682278485621,0.0,2019-T2,203.0,DFM · LASSO sin AR1
dfm_lasso_sin_ar1,3,LSPA estimativas mensuales | Brasil | 4 Banana | Área plantada,real,1.2658227848101269,7.120848123162821e-06,-0.0005625470017298,0.0005625470017298,100.0,2022-T1,204.0,DFM · LASSO sin AR1
dfm_lasso_sin_ar1,3,gasto publico tesouro: devengado,fiscal,1.2658227848101269,7.048243351586777e-06,-0.0005568112247753,-0.0005568112247753,0.0,2022-T2,205.0,DFM · LASSO sin AR1
dfm_lasso_sin_ar1,3,gasto publico tesouro: restos pagados,fiscal,1.2658227848101269,6.728711164135465e-06,-0.0005315681819667,-0.0005315681819667,0.0,2019-T2,206.0,DFM · LASSO sin AR1
dfm_lasso_sin_ar1,3,LSPA estimativas mensuales | Brasil | 11 Cana-de-açúcar | Área plantada,real,3.79746835443038,6.280708132396109e-06,-6.444586765886699e-05,-0.0001653919808197,0.0,2019-T2,207.0,DFM · LASSO sin AR1
dfm_lasso_sin_ar1,3,gasto publico tesouro: devengado,fiscal,2.5316455696202533,5.447994803508401e-06,4.445273582601161e-05,4.445273582598386e-05,50.0,2025-T1,208.0,DFM · LASSO sin AR1
dfm_lasso_sin_ar1,3,base monetaria: valor,financiero,1.2658227848101269,5.437841940691406e-06,-0.0004295895133146,0.0004295895133146,100.0,2015-T1,209.0,DFM · LASSO sin AR1
dfm_lasso_sin_ar1,3,resultado fiscal bcb: valor,fiscal,1.2658227848101269,4.120127599333212e-06,-0.0003254900803473,-0.0003254900803473,0.0,2015-T4,210.0,DFM · LASSO sin AR1
dfm_lasso_sin_ar1,3,gasto publico tesouro: comprometido,fiscal,1.2658227848101269,3.960643500014109e-06,-0.0003128908365011,-0.0003128908365011,0.0,2022-T4,211.0,DFM · LASSO sin AR1
dfm_lasso_sin_ar1,3,LSPA estimativas mensuales | Brasil | 7 Batata - inglesa (3ª Safra) | Área plantada,real,1.2658227848101269,3.932846587995649e-06,0.0003106948804516,-0.0003106948804516,0.0,2015-T1,212.0,DFM · LASSO sin AR1
dfm_lasso_sin_ar1,3,S&P 500: promedio mensual del cierre diario,real,1.2658227848101269,3.311290547493453e-06,0.0002615919532519,0.0002615919532519,100.0,2019-T2,213.0,DFM · LASSO sin AR1
dfm_lasso_sin_ar1,3,deuda publica federal: otros pct,financiero,1.2658227848101269,3.118851814539705e-06,0.0002463892933486,-0.0002463892933486,0.0,2015-T1,214.0,DFM · LASSO sin AR1
dfm_lasso_sin_ar1,3,gasto publico tesouro: comprometido,fiscal,1.2658227848101269,2.567791466735062e-06,0.000202855525872,-0.000202855525872,0.0,2022-T1,215.0,DFM · LASSO sin AR1
dfm_lasso_sin_ar1,3,gasto publico tesouro: restos pagados,fiscal,2.5316455696202533,2.259579903543494e-06,-8.059576866385754e-05,-8.059576866387141e-05,50.0,2017-T1,216.0,DFM · LASSO sin AR1
dfm_lasso_sin_ar1,3,Intenção de consumo das famílias - total,real,1.2658227848101269,1.3339545322858294e-06,0.0001053824080505,0.0001053824080505,100.0,2025-T1,217.0,DFM · LASSO sin AR1
dfm_lasso_sin_ar1,3,PMC actividades complementarias | Brasil | Índice de receita nominal de vendas no comércio varejista | Hipermercados e supermercados | PMC - Número-índice (2022=100),real,1.2658227848101269,7.293462239892974e-07,-5.76183516951545e-05,-5.76183516951545e-05,0.0,2009-T4,218.0,DFM · LASSO sin AR1
dfm_lasso_sin_ar1,3,deuda publica federal: otros miles millones brl,financiero,1.2658227848101269,6.780669410976201e-07,5.356728834671198e-05,-5.356728834671198e-05,0.0,2022-T1,219.0,DFM · LASSO sin AR1
dfm_lasso_sin_ar1,3,Produção - ônibus - montados - qde.,real,1.2658227848101269,6.400534003394182e-07,5.056421862681404e-05,5.056421862681404e-05,100.0,2012-T3,220.0,DFM · LASSO sin AR1
dfm_lasso_sin_ar1,3,gasto publico tesouro: comprometido,fiscal,1.2658227848101269,2.8324874177648096e-07,-2.2376650600342e-05,2.2376650600342e-05,100.0,2022-T1,221.0,DFM · LASSO sin AR1
dfm_lasso_sin_ar1,3,gasto publico tesouro: restos pagados,fiscal,2.5316455696202533,2.492075360642692e-07,9.843697674538632e-06,-6.7445656715126034e-06,50.0,2020-T3,222.0,DFM · LASSO sin AR1
dfm_lasso_sin_ar1,3,PMS actividades | Brasil | Índice de receita nominal de serviços | 5. Outros serviços | PMS - Número-índice (2022=100),real,1.2658227848101269,2.123175867671488e-07,-1.6773089354604753e-05,-1.6773089354660264e-05,0.0,2019-T2,223.0,DFM · LASSO sin AR1
dfm_lasso_sin_ar1,3,LSPA estimativas mensuales | Brasil | 8 Cacau | Área plantada,real,1.2658227848101269,8.69392398234547e-08,-6.868199946052922e-06,-6.868199945997411e-06,0.0,2019-T2,224.0,DFM · LASSO sin AR1
dfm_lasso_sin_ar1,3,PIM-PF categorias economicas | Brasil | 325 Gasolinas para automóvel (motor spirit) | PIMPF - Número-índice (2022=100),real,1.2658227848101269,4.784899363509416e-08,3.780070497172439e-06,3.780070497172439e-06,100.0,2019-T2,225.0,DFM · LASSO sin AR1
dfm_lasso_sin_ar1,3,"PMC vehiculos | Brasil | Índice de receita nominal de vendas de veículos, motocicletas, partes e peças | PMC - Número-índice (2022=100)",real,1.2658227848101269,0.0,0.0,0.0,0.0,2009-T3,226.0,DFM · LASSO sin AR1
pesos_senal_fuerte,1,ibc br: tres meses servicios sin ajuste pct,real,36.36363636363637,0.0362187028384004,-0.0923307646023659,0.091361127669773,50.0,2015-T3,1.0,Bridge · señal contemporánea fuerte
pesos_senal_fuerte,1,ibc br: indice sin ajuste,real,23.376623376623375,0.0334663742268589,-0.1051016381611802,0.1219076878141602,55.55555555555556,2020-T2,2.0,Bridge · señal contemporánea fuerte
pesos_senal_fuerte,1,ibc br: tres meses sin ajuste pct,real,74.02597402597402,0.0329703620771073,-0.0320553201404104,0.0297140433504682,56.14035087719298,2020-T2,3.0,Bridge · señal contemporánea fuerte
pesos_senal_fuerte,1,base monetaria: valor,financiero,1.2987012987012987,0.0127690401939497,0.983216094934133,-0.9832160949341332,0.0,2015-T1,4.0,Bridge · señal contemporánea fuerte
pesos_senal_fuerte,1,credito sgs: valor,financiero,12.987012987012989,0.0118665051973331,0.0195964315127221,-0.0210571686847642,60.0,2020-T3,5.0,Bridge · señal contemporánea fuerte
pesos_senal_fuerte,1,comex stat: importaciones totales fob usd,externo,24.675324675324678,0.0098420347881533,-0.0034817093064214,-0.0026722313753591,57.89473684210527,2012-T3,6.0,Bridge · señal contemporánea fuerte
pesos_senal_fuerte,1,PIM-PF actividades industriales | Brasil | 3 Indústrias de transformação | PIMPF - Número-índice (2022=100),real,25.97402597402597,0.008879925190934,0.0279653295351479,-0.0196600602729769,35.0,2014-T3,7.0,Bridge · señal contemporánea fuerte
pesos_senal_fuerte,1,gasto publico tesouro: pagos totales,fiscal,10.38961038961039,0.0086571201167993,-0.0802795746626683,-0.064087879956388,62.5,2021-T4,8.0,Bridge · señal contemporánea fuerte
pesos_senal_fuerte,1,Indicador IPEA de FBCF - índice real (média 1995 = 100),real,45.45454545454545,0.0076011510731104,0.0028648758553999,-0.0022471476207538,42.85714285714285,2016-T1,9.0,Bridge · señal contemporánea fuerte
pesos_senal_fuerte,1,credito sgs: valor,financiero,5.194805194805195,0.0059051903887784,0.1136749149839848,0.0927511740281295,75.0,2007-T3,10.0,Bridge · señal contemporánea fuerte
pesos_senal_fuerte,1,ibc br: tres meses impuestos sin ajuste pct,real,35.064935064935064,0.0055069414587593,0.0090692275056727,0.0044835391389641,59.25925925925925,2023-T2,11.0,Bridge · señal contemporánea fuerte
pesos_senal_fuerte,1,deuda publica federal: tasa flotante miles millones brl,financiero,9.090909090909092,0.0054636862596764,-0.035557058693726,-0.035152941755733,57.14285714285714,2010-T2,12.0,Bridge · señal contemporánea fuerte
pesos_senal_fuerte,1,Indicadores Industriais - pessoal empregado - indústria - índice dessazonalizado (média 2006 = 100),real,23.376623376623375,0.0052328968966042,0.0142190371395822,0.0190946017551905,72.22222222222221,2008-T1,13.0,Bridge · señal contemporánea fuerte
pesos_senal_fuerte,1,America Latina: indice produccion industrial,real,44.15584415584416,0.0044757640908674,0.0049934121167312,-0.0008291457218324,52.94117647058824,2015-T2,14.0,Bridge · señal contemporánea fuerte
pesos_senal_fuerte,1,PMC comercio ampliado por actividad | Brasil | Índice de volume de vendas no comércio varejista ampliado | Combustíveis e lubrificantes | PMC - Número-índice (2022=100),real,7.792207792207792,0.0042643340850776,0.0547256207584961,0.0389839387865711,66.66666666666666,2022-T3,15.0,Bridge · señal contemporánea fuerte
pesos_senal_fuerte,1,PIM-PF categorias economicas | Brasil | 1 Bens de capital | PIMPF - Número-índice (2022=100),real,10.38961038961039,0.00382958498361,0.0297351697536096,-0.0049994321212922,62.5,2013-T1,16.0,Bridge · señal contemporánea fuerte
pesos_senal_fuerte,1,consumo mensual ibge: indice original,real,2.5974025974025974,0.0037316617180576,0.1436689761452178,0.1003688331896061,100.0,2022-T3,17.0,Bridge · señal contemporánea fuerte
pesos_senal_fuerte,1,PIM-PF actividades industriales | Brasil | 3.28 Fabricação de máquinas e equipamentos | PIMPF - Número-índice (2022=100),real,12.987012987012989,0.0032218793482196,-0.0248084709812915,-0.0238414556009592,10.0,2011-T4,18.0,Bridge · señal contemporánea fuerte
pesos_senal_fuerte,1,gasto publico tesouro: devengado,fiscal,9.090909090909092,0.0030583649864006,-0.0336420148504076,-0.0003861044664721,42.85714285714285,2017-T1,19.0,Bridge · señal contemporánea fuerte
pesos_senal_fuerte,1,Estados Unidos: indice produccion industrial,real,27.272727272727277,0.0029101874160421,-0.0001500380938368,-0.0003890752535775,33.33333333333333,2024-T1,20.0,Bridge · señal contemporánea fuerte
pesos_senal_fuerte,1,PIM-PF actividades industriales | Brasil | 3.32 Fabricação de produtos diversos | PIMPF - Número-índice (2022=100),real,12.987012987012989,0.0027755161259903,0.0151595219982946,-0.0001874349039281,60.0,2025-T4,21.0,Bridge · señal contemporánea fuerte
pesos_senal_fuerte,1,"PIM-PF grupos y clases | Brasil | 17.2 Fabricação de papel, cartolina e papel-cartão | PIMPF - Número-índice (2022=100)",real,24.675324675324678,0.0027066958218987,0.0017722447684518,0.0027021816604196,42.10526315789473,2024-T1,22.0,Bridge · señal contemporánea fuerte
pesos_senal_fuerte,1,balanza pagos: renta cartera intereses domestico millones usd,externo,3.896103896103896,0.0025397470536331,0.0171836797558702,0.0171836797558702,33.33333333333333,2021-T1,23.0,Bridge · señal contemporánea fuerte
pesos_senal_fuerte,1,balanza pagos: activos reserva millones usd,externo,5.194805194805195,0.0023907867102476,-0.0460226441722675,0.0460226441722674,100.0,2013-T4,24.0,Bridge · señal contemporánea fuerte
pesos_senal_fuerte,1,Energia elétrica - consumo - quantidade,real,12.987012987012989,0.0022488074249686,0.000772274976489,0.0062518994192579,50.0,2024-T2,25.0,Bridge · señal contemporánea fuerte
pesos_senal_fuerte,1,"PIM-PF actividades industriales | Brasil | 3.26 Fabricação de equipamentos de informática, produtos eletrônicos e ópticos | PIMPF - Número-índice (2022=100)",real,19.48051948051948,0.0021897088855582,0.0039768112542136,-0.0020762281732814,40.0,2022-T4,26.0,Bridge · señal contemporánea fuerte
pesos_senal_fuerte,1,gasto publico tesouro: comprometido,fiscal,2.5974025974025974,0.0020541650635451,0.0659481487464539,0.0790853549464891,100.0,2023-T1,27.0,Bridge · señal contemporánea fuerte
pesos_senal_fuerte,1,Sondagem CNI: evolucion de la produccion industrial,real,9.090909090909092,0.0018891124947376,0.0173045146243111,-0.0057673602751255,28.57142857142857,2024-T1,28.0,Bridge · señal contemporánea fuerte
pesos_senal_fuerte,1,Energia elétrica - consumo - comércio - quantidade,real,22.07792207792208,0.0017979156362405,-0.0024330904583571,-0.0004753480463483,41.17647058823529,2024-T3,29.0,Bridge · señal contemporánea fuerte
pesos_senal_fuerte,1,ibc br: indice industria sin ajuste,real,12.987012987012989,0.0016194322285323,0.0038737214677472,0.0051306653250486,50.0,2020-T3,30.0,Bridge · señal contemporánea fuerte
pesos_senal_fuerte,1,PIM-PF grupos y clases | Brasil | 15.3 Fabricação de calçados | PIMPF - Número-índice (2022=100),real,7.792207792207792,0.00133300978339,-0.0049931811060642,0.0071792226719997,66.66666666666666,2023-T3,31.0,Bridge · señal contemporánea fuerte
pesos_senal_fuerte,1,Mundo: indice produccion industrial,real,11.688311688311687,0.0012813346312601,-0.0010174641390439,0.00987284356228,88.88888888888889,2009-T1,32.0,Bridge · señal contemporánea fuerte
pesos_senal_fuerte,1,PMC comercio ampliado por actividad | Brasil | Índice de receita nominal de vendas no comércio varejista ampliado | Combustíveis e lubrificantes | PMC - Número-índice (2022=100),real,12.987012987012989,0.0012663998752512,0.0050675217207127,0.0088833523180138,70.0,2020-T3,33.0,Bridge · señal contemporánea fuerte
pesos_senal_fuerte,1,Indicadores Industriais - faturamento real - indústria - índice dessazonalizado (média 2006 = 100),real,22.07792207792208,0.0011704635927911,-0.0028698326241647,-0.0040717106795618,35.294117647058826,2010-T2,34.0,Bridge · señal contemporánea fuerte
pesos_senal_fuerte,1,balanza pagos: renta cartera dividendos millones usd,externo,1.2987012987012987,0.0011415033925847,-0.0878957612290287,0.0878957612290287,100.0,2015-T1,35.0,Bridge · señal contemporánea fuerte
pesos_senal_fuerte,1,selic tasas: selic meta fin mes pct anual,real,1.2987012987012987,0.0010969031218388,0.0844615403815928,0.0844615403815928,100.0,2007-T3,36.0,Bridge · señal contemporánea fuerte
pesos_senal_fuerte,1,empleo pnadc: ocupados miles,real,15.584415584415584,0.0010890283669011,-0.0011533157002664,0.0010371100182199,50.0,2022-T2,37.0,Bridge · señal contemporánea fuerte
pesos_senal_fuerte,1,PIM-PF actividades industriales | Brasil | 3.22 Fabricação de produtos de borracha e de material plástico | PIMPF - Número-índice (2022=100),real,6.493506493506493,0.0009720313825788,0.0061942393112302,0.0055940881696968,80.0,2022-T3,38.0,Bridge · señal contemporánea fuerte
pesos_senal_fuerte,1,PIM-PF grupos y clases | Brasil | 20.3 Fabricação de resinas e elastômeros | PIMPF - Número-índice (2022=100),real,9.090909090909092,0.0009470940854603,-0.0059550639156077,-0.0052814272103153,28.57142857142857,2022-T1,39.0,Bridge · señal contemporánea fuerte
pesos_senal_fuerte,1,Licenciamento Nacionais - Automóveis - montados - qde.,real,11.688311688311687,0.0009333727947108,-0.0017582161892399,-0.0059801612615499,33.33333333333333,2023-T3,40.0,Bridge · señal contemporánea fuerte
pesos_senal_fuerte,1,Indicadores Industriais - horas trabalhadas - indústria - índice dessazonalizado (média 2006 = 100),real,11.688311688311687,0.0009152303938022,-0.0017166967496074,-0.0041080359217258,44.44444444444444,2010-T2,41.0,Bridge · señal contemporánea fuerte
pesos_senal_fuerte,1,PIM-PF actividades industriales | Brasil | 3.23 Fabricação de produtos de minerais não metálicos | PIMPF - Número-índice (2022=100),real,10.38961038961039,0.0008379272198943,-0.0071998217688592,0.0023373502279025,37.5,2011-T3,42.0,Bridge · señal contemporánea fuerte
pesos_senal_fuerte,1,Energia elétrica - consumo - indústria - quantidade,real,10.38961038961039,0.0007789416616029,-0.001394399693569,0.0003396172783325,37.5,2024-T4,43.0,Bridge · señal contemporánea fuerte
pesos_senal_fuerte,1,gasto publico tesouro: dotacion actualizada,fiscal,1.2987012987012987,0.0007476830818055,-0.0575715972990264,-0.0575715972990264,0.0,2022-T1,44.0,Bridge · señal contemporánea fuerte
pesos_senal_fuerte,1,PIM-PF indicadores especiales | Brasil | 5.3.6 Bens de consumo duráveis por atividade - Demais atividades* | PIMPF - Número-índice (2022=100),real,3.896103896103896,0.000746960966741,-0.018081430022458,-0.018081430022458,33.33333333333333,2026-T1,45.0,Bridge · señal contemporánea fuerte
pesos_senal_fuerte,1,"PMC comercio ampliado por actividad | Brasil | Índice de receita nominal de vendas no comércio varejista ampliado | Veículos, motocicletas, partes e peças | PMC - Número-índice (2022=100)",real,2.5974025974025974,0.0007413386502417,-0.0285415380343059,-0.028541538034306,0.0,2009-T4,46.0,Bridge · señal contemporánea fuerte
pesos_senal_fuerte,1,PIM-PF indicadores especiales | Brasil | 1.4 Bens de Capital para construção | PIMPF - Número-índice (2022=100),real,2.5974025974025974,0.0007229374925601,0.0278330934635676,0.0277397249300275,50.0,2025-T1,47.0,Bridge · señal contemporánea fuerte
pesos_senal_fuerte,1,base monetaria: valor,financiero,18.181818181818183,0.0006864008708175,-0.0019611828290462,0.0006943127450685,42.85714285714285,2015-T1,48.0,Bridge · señal contemporánea fuerte
pesos_senal_fuerte,1,gasto publico tesouro: pagado ejercicio,fiscal,2.5974025974025974,0.0006636790531876,-0.0255516435477245,0.0255516435477244,100.0,2016-T4,49.0,Bridge · señal contemporánea fuerte
pesos_senal_fuerte,1,gasto publico tesouro: restos pagados,fiscal,6.493506493506493,0.000647205926906,0.0099669712743525,0.0040777184123656,80.0,2021-T1,50.0,Bridge · señal contemporánea fuerte
pesos_senal_fuerte,1,gasto publico tesouro: comprometido,fiscal,1.2987012987012987,0.0006006683962582,0.0462514665118877,0.0462514665118877,100.0,2026-T1,51.0,Bridge · señal contemporánea fuerte
pesos_senal_fuerte,1,balanza pagos: errores omisiones millones usd,externo,1.2987012987012987,0.0005809562765162,0.0447336332917474,0.0447336332917475,100.0,2009-T2,52.0,Bridge · señal contemporánea fuerte
pesos_senal_fuerte,1,PIM-PF indicadores especiales | Brasil | 6.3.3.1 Bens de consumo duráveis - Baixa intensidade | PIMPF - Número-índice (2022=100),real,6.493506493506493,0.0005745761632736,0.006362345082908,-0.0054319668810726,40.0,2025-T2,53.0,Bridge · señal contemporánea fuerte
pesos_senal_fuerte,1,base monetaria: valor,financiero,5.194805194805195,0.0005666383557143,-0.0055578719011235,0.0047217931463057,75.0,2009-T1,54.0,Bridge · señal contemporánea fuerte
pesos_senal_fuerte,1,"PIM-PF actividades industriales | Brasil | 3.29 Fabricação de veículos automotores, reboques e carrocerias | PIMPF - Número-índice (2022=100)",real,7.792207792207792,0.0005629043022723,0.0047404577866175,0.0072213506717733,83.33333333333334,2020-T3,55.0,Bridge · señal contemporánea fuerte
pesos_senal_fuerte,1,balanza pagos: servicios personales millones usd,externo,2.5974025974025974,0.0005339689974547,0.0130378361928815,0.0130378361928815,50.0,2007-T3,56.0,Bridge · señal contemporánea fuerte
pesos_senal_fuerte,1,ibc br: mensual industria sin ajuste pct,real,11.688311688311687,0.0005136274788307,-0.0043943684299963,-0.0010919595769059,11.11111111111111,2017-T2,57.0,Bridge · señal contemporánea fuerte
pesos_senal_fuerte,1,ibc br: tres meses ex agro sin ajuste pct,real,3.896103896103896,0.0004965987492367,-0.0127460345637433,0.0127460345637434,66.66666666666666,2016-T4,58.0,Bridge · señal contemporánea fuerte
pesos_senal_fuerte,1,Produção - caminhões - montados - qde.,real,10.38961038961039,0.0004793605343636,-0.0015497667884986,-6.35897103518912e-05,37.5,2012-T1,59.0,Bridge · señal contemporánea fuerte
pesos_senal_fuerte,1,gasto publico tesouro: devengado,fiscal,5.194805194805195,0.0004614708657202,0.0036857029425177,0.0068276625464027,75.0,2020-T4,60.0,Bridge · señal contemporánea fuerte
pesos_senal_fuerte,1,ipp: indice,real,1.2987012987012987,0.000454017722021,0.0349593645956197,0.0349593645956197,100.0,2022-T2,61.0,Bridge · señal contemporánea fuerte
pesos_senal_fuerte,1,PIM-PF categorias economicas | Brasil | 270 Peças e acessórios para bens de capital | PIMPF - Número-índice (2022=100),real,5.194805194805195,0.0004463035868885,-0.0013120080860444,0.0013120080860443,50.0,2013-T4,62.0,Bridge · señal contemporánea fuerte
pesos_senal_fuerte,1,PIM-PF grupos y clases | Brasil | 20.14 Fabricação de gases industriais | PIMPF - Número-índice (2022=100),real,12.987012987012989,0.0004404692208537,-0.0023610297530301,0.000232819798304,70.0,2022-T4,63.0,Bridge · señal contemporánea fuerte
pesos_senal_fuerte,1,PIM-PF grupos y clases | Brasil | 25.92 Fabricação de produtos de trefilados de metal | PIMPF - Número-índice (2022=100),real,10.38961038961039,0.0004308346216595,-0.0003084439876217,-0.0035660784298319,50.0,2013-T3,64.0,Bridge · señal contemporánea fuerte
pesos_senal_fuerte,1,gasto publico tesouro: comprometido,fiscal,5.194805194805195,0.000430554557781,0.0003987701800623,0.0007390705411417,50.0,2022-T4,65.0,Bridge · señal contemporánea fuerte
pesos_senal_fuerte,1,comex stat: exportaciones totales fob usd,externo,2.5974025974025974,0.000427610510651,0.0157234794779694,0.016463004660064,100.0,2009-T2,66.0,Bridge · señal contemporánea fuerte
pesos_senal_fuerte,1,gasto publico tesouro: pagos totales,fiscal,2.5974025974025974,0.0004225494847829,0.0126491983771545,-0.0126491983771545,50.0,2016-T4,67.0,Bridge · señal contemporánea fuerte
pesos_senal_fuerte,1,Licenciamento Importados - Autoveículos - montados - qde.,real,6.493506493506493,0.000420939381398,-0.0034081746108782,-0.0034081746108782,60.0,2009-T4,68.0,Bridge · señal contemporánea fuerte
pesos_senal_fuerte,1,credito sgs: valor,financiero,7.792207792207792,0.000417598005512,0.0038460752257144,0.0038460752257143,83.33333333333334,2011-T2,69.0,Bridge · señal contemporánea fuerte
pesos_senal_fuerte,1,"PIM-PF actividades industriales | Brasil | 3.25 Fabricação de produtos de metal, exceto máquinas e equipamentos | PIMPF - Número-índice (2022=100)",real,10.38961038961039,0.000406509165917,-0.0019626548875205,0.0005894524388291,62.5,2015-T1,70.0,Bridge · señal contemporánea fuerte
pesos_senal_fuerte,1,gasto publico tesouro: dotacion actualizada,fiscal,1.2987012987012987,0.0003900373122923,0.0300328730465116,0.0300328730465115,100.0,2025-T1,71.0,Bridge · señal contemporánea fuerte
pesos_senal_fuerte,1,"PMS segmentos | Brasil | Índice de receita nominal de serviços | 6. Serviços audiovisuais, de edição e agências de notícias | PMS - Número-índice (2022=100)",real,6.493506493506493,0.0003888328121708,0.0011734759927211,0.0048446918134808,80.0,2026-T2,72.0,Bridge · señal contemporánea fuerte
pesos_senal_fuerte,1,Emplacamento de veículos - autoveículos,real,11.688311688311687,0.0003876701025122,0.001565029075598,-0.0002514525262043,55.55555555555556,2025-T3,73.0,Bridge · señal contemporánea fuerte
pesos_senal_fuerte,1,Energia elétrica - Consumo - região Sudeste (SE) - quantidade,real,3.896103896103896,0.000384045606954,0.0002646046850908,-0.0058820450573646,33.33333333333333,2022-T4,74.0,Bridge · señal contemporánea fuerte
pesos_senal_fuerte,1,"PMC actividades complementarias | Brasil | Índice de receita nominal de vendas no comércio varejista | Tecidos, vestuário e calçados | PMC - Número-índice (2022=100)",real,1.2987012987012987,0.0003811650745864,0.0293497107431544,0.0293497107431539,100.0,2020-T3,75.0,Bridge · señal contemporánea fuerte
pesos_senal_fuerte,1,gasto publico tesouro: pagos totales,fiscal,1.2987012987012987,0.0003769047326379,-0.0290216644131195,-0.0290216644131195,0.0,2019-T2,76.0,Bridge · señal contemporánea fuerte
pesos_senal_fuerte,1,PMC actividades complementarias | Brasil | Índice de receita nominal de vendas no comércio varejista | Combustíveis e lubrificantes | PMC - Número-índice (2022=100),real,9.090909090909092,0.0003758655793966,-0.0025565605105262,0.0029634169169245,71.42857142857143,2016-T4,77.0,Bridge · señal contemporánea fuerte
pesos_senal_fuerte,1,PIM-PF categorias economicas | Brasil | 31 Bens de consumo duráveis | PIMPF - Número-índice (2022=100),real,9.090909090909092,0.0003735375149423,-0.0012530825674242,0.003746083719707,85.71428571428571,2022-T3,78.0,Bridge · señal contemporánea fuerte
pesos_senal_fuerte,1,"PIM-PF grupos y clases | Brasil | 25.4 Fabricação de artigos de cutelaria, de serralheria e ferramentas | PIMPF - Número-índice (2022=100)",real,9.090909090909092,0.0003622032555429,-0.0038297837050104,-0.0039463720320751,14.285714285714285,2011-T1,79.0,Bridge · señal contemporánea fuerte
pesos_senal_fuerte,1,PIM-PF grupos y clases | Brasil | 28.2 Fabricação de máquinas e equipamentos de uso geral | PIMPF - Número-índice (2022=100),real,1.2987012987012987,0.0003614913858687,0.0278348367118963,0.0278348367118963,100.0,2025-T1,80.0,Bridge · señal contemporánea fuerte
pesos_senal_fuerte,1,PMC actividades complementarias | Brasil | Índice de receita nominal de vendas no comércio varejista | Móveis e eletrodomésticos | PMC - Número-índice (2022=100),real,9.090909090909092,0.0003613136260167,-0.0018517543466469,-0.0022924331381625,42.85714285714285,2010-T2,81.0,Bridge · señal contemporánea fuerte
pesos_senal_fuerte,1,PMS total | Brasil | Índice de receita nominal de serviços | PMS - Número-índice (2022=100),real,2.5974025974025974,0.0003593291639977,0.0138341728139137,-0.0024211594218528,50.0,2026-T2,82.0,Bridge · señal contemporánea fuerte
pesos_senal_fuerte,1,"PMC comercio ampliado por actividad | Brasil | Índice de volume de vendas no comércio varejista ampliado | Veículos, motocicletas, partes e peças | PMC - Número-índice (2022=100)",real,1.2987012987012987,0.0003360384177193,0.0258749581643864,-0.0258749581643864,0.0,2009-T1,83.0,Bridge · señal contemporánea fuerte
pesos_senal_fuerte,1,"PMC vehiculos | Brasil | Índice de volume de vendas de veículos, motocicletas, partes e peças | PMC - Número-índice (2022=100)",real,1.2987012987012987,0.0003360384177193,0.0258749581643864,-0.0258749581643864,0.0,2009-T1,84.0,Bridge · señal contemporánea fuerte
pesos_senal_fuerte,1,gasto publico tesouro: comprometido,fiscal,6.493506493506493,0.0003335864168481,0.0051372308194621,0.0012470167551193,80.0,2022-T3,85.0,Bridge · señal contemporánea fuerte
pesos_senal_fuerte,1,PMC comercio ampliado por actividad | Brasil | Índice de receita nominal de vendas no comércio varejista ampliado | Móveis e eletrodomésticos | PMC - Número-índice (2022=100),real,6.493506493506493,0.0003322033436396,-0.0027929861100027,-0.0034099364181244,40.0,2010-T2,86.0,Bridge · señal contemporánea fuerte
pesos_senal_fuerte,1,gasto publico tesouro: devengado,fiscal,1.2987012987012987,0.0003239670666451,0.024945464131677,0.024945464131677,100.0,2022-T4,87.0,Bridge · señal contemporánea fuerte
pesos_senal_fuerte,1,PIM-PF grupos y clases | Brasil | 26.1 Fabricação de componentes eletrônicos | PIMPF - Número-índice (2022=100),real,3.896103896103896,0.0003138489343212,0.0030810630734403,0.0039342540213869,66.66666666666666,2022-T1,88.0,Bridge · señal contemporánea fuerte
pesos_senal_fuerte,1,balanza pagos: servicios gobierno millones usd,externo,2.5974025974025974,0.0003137062657811,-0.0060352476477048,-0.012077691232574,0.0,2007-T4,89.0,Bridge · señal contemporánea fuerte
pesos_senal_fuerte,1,PIM-PF grupos y clases | Brasil | 22.11 Fabricação de pneumáticos e de câmaras-de-ar | PIMPF - Número-índice (2022=100),real,2.5974025974025974,0.0003094648810986,1.6592272934117316e-05,-0.0119143979222981,0.0,2022-T3,90.0,Bridge · señal contemporánea fuerte
pesos_senal_fuerte,1,balanza pagos: otras inversiones millones usd,externo,2.5974025974025974,0.0002824902874704,-0.010875876067611,-0.010875876067611,0.0,2022-T1,91.0,Bridge · señal contemporánea fuerte
pesos_senal_fuerte,1,ibc br: mensual agropecuaria sin ajuste pct,real,6.493506493506493,0.0002814054410784,-0.0038531326629462,-0.0038528298223026,40.0,2022-T1,92.0,Bridge · señal contemporánea fuerte
pesos_senal_fuerte,1,PMS actividades | Brasil | Índice de volume de serviços | 3.2 Serviços administrativos e complementares | PMS - Número-índice (2022=100),real,2.5974025974025974,0.0002790369456764,-0.0077717491492974,-0.0107429224085442,0.0,2023-T1,93.0,Bridge · señal contemporánea fuerte
pesos_senal_fuerte,1,Vendas de autoveículos no mercado interno,real,1.2987012987012987,0.0002555492250058,-0.0196772903254501,0.0196772903254501,100.0,2026-T2,94.0,Bridge · señal contemporánea fuerte
pesos_senal_fuerte,1,ibc br: tres meses industria sin ajuste pct,real,7.792207792207792,0.000244220773941,0.0012199992160974,0.0007204360517257,66.66666666666666,2025-T2,95.0,Bridge · señal contemporánea fuerte
pesos_senal_fuerte,1,base monetaria: valor,financiero,2.5974025974025974,0.0002432976549472,0.0093669597154685,0.0093669597154685,100.0,2009-T4,96.0,Bridge · señal contemporánea fuerte
pesos_senal_fuerte,1,Zona euro: indice produccion industrial,real,5.194805194805195,0.0002389308647154,-0.0033825872330109,-0.0033825872330109,25.0,2009-T2,97.0,Bridge · señal contemporánea fuerte
pesos_senal_fuerte,1,balanza pagos: derivados millones usd,externo,3.896103896103896,0.0002339780790649,-0.0043555804674346,-0.0020337256698036,33.33333333333333,2009-T2,98.0,Bridge · señal contemporánea fuerte
pesos_senal_fuerte,1,gasto publico tesouro: dotacion actualizada,fiscal,2.5974025974025974,0.0002179184208052,0.0083017234816521,0.0083898592010021,100.0,2025-T1,99.0,Bridge · señal contemporánea fuerte
pesos_senal_fuerte,1,PMS segmentos | Brasil | Índice de receita nominal de serviços | Total | PMS - Número-índice (2022=100),real,1.2987012987012987,0.0002111082108541,0.0162553322357666,-0.0162553322357665,0.0,2026-T2,100.0,Bridge · señal contemporánea fuerte
pesos_senal_fuerte,1,gasto publico tesouro: dotacion actualizada,fiscal,9.090909090909092,0.0001980218015014,0.0021782398165155,0.0016431309913167,71.42857142857143,2022-T2,101.0,Bridge · señal contemporánea fuerte
pesos_senal_fuerte,1,"PIM-PF grupos y clases | Brasil | 10.11 Abate de reses, exceto suínos | PIMPF - Número-índice (2022=100)",real,6.493506493506493,0.0001968212952994,-0.0026474541099834,-0.0029027606873226,20.0,2021-T1,102.0,Bridge · señal contemporánea fuerte
pesos_senal_fuerte,1,PIM-PF grupos y clases | Brasil | 20.1 Fabricação de produtos químicos inorgânicos | PIMPF - Número-índice (2022=100),real,2.5974025974025974,0.0001947062575192,0.0045752443215846,0.0045752443215845,50.0,2019-T2,103.0,Bridge · señal contemporánea fuerte
pesos_senal_fuerte,1,"PMS actividades | Brasil | Índice de receita nominal de serviços | 4. Transportes, serviços auxiliares aos transportes e correio | PMS - Número-índice (2022=100)",real,1.2987012987012987,0.0001945989280771,0.0149841174619419,0.0149841174619419,100.0,2025-T1,104.0,Bridge · señal contemporánea fuerte
pesos_senal_fuerte,1,"PMS actividades | Brasil | Índice de receita nominal de serviços | 2.2 Serviços audiovisuais, de edição e agências de notícias | PMS - Número-índice (2022=100)",real,3.896103896103896,0.0001934377535278,-0.0030593465172997,0.0030593465172997,66.66666666666666,2026-T2,105.0,Bridge · señal contemporánea fuerte
pesos_senal_fuerte,1,base monetaria: valor,financiero,1.2987012987012987,0.000188243712976,-0.0144947658991585,0.0144947658991585,100.0,2006-T2,106.0,Bridge · señal contemporánea fuerte
pesos_senal_fuerte,1,balanza pagos: servicios seguros millones usd,externo,1.2987012987012987,0.0001878784911335,-0.014466643817284,0.014466643817284,100.0,2015-T4,107.0,Bridge · señal contemporánea fuerte
pesos_senal_fuerte,1,"PIM-PF actividades industriales | Brasil | 3.15 Preparação de couros e fabricação de artefatos de couro, artigos para viagem e calçados | PIMPF - Número-índice (2022=100)",real,3.896103896103896,0.0001858422896216,-0.0047699521002899,-0.0019162705335069,33.33333333333333,2023-T1,108.0,Bridge · señal contemporánea fuerte
pesos_senal_fuerte,1,empleo pnadc: ocupados miles,real,1.2987012987012987,0.0001842693675712,-0.0141887413029872,-0.0141887413029877,0.0,2020-T3,109.0,Bridge · señal contemporánea fuerte
pesos_senal_fuerte,1,gasto publico tesouro: comprometido,fiscal,1.2987012987012987,0.0001838356183302,-0.0141553426114294,-0.0141553426114293,0.0,2026-T1,110.0,Bridge · señal contemporánea fuerte
pesos_senal_fuerte,1,PIM-PF actividades industriales | Brasil | 3.14 Confecção de artigos do vestuário e acessórios | PIMPF - Número-índice (2022=100),real,7.792207792207792,0.0001813007454247,0.000829763444491,-0.0003743693728235,33.33333333333333,2011-T1,111.0,Bridge · señal contemporánea fuerte
pesos_senal_fuerte,1,PIM-PF grupos y clases | Brasil | 27.5 Fabricação de eletrodomésticos | PIMPF - Número-índice (2022=100),real,7.792207792207792,0.0001789658161423,-0.0015292852493106,-0.0011526174805652,66.66666666666666,2012-T2,112.0,Bridge · señal contemporánea fuerte
pesos_senal_fuerte,1,Geração de energia elétrica - termo nuclear: quantidade,real,5.194805194805195,0.0001781960579168,-0.0033197370566288,-0.0026409648784044,50.0,2019-T2,113.0,Bridge · señal contemporánea fuerte
pesos_senal_fuerte,1,LSPA estimativas mensuales | Brasil | 1.2 Amendoim (1ª Safra) | Área plantada,real,1.2987012987012987,0.000177874156827,0.0136963100756819,-0.0136963100756819,0.0,2015-T1,114.0,Bridge · señal contemporánea fuerte
pesos_senal_fuerte,1,gasto publico tesouro: pagado ejercicio,fiscal,1.2987012987012987,0.0001771291398554,-0.0136389437688699,-0.0136389437688699,0.0,2026-T1,115.0,Bridge · señal contemporánea fuerte
pesos_senal_fuerte,1,resultado fiscal bcb: valor,fiscal,1.2987012987012987,0.0001650534826616,0.0127091181649484,-0.0127091181649485,0.0,2015-T4,116.0,Bridge · señal contemporánea fuerte
pesos_senal_fuerte,1,PMS segmentos | Brasil | Índice de receita nominal de serviços | 9. Serviços de apoio às atividades empresariais | PMS - Número-índice (2022=100),real,1.2987012987012987,0.0001606219108797,0.0123678871377438,0.0123678871377438,100.0,2026-T1,117.0,Bridge · señal contemporánea fuerte
pesos_senal_fuerte,1,"PMC comercio ampliado por actividad | Brasil | Índice de volume de vendas no comércio varejista ampliado | Equipamentos e materiais para escritório, informática e comunicação | PMC - Número-índice (2022=100)",real,3.896103896103896,0.0001511402220435,0.0036740128713521,-0.0037526190924183,33.33333333333333,2015-T1,118.0,Bridge · señal contemporánea fuerte
pesos_senal_fuerte,1,"PIM-PF actividades industriales | Brasil | 3.27 Fabricação de máquinas, aparelhos e materiais elétricos | PIMPF - Número-índice (2022=100)",real,5.194805194805195,0.0001497755575641,-0.0025785372959831,0.0028831794831098,75.0,2013-T3,119.0,Bridge · señal contemporánea fuerte
pesos_senal_fuerte,1,consumo mensual ibge: indice original,real,2.5974025974025974,0.0001496089320227,0.0055699739728278,-0.0055699739728278,50.0,2015-T1,120.0,Bridge · señal contemporánea fuerte
pesos_senal_fuerte,1,PIM-PF grupos y clases | Brasil | 15.1 Curtimento e outras preparações de couro | PIMPF - Número-índice (2022=100),real,3.896103896103896,0.0001440245959641,-0.0020644279436324,-0.0020644279436324,33.33333333333333,2011-T2,121.0,Bridge · señal contemporánea fuerte
pesos_senal_fuerte,1,gasto publico tesouro: restos pagados,fiscal,1.2987012987012987,0.0001436913221895,-0.0110642318085966,-0.0110642318085966,0.0,2019-T2,122.0,Bridge · señal contemporánea fuerte
pesos_senal_fuerte,1,base monetaria: valor,financiero,1.2987012987012987,0.0001380682352206,0.0106312541119882,-0.0106312541119881,0.0,2006-T2,123.0,Bridge · señal contemporánea fuerte
pesos_senal_fuerte,1,gasto publico tesouro: restos pagados,fiscal,2.5974025974025974,0.0001376425550376,-0.0049234796848987,-0.0052992383689486,0.0,2017-T1,124.0,Bridge · señal contemporánea fuerte
pesos_senal_fuerte,1,PIM-PF indicadores especiales | Brasil | 5.1.5 Bens de capital por atividade - Outros equipamentos de transporte | PIMPF - Número-índice (2022=100),real,5.194805194805195,0.0001285115250071,-0.0007074057517902,0.0002088843698686,75.0,2022-T2,125.0,Bridge · señal contemporánea fuerte
pesos_senal_fuerte,1,"PMC vehiculos | Brasil | Índice de receita nominal de vendas de veículos, motocicletas, partes e peças | PMC - Número-índice (2022=100)",real,1.2987012987012987,0.0001242847084577,-0.009569922551247,-0.0095699225512471,0.0,2009-T3,126.0,Bridge · señal contemporánea fuerte
pesos_senal_fuerte,1,Exportações - veículos comerciais leves - montados - qde.,real,5.194805194805195,0.0001212561043673,0.0007114324437596,0.0007114324437595,75.0,2009-T2,127.0,Bridge · señal contemporánea fuerte
pesos_senal_fuerte,1,PIM-PF grupos y clases | Brasil | 27.59 Fabricação de aparelhos eletrodomésticos não especificados anteriormente | PIMPF - Número-índice (2022=100),real,3.896103896103896,0.0001211513383868,1.1888724822811551e-05,3.918946221274459e-05,66.66666666666666,2012-T3,128.0,Bridge · señal contemporánea fuerte
pesos_senal_fuerte,1,PMC comercio ampliado por actividad | Brasil | Índice de receita nominal de vendas no comércio varejista ampliado | Hipermercados e supermercados | PMC - Número-índice (2022=100),real,9.090909090909092,0.0001164211655982,0.000592134676551,0.000592134676551,71.42857142857143,2011-T2,129.0,Bridge · señal contemporánea fuerte
pesos_senal_fuerte,1,"PIM-PF indicadores especiales | Brasil | 5.4.5 Bens de consumo semi e não duráveis por atividade - Preparação de couros e fabricação de artefatos de couro, artigos para viagem e calçados | PIMPF - Número-índice (2022=100)",real,1.2987012987012987,0.0001113894316861,-0.0085769862398345,-0.0085769862398344,0.0,2026-T1,130.0,Bridge · señal contemporánea fuerte
pesos_senal_fuerte,1,gasto publico tesouro: restos pagados,fiscal,1.2987012987012987,0.0001028217012804,0.0079172709985911,0.0079172709985911,100.0,2022-T4,131.0,Bridge · señal contemporánea fuerte
pesos_senal_fuerte,1,Energia elétrica - consumo - região Norte (N) - quantidade,real,20.77922077922078,9.431883469648213e-05,9.199476997585044e-05,0.0002625605664651,50.0,2010-T2,132.0,Bridge · señal contemporánea fuerte
pesos_senal_fuerte,1,Licenciamento Nacionais - Caminhões - montados - qde.,real,1.2987012987012987,8.946644222834738e-05,-0.0068889160515827,-0.0068889160515827,0.0,2012-T2,133.0,Bridge · señal contemporánea fuerte
pesos_senal_fuerte,1,"PMC comercio ampliado por actividad | Brasil | Índice de receita nominal de vendas no comércio varejista ampliado | Tecidos, vestuário e calçados | PMC - Número-índice (2022=100)",real,1.2987012987012987,8.011083256866918e-05,0.0061685341077875,0.0061685341077875,100.0,2021-T1,134.0,Bridge · señal contemporánea fuerte
pesos_senal_fuerte,1,ipca: variacion mensual pct,real,14.285714285714286,7.785687456221855e-05,0.0003837200688232,0.0003291585620494,54.54545454545454,2010-T1,135.0,Bridge · señal contemporánea fuerte
pesos_senal_fuerte,1,PIM-PF indicadores especiales | Brasil | 3.1 Embalagens de vidro | PIMPF - Número-índice (2022=100),real,6.493506493506493,7.774910848768355e-05,0.001054897683102,0.0010538850561271,60.0,2020-T3,136.0,Bridge · señal contemporánea fuerte
pesos_senal_fuerte,1,PIM-PF grupos y clases | Brasil | 14.2 Fabricação de artigos de malharia e tricotagem | PIMPF - Número-índice (2022=100),real,1.2987012987012987,7.547618959447365e-05,0.0058116665987744,0.0058116665987745,100.0,2025-T1,137.0,Bridge · señal contemporánea fuerte
pesos_senal_fuerte,1,PIM-PF actividades industriales | Brasil | 3.24 Metalurgia | PIMPF - Número-índice (2022=100),real,2.5974025974025974,7.06064463682569e-05,0.0008164251611942,0.0008164251611944,50.0,2020-T4,138.0,Bridge · señal contemporánea fuerte
pesos_senal_fuerte,1,deuda publica federal: indice precios miles millones brl,financiero,1.2987012987012987,6.988623509805418e-05,-0.0053812401025501,-0.0053812401025501,0.0,2009-T2,139.0,Bridge · señal contemporánea fuerte
pesos_senal_fuerte,1,gasto publico tesouro: dotacion inicial,fiscal,1.2987012987012987,6.98356804416e-05,0.0053773473940031,0.0053773473940031,100.0,2025-T1,140.0,Bridge · señal contemporánea fuerte
pesos_senal_fuerte,1,PIM-PF grupos y clases | Brasil | 10.7 Fabricação e refino de açúcar | PIMPF - Número-índice (2022=100),real,2.5974025974025974,6.487843371135379e-05,0.0012164390077263,0.0012164390077263,50.0,2012-T2,141.0,Bridge · señal contemporánea fuerte
pesos_senal_fuerte,1,base monetaria: valor,financiero,3.896103896103896,6.263123304012933e-05,-0.0016075349813633,-0.0016075349813632,0.0,2009-T2,142.0,Bridge · señal contemporánea fuerte
pesos_senal_fuerte,1,empleo pnadc: ingreso real brl,real,1.2987012987012987,5.655261890916757e-05,0.0043545516560059,0.0043545516560059,100.0,2021-T1,143.0,Bridge · señal contemporánea fuerte
pesos_senal_fuerte,1,LSPA estimativas mensuales | Brasil | 11 Cana-de-açúcar | Área plantada,real,3.896103896103896,5.3723176080525866e-05,-0.0008890249773953,-0.0013788948527334,0.0,2019-T2,144.0,Bridge · señal contemporánea fuerte
pesos_senal_fuerte,1,"PIM-PF grupos y clases | Brasil | 17.3 Fabricação de embalagens de papel, cartolina, papel-cartão e papelão ondulado | PIMPF - Número-índice (2022=100)",real,2.5974025974025974,5.265228483202623e-05,-0.002027112966033,-0.0020271129660329,0.0,2021-T1,145.0,Bridge · señal contemporánea fuerte
pesos_senal_fuerte,1,LSPA estimativas mensuales | Brasil | 21 Mandioca | Área plantada,real,1.2987012987012987,5.216920537544084e-05,0.0040170288139089,0.0040170288139089,100.0,2022-T4,146.0,Bridge · señal contemporánea fuerte
pesos_senal_fuerte,1,PIM-PF categorias economicas | Brasil | 2 Bens intermediários | PIMPF - Número-índice (2022=100),real,2.5974025974025974,5.206573361306557e-05,-0.002004530744103,-0.001871368428171,50.0,2021-T1,147.0,Bridge · señal contemporánea fuerte
pesos_senal_fuerte,1,PIM-PF categorias economicas | Brasil | 311 Bens de consumo duráveis - exceto automóveis para passageiros e equipamentos de transporte não industrial | PIMPF - Número-índice (2022=100),real,1.2987012987012987,4.9005078245177775e-05,-0.0037733910248786,0.0037733910248787,100.0,2013-T3,148.0,Bridge · señal contemporánea fuerte
pesos_senal_fuerte,1,LSPA estimativas mensuales | Brasil | 7 Batata - inglesa (3ª Safra) | Área plantada,real,1.2987012987012987,4.758836970190071e-05,-0.0036643044670463,0.0036643044670463,100.0,2015-T1,149.0,Bridge · señal contemporánea fuerte
pesos_senal_fuerte,1,gasto publico tesouro: pagos totales,fiscal,1.2987012987012987,4.555661772872108e-05,0.0035078595651115,0.0035078595651115,100.0,2022-T1,150.0,Bridge · señal contemporánea fuerte
pesos_senal_fuerte,1,ibc br: indice agropecuaria sin ajuste,real,5.194805194805195,4.453133148182272e-05,0.0001578474120658,0.0008572281310249,100.0,2021-T4,151.0,Bridge · señal contemporánea fuerte
pesos_senal_fuerte,1,S&P 500: promedio mensual del cierre diario,real,1.2987012987012987,4.4371460875165375e-05,0.0034166024873877,0.0034166024873877,100.0,2019-T2,152.0,Bridge · señal contemporánea fuerte
pesos_senal_fuerte,1,gasto publico tesouro: devengado,fiscal,1.2987012987012987,4.216927023221553e-05,0.0032470338078805,0.0032470338078806,100.0,2023-T1,153.0,Bridge · señal contemporánea fuerte
pesos_senal_fuerte,1,gasto publico tesouro: pagado ejercicio,fiscal,1.2987012987012987,4.216927023221553e-05,0.0032470338078805,0.0032470338078806,100.0,2023-T1,154.0,Bridge · señal contemporánea fuerte
pesos_senal_fuerte,1,ipp: mensual pct,real,1.2987012987012987,4.068322792180915e-05,0.0031326085499793,0.0031326085499792,100.0,2020-T4,155.0,Bridge · señal contemporánea fuerte
pesos_senal_fuerte,1,PMC comercio ampliado por actividad | Brasil | Índice de volume de vendas no comércio varejista ampliado | Móveis e eletrodomésticos | PMC - Número-índice (2022=100),real,2.5974025974025974,3.9172163817157305e-05,9.622007685948748e-05,9.622007685960998e-05,50.0,2009-T3,156.0,Bridge · señal contemporánea fuerte
pesos_senal_fuerte,1,consumo mensual ibge: indice original,real,2.5974025974025974,3.91721638171573e-05,9.622007685948736e-05,9.622007685960998e-05,50.0,2009-T3,157.0,Bridge · señal contemporánea fuerte
pesos_senal_fuerte,1,gasto publico tesouro: devengado,fiscal,1.2987012987012987,3.5852027725940835e-05,0.0027606061348974,0.0027606061348974,100.0,2019-T2,158.0,Bridge · señal contemporánea fuerte
pesos_senal_fuerte,1,LSPA estimativas mensuales | Brasil | 1.14 Mamona | Área plantada,real,7.792207792207792,3.491825639207348e-05,-3.947571244515726e-05,-5.711581369901205e-05,50.0,2023-T1,159.0,Bridge · señal contemporánea fuerte
pesos_senal_fuerte,1,Licenciamento total - Caminhões - montados - qde.,real,2.5974025974025974,3.419402440606036e-05,-0.0012675074032814,-0.0012675074032815,50.0,2022-T2,160.0,Bridge · señal contemporánea fuerte
pesos_senal_fuerte,1,scr indexadores: cartera activa miles millones brl,financiero,1.2987012987012987,3.3974219869325976e-05,0.0026160149299381,0.0026160149299381,100.0,2026-T1,161.0,Bridge · señal contemporánea fuerte
pesos_senal_fuerte,1,gasto publico tesouro: devengado,fiscal,2.5974025974025974,3.353621386012971e-05,0.0012911442336149,0.0012911442336149,100.0,2026-T1,162.0,Bridge · señal contemporánea fuerte
pesos_senal_fuerte,1,ipca: variacion mensual pct,real,1.2987012987012987,3.348783828603266e-05,-0.0025785635480245,-0.0025785635480245,0.0,2026-T1,163.0,Bridge · señal contemporánea fuerte
pesos_senal_fuerte,1,"PIM-PF grupos y clases | Brasil | 16.2 Fabricação de produtos de madeira, cortiça e material trançado, exceto móveis | PIMPF - Número-índice (2022=100)",real,1.2987012987012987,3.320351202182132e-05,-0.0025566704256802,0.00255667042568,100.0,2015-T4,164.0,Bridge · señal contemporánea fuerte
pesos_senal_fuerte,1,balanza pagos: servicios millones usd,externo,1.2987012987012987,3.167634719435837e-05,0.0024390787339655,-0.0024390787339656,0.0,2006-T2,165.0,Bridge · señal contemporánea fuerte
pesos_senal_fuerte,1,ipp: mensual pct,real,1.2987012987012987,3.0319804738575388e-05,0.0023346249648703,0.0023346249648703,100.0,2021-T1,166.0,Bridge · señal contemporánea fuerte
pesos_senal_fuerte,1,gasto publico tesouro: pagos totales,fiscal,1.2987012987012987,2.936572518570198e-05,-0.002261160839299,0.002261160839299,100.0,2023-T3,167.0,Bridge · señal contemporánea fuerte
pesos_senal_fuerte,1,PMS actividades | Brasil | Índice de receita nominal de serviços | 5. Outros serviços | PMS - Número-índice (2022=100),real,1.2987012987012987,2.753042537062542e-05,0.0021198427535381,0.0021198427535381,100.0,2019-T2,168.0,Bridge · señal contemporánea fuerte
pesos_senal_fuerte,1,"PIM-PF grupos y clases | Brasil | 17.4 Fabricação de produtos diversos de papel, cartolina, papel-cartão e papelão ondulado | PIMPF - Número-índice (2022=100)",real,2.5974025974025974,2.6434599012751346e-05,0.0010177320619909,0.0007277653429468,50.0,2012-T2,169.0,Bridge · señal contemporánea fuerte
pesos_senal_fuerte,1,gasto publico tesouro: comprometido,fiscal,1.2987012987012987,2.6207380363148088e-05,-0.0020179682879624,-0.0020179682879624,0.0,2022-T1,170.0,Bridge · señal contemporánea fuerte
pesos_senal_fuerte,1,PIM-PF grupos y clases | Brasil | 19.3 Fabricação de biocombustíveis | PIMPF - Número-índice (2022=100),real,5.194805194805195,2.6202029718329293e-05,-0.0005043890720778,0.0004804964554678,50.0,2013-T3,171.0,Bridge · señal contemporánea fuerte
pesos_senal_fuerte,1,PMC actividades complementarias | Brasil | Índice de receita nominal de vendas no comércio varejista | Hipermercados e supermercados | PMC - Número-índice (2022=100),real,1.2987012987012987,2.5940877454855146e-05,-0.0019974475640238,-0.0019974475640238,0.0,2009-T4,172.0,Bridge · señal contemporánea fuerte
pesos_senal_fuerte,1,PMS segmentos | Brasil | Índice de volume de serviços | 13. Transporte aquaviário | PMS - Número-índice (2022=100),real,1.2987012987012987,2.399322551672015e-05,0.0018474783647874,0.0018474783647874,100.0,2022-T2,173.0,Bridge · señal contemporánea fuerte
pesos_senal_fuerte,1,gasto publico tesouro: comprometido,fiscal,1.2987012987012987,2.328489082429812e-05,-0.0017929365934709,-0.0017929365934709,0.0,2022-T1,174.0,Bridge · señal contemporánea fuerte
pesos_senal_fuerte,1,Intenção de consumo das famílias - total,real,1.2987012987012987,2.199934498158912e-05,0.0016939495635823,0.0016939495635823,100.0,2025-T1,175.0,Bridge · señal contemporánea fuerte
pesos_senal_fuerte,1,gasto publico tesouro: comprometido,fiscal,1.2987012987012987,2.1689145786737444e-05,-0.0016700642255787,-0.0016700642255788,0.0,2022-T4,176.0,Bridge · señal contemporánea fuerte
pesos_senal_fuerte,1,gasto publico tesouro: comprometido,fiscal,1.2987012987012987,2.1325492619647585e-05,0.0016420629317128,-0.0016420629317128,0.0,2023-T3,177.0,Bridge · señal contemporánea fuerte
pesos_senal_fuerte,1,Indicadores Industriais - pessoal empregado - indústria - índice (média 2006 = 100),real,1.2987012987012987,2.130190398383188e-05,0.001640246606755,-0.0016402466067551,0.0,2012-T1,178.0,Bridge · señal contemporánea fuerte
pesos_senal_fuerte,1,PIM-PF grupos y clases | Brasil | 25.91 Fabricação de embalagens metálicas | PIMPF - Número-índice (2022=100),real,1.2987012987012987,1.7856211621788906e-05,-0.0013749282948777,-0.0013749282948776,0.0,2021-T1,179.0,Bridge · señal contemporánea fuerte
pesos_senal_fuerte,1,balanza pagos: renta reservas millones usd,externo,1.2987012987012987,1.7385115123556007e-05,0.0013386538645138,-0.0013386538645138,0.0,2006-T2,180.0,Bridge · señal contemporánea fuerte
pesos_senal_fuerte,1,"PIM-PF grupos y clases | Brasil | 10.42 Fabricação de óleos vegetais refinados, exceto óleo de milho | PIMPF - Número-índice (2022=100)",real,1.2987012987012987,1.5058903708765058e-05,0.0011595355855749,-0.0011595355855749,0.0,2012-T1,181.0,Bridge · señal contemporánea fuerte
pesos_senal_fuerte,1,"PIM-PF categorias economicas | Brasil | 210 Alimentos e bebidas básicos, destinados principalmente à indústria | PIMPF - Número-índice (2022=100)",real,1.2987012987012987,1.4940346529894516e-05,-0.0011504066828018,0.001150406682802,100.0,2012-T1,182.0,Bridge · señal contemporánea fuerte
pesos_senal_fuerte,1,gasto publico tesouro: comprometido,fiscal,1.2987012987012987,1.4885395764445762e-05,0.0011461754738623,0.0011461754738623,100.0,2019-T2,183.0,Bridge · señal contemporánea fuerte
pesos_senal_fuerte,1,base monetaria: valor,financiero,2.5974025974025974,1.4547131212738626e-05,0.0005600645516904,6.616395944869513e-05,50.0,2007-T4,184.0,Bridge · señal contemporánea fuerte
pesos_senal_fuerte,1,PIM-PF categorias economicas | Brasil | 325 Gasolinas para automóvel (motor spirit) | PIMPF - Número-índice (2022=100),real,1.2987012987012987,1.4532629858429875e-05,0.0011190124990991,0.0011190124990991,100.0,2019-T2,185.0,Bridge · señal contemporánea fuerte
pesos_senal_fuerte,1,gasto publico tesouro: comprometido,fiscal,1.2987012987012987,1.4428502425191428e-05,-0.0011109946867397,-0.0011109946867398,0.0,2020-T3,186.0,Bridge · señal contemporánea fuerte
pesos_senal_fuerte,1,Exportações - ônibus - montados - qde.,real,1.2987012987012987,1.342302197651176e-05,0.0010335726921914,0.0010335726921913,100.0,2009-T2,187.0,Bridge · señal contemporánea fuerte
pesos_senal_fuerte,1,gasto publico tesouro: restos pagados,fiscal,1.2987012987012987,1.2261997420831022e-05,-0.0009441738014039,-0.0009441738014039,0.0,2019-T2,188.0,Bridge · señal contemporánea fuerte
pesos_senal_fuerte,1,gasto publico tesouro: restos pagados,fiscal,1.2987012987012987,1.21394868153082e-05,-0.0009347404847787,-0.0009347404847787,0.0,2019-T2,189.0,Bridge · señal contemporánea fuerte
pesos_senal_fuerte,1,Geração de energia elétrica - hidráulica: quantidade,real,3.896103896103896,1.2101318261979694e-05,8.141563339306963e-07,0.0003106005020574,100.0,2006-T2,190.0,Bridge · señal contemporánea fuerte
pesos_senal_fuerte,1,PMS segmentos | Brasil | Índice de receita nominal de serviços | 13. Transporte aquaviário | PMS - Número-índice (2022=100),real,1.2987012987012987,1.0931171906646222e-05,-0.0008417002368117,-0.0008417002368117,0.0,2026-T1,191.0,Bridge · señal contemporánea fuerte
pesos_senal_fuerte,1,PMS actividades | Brasil | Índice de receita nominal de serviços | 4.2 Transporte aquaviário | PMS - Número-índice (2022=100),real,1.2987012987012987,1.0931171906646222e-05,-0.0008417002368117,-0.0008417002368117,0.0,2026-T1,192.0,Bridge · señal contemporánea fuerte
pesos_senal_fuerte,1,Indicadores Industriais - utilização da capacidade instalada - indústria - índice (média 2006 = 100),real,1.2987012987012987,1.0575490916963267e-05,-0.0008143128006061,-0.0008143128006061,0.0,2012-T2,193.0,Bridge · señal contemporánea fuerte
pesos_senal_fuerte,1,gasto publico tesouro: restos pagados,fiscal,1.2987012987012987,9.640882941170576e-06,-0.0007423479864701,-0.0007423479864701,0.0,2019-T2,194.0,Bridge · señal contemporánea fuerte
pesos_senal_fuerte,1,ipca: variacion mensual pct,real,1.2987012987012987,9.281534797666333e-06,-0.0007146781794203,0.0007146781794205,100.0,2012-T1,195.0,Bridge · señal contemporánea fuerte
pesos_senal_fuerte,1,gasto publico tesouro: comprometido,fiscal,1.2987012987012987,8.994968892835068e-06,0.0006926126047483,-0.0006926126047482,0.0,2023-T3,196.0,Bridge · señal contemporánea fuerte
pesos_senal_fuerte,1,Licenciamento Nacionais - Veículos comerciais leves - montados - qde.,real,2.5974025974025974,8.556700170015337e-06,-0.0003294329565455,0.0003294329565455,100.0,2024-T1,197.0,Bridge · señal contemporánea fuerte
pesos_senal_fuerte,1,LSPA estimativas mensuales | Brasil | 1.18 Sorgo | Área plantada,real,1.2987012987012987,8.274752477018547e-06,-0.0006371559407304,0.0006371559407303,100.0,2015-T1,198.0,Bridge · señal contemporánea fuerte
pesos_senal_fuerte,1,LSPA estimativas mensuales | Brasil | 4 Banana | Área plantada,real,1.2987012987012987,7.821642978768009e-06,0.0006022665093651,0.0006022665093651,100.0,2022-T1,199.0,Bridge · señal contemporánea fuerte
pesos_senal_fuerte,1,balanza pagos: servicios construccion millones usd,externo,2.5974025974025974,7.069293053506798e-06,0.00027216778256,6.315881717244842e-05,50.0,2012-T2,200.0,Bridge · señal contemporánea fuerte
pesos_senal_fuerte,1,gasto publico tesouro: restos pagados,fiscal,2.5974025974025974,6.0037877864314985e-06,0.0002055154716976,0.0002055154716974,50.0,2019-T2,201.0,Bridge · señal contemporánea fuerte
pesos_senal_fuerte,1,PIM-PF grupos y clases | Brasil | 23.9 Aparelhamento de pedras e fabricação de outros produtos de minerais não metálicos | PIMPF - Número-índice (2022=100),real,1.2987012987012987,5.583038139552478e-06,0.0004298939367455,-0.0004298939367455,0.0,2013-T3,202.0,Bridge · señal contemporánea fuerte
pesos_senal_fuerte,1,base monetaria: valor,financiero,3.896103896103896,5.36052610141514e-06,5.865036487381021e-05,-0.0001018772327519,33.33333333333333,2006-T2,203.0,Bridge · señal contemporánea fuerte
pesos_senal_fuerte,1,gasto publico tesouro: restos pagados,fiscal,1.2987012987012987,4.623422003082286e-06,0.0003560034942373,0.0003560034942373,100.0,2026-T1,204.0,Bridge · señal contemporánea fuerte
pesos_senal_fuerte,1,Indicadores Industriais - utilização da capacidade instalada - indústria - índice dessazonalizado (média 2006 = 100),real,1.2987012987012987,3.536824902074069e-06,-0.0002723355174597,0.0002723355174598,100.0,2012-T1,205.0,Bridge · señal contemporánea fuerte
pesos_senal_fuerte,1,gasto publico tesouro: dotacion actualizada,fiscal,1.2987012987012987,3.4089768230346807e-06,0.0002624912153736,0.0002624912153734,100.0,2020-T3,206.0,Bridge · señal contemporánea fuerte
pesos_senal_fuerte,1,"PIM-PF categorias economicas | Brasil | 220 Alimentos e bebidas elaborados, destinados principalmente à indústria | PIMPF - Número-índice (2022=100)",real,1.2987012987012987,3.12354661354316e-06,-0.0002405130892428,0.0002405130892428,100.0,2012-T1,207.0,Bridge · señal contemporánea fuerte
pesos_senal_fuerte,1,"PIM-PF grupos y clases | Brasil | 28.1 Fabricação de motores, bombas, compressores e equipamentos de transmissão | PIMPF - Número-índice (2022=100)",real,1.2987012987012987,2.06028379050364e-06,-0.0001586418518687,-0.0001586418518687,0.0,2012-T3,208.0,Bridge · señal contemporánea fuerte
pesos_senal_fuerte,1,Produção - ônibus - montados - qde.,real,1.2987012987012987,2.0555186464354467e-06,-0.0001582749357755,-0.0001582749357755,0.0,2012-T3,209.0,Bridge · señal contemporánea fuerte
pesos_senal_fuerte,1,gasto publico tesouro: dotacion actualizada,fiscal,2.5974025974025974,1.8325938315157385e-06,-6.464133194762217e-05,-6.464133194761246e-05,50.0,2022-T1,210.0,Bridge · señal contemporánea fuerte
pesos_senal_fuerte,1,gasto publico tesouro: devengado,fiscal,1.2987012987012987,1.7306631500229912e-06,0.0001332610625517,0.0001332610625517,100.0,2026-T1,211.0,Bridge · señal contemporánea fuerte
pesos_senal_fuerte,1,Produção - gás natural - média - quantidade,real,1.2987012987012987,1.6169303893425991e-06,-0.0001245036399793,0.0001245036399794,100.0,2006-T2,212.0,Bridge · señal contemporánea fuerte
pesos_senal_fuerte,1,gasto publico tesouro: restos pagados,fiscal,1.2987012987012987,8.56967825646151e-07,6.598652257475363e-05,6.59865225747236e-05,100.0,2022-T2,213.0,Bridge · señal contemporánea fuerte
pesos_senal_fuerte,1,Produção - petróleo - média - quantidade/dia,real,1.2987012987012987,8.032513327412508e-07,6.185035262107631e-05,6.185035262107341e-05,100.0,2009-T2,214.0,Bridge · señal contemporánea fuerte
pesos_senal_fuerte,1,LSPA estimativas mensuales | Brasil | 8 Cacau | Área plantada,real,1.2987012987012987,7.641687509824002e-07,-5.884099382564481e-05,-5.8840993825637344e-05,0.0,2019-T2,215.0,Bridge · señal contemporánea fuerte
pesos_senal_fuerte,1,ipca: variacion mensual pct,real,1.2987012987012987,7.190690732221083e-07,5.536831863810234e-05,5.536831863806047e-05,100.0,2007-T4,216.0,Bridge · señal contemporánea fuerte
pesos_senal_fuerte,1,gasto publico tesouro: pagado ejercicio,fiscal,1.2987012987012987,5.90241871691312e-07,4.5448624120231024e-05,4.544862412020345e-05,100.0,2022-T1,217.0,Bridge · señal contemporánea fuerte
pesos_senal_fuerte,1,gasto publico tesouro: devengado,fiscal,1.2987012987012987,7.464888032859297e-08,5.747963785301657e-06,5.747963785274202e-06,100.0,2022-T2,218.0,Bridge · señal contemporánea fuerte
pesos_senal_fuerte,1,deuda publica federal: otros pct,financiero,1.2987012987012987,6.47243130741844e-08,4.983772106712199e-06,-4.983772107003404e-06,0.0,2015-T1,219.0,Bridge · señal contemporánea fuerte
pesos_senal_fuerte,1,gasto publico tesouro: pagado ejercicio,fiscal,1.2987012987012987,4.852364516199992e-08,-3.736320677473994e-06,-3.7363206775165034e-06,0.0,2022-T2,220.0,Bridge · señal contemporánea fuerte
pesos_senal_fuerte,1,SINAPI costes de construccion | Brasil | Custo médio m² - número-índice,real,1.2987012987012987,7.089888805009541e-09,5.459214379857347e-07,5.459214379444077e-07,100.0,2009-T2,221.0,Bridge · señal contemporánea fuerte
pesos_senal_fuerte,1,selic tasas: selic efectiva media pct anual,real,1.2987012987012987,1.9205878046106696e-10,-1.4788526095502156e-08,1.4788526070397268e-08,100.0,2006-T2,222.0,Bridge · señal contemporánea fuerte
pesos_senal_fuerte,1,credito sgs: valor,financiero,1.2987012987012987,6.77895438809933e-11,5.2197948788364845e-09,5.2197949296228785e-09,100.0,2012-T3,223.0,Bridge · señal contemporánea fuerte
pesos_senal_fuerte,1,deuda publica federal: otros miles millones brl,financiero,1.2987012987012987,5.4295068910632815e-11,4.1807203061187275e-09,4.18072032548622e-09,100.0,2022-T1,224.0,Bridge · señal contemporánea fuerte
pesos_senal_fuerte,1,selic tasas: selic efectiva media pct diario,real,1.2987012987012987,0.0,0.0,0.0,0.0,2008-T2,225.0,Bridge · señal contemporánea fuerte
pesos_senal_fuerte,2,ibc br: tres meses servicios sin ajuste pct,real,36.36363636363637,0.1071102820967711,-0.2743899745960037,0.2158808630502464,60.71428571428571,2020-T2,1.0,Bridge · señal contemporánea fuerte
pesos_senal_fuerte,2,ibc br: tres meses sin ajuste pct,real,74.02597402597402,0.085222764363589,-0.0390648329396362,0.0552739513107353,57.89473684210527,2020-T2,2.0,Bridge · señal contemporánea fuerte
pesos_senal_fuerte,2,ibc br: indice sin ajuste,real,23.376623376623375,0.0584666253556017,-0.0863669171918134,0.0943880256493585,66.66666666666666,2020-T2,3.0,Bridge · señal contemporánea fuerte
pesos_senal_fuerte,2,Indicador IPEA de FBCF - índice real (média 1995 = 100),real,45.45454545454545,0.0322717169857298,-0.0353548620232747,0.0533500453722061,54.285714285714285,2008-T4,4.0,Bridge · señal contemporánea fuerte
pesos_senal_fuerte,2,PIM-PF actividades industriales | Brasil | 3 Indústrias de transformação | PIMPF - Número-índice (2022=100),real,25.97402597402597,0.0316354625934527,-0.0035812875364239,0.0222542507943878,60.0,2014-T3,5.0,Bridge · señal contemporánea fuerte
pesos_senal_fuerte,2,ibc br: tres meses impuestos sin ajuste pct,real,35.064935064935064,0.0271889333656933,0.0362497935918266,0.0256116596991027,59.25925925925925,2023-T4,6.0,Bridge · señal contemporánea fuerte
pesos_senal_fuerte,2,PMC comercio ampliado por actividad | Brasil | Índice de volume de vendas no comércio varejista ampliado | Combustíveis e lubrificantes | PMC - Número-índice (2022=100),real,7.792207792207792,0.0199151988469082,0.1981140491528505,-0.1022998382379384,50.0,2022-T3,7.0,Bridge · señal contemporánea fuerte
pesos_senal_fuerte,2,comex stat: importaciones totales fob usd,externo,24.675324675324678,0.0190984345960204,0.0306383704599591,0.0220926003178234,52.63157894736842,2011-T1,8.0,Bridge · señal contemporánea fuerte
pesos_senal_fuerte,2,Indicadores Industriais - pessoal empregado - indústria - índice dessazonalizado (média 2006 = 100),real,23.376623376623375,0.0187177374357347,0.0019727810373565,0.0580193871645434,66.66666666666666,2008-T4,9.0,Bridge · señal contemporánea fuerte
pesos_senal_fuerte,2,gasto publico tesouro: pagos totales,fiscal,10.38961038961039,0.0180262218594824,0.1615463059253275,-0.018648048722829,75.0,2021-T4,10.0,Bridge · señal contemporánea fuerte
pesos_senal_fuerte,2,America Latina: indice produccion industrial,real,44.15584415584416,0.0177685207460925,0.0062786269445663,0.02386706556433,52.94117647058824,2020-T3,11.0,Bridge · señal contemporánea fuerte
pesos_senal_fuerte,2,PMC comercio ampliado por actividad | Brasil | Índice de receita nominal de vendas no comércio varejista ampliado | Combustíveis e lubrificantes | PMC - Número-índice (2022=100),real,12.987012987012989,0.0150717317780598,0.0985457665829364,-0.0254421107597412,40.0,2020-T3,12.0,Bridge · señal contemporánea fuerte
pesos_senal_fuerte,2,deuda publica federal: tasa flotante miles millones brl,financiero,9.090909090909092,0.0148087481701454,0.0556237271335261,-0.1238997360007208,28.57142857142857,2012-T1,13.0,Bridge · señal contemporánea fuerte
pesos_senal_fuerte,2,gasto publico tesouro: comprometido,fiscal,2.5974025974025974,0.0136188637240574,0.4256901621262361,0.5243262533762124,100.0,2023-T1,14.0,Bridge · señal contemporánea fuerte
pesos_senal_fuerte,2,credito sgs: valor,financiero,5.194805194805195,0.011200227559722,0.2156043805246499,-0.043362578600148,50.0,2007-T3,15.0,Bridge · señal contemporánea fuerte
pesos_senal_fuerte,2,Estados Unidos: indice produccion industrial,real,27.272727272727277,0.0107123639431462,0.0016677282184436,-0.0181431791450287,47.61904761904761,2021-T4,16.0,Bridge · señal contemporánea fuerte
pesos_senal_fuerte,2,empleo pnadc: ocupados miles,real,15.584415584415584,0.0106676476291516,0.0394281903455519,0.01850667725533,66.66666666666666,2021-T3,17.0,Bridge · señal contemporánea fuerte
pesos_senal_fuerte,2,"PIM-PF grupos y clases | Brasil | 17.2 Fabricação de papel, cartolina e papel-cartão | PIMPF - Número-índice (2022=100)",real,24.675324675324678,0.010337245174865,0.0289434271016432,-0.039628075516167,15.789473684210526,2024-T1,18.0,Bridge · señal contemporánea fuerte
pesos_senal_fuerte,2,"PIM-PF actividades industriales | Brasil | 3.26 Fabricação de equipamentos de informática, produtos eletrônicos e ópticos | PIMPF - Número-índice (2022=100)",real,19.48051948051948,0.0097123216343309,0.006926854532959,0.0101919268510019,46.66666666666666,2012-T2,19.0,Bridge · señal contemporánea fuerte
pesos_senal_fuerte,2,consumo mensual ibge: indice original,real,2.5974025974025974,0.0091299267283269,0.3489453216254892,-0.3515021790405883,0.0,2022-T3,20.0,Bridge · señal contemporánea fuerte
pesos_senal_fuerte,2,Energia elétrica - consumo - comércio - quantidade,real,22.07792207792208,0.0087325353365055,0.0083540711783346,0.0065302547969295,29.411764705882355,2024-T2,21.0,Bridge · señal contemporánea fuerte
pesos_senal_fuerte,2,Sondagem CNI: evolucion de la produccion industrial,real,9.090909090909092,0.0085644384372289,0.0639726122411793,-0.0213722887830409,42.85714285714285,2024-T1,22.0,Bridge · señal contemporánea fuerte
pesos_senal_fuerte,2,balanza pagos: renta cartera intereses domestico millones usd,externo,3.896103896103896,0.0076333282632649,0.1019942693529034,0.1019942693529034,33.33333333333333,2021-T1,23.0,Bridge · señal contemporánea fuerte
pesos_senal_fuerte,2,Energia elétrica - consumo - quantidade,real,12.987012987012989,0.0074767928158417,-0.0020172114456193,0.002035597097139,50.0,2024-T2,24.0,Bridge · señal contemporánea fuerte
pesos_senal_fuerte,2,gasto publico tesouro: devengado,fiscal,9.090909090909092,0.0074495212603714,-0.0819447338640856,-0.0185642362758526,28.57142857142857,2016-T3,25.0,Bridge · señal contemporánea fuerte
pesos_senal_fuerte,2,PIM-PF actividades industriales | Brasil | 3.32 Fabricação de produtos diversos | PIMPF - Número-índice (2022=100),real,12.987012987012989,0.0071933054686374,0.0089675673346468,-0.0123127693452494,40.0,2025-T3,26.0,Bridge · señal contemporánea fuerte
pesos_senal_fuerte,2,ibc br: indice industria sin ajuste,real,12.987012987012989,0.0067174135686074,0.0387150583148128,0.0344445051351695,40.0,2020-T3,27.0,Bridge · señal contemporánea fuerte
pesos_senal_fuerte,2,Mundo: indice produccion industrial,real,11.688311688311687,0.0061188038119057,0.0014106594738451,0.0464366108399311,77.77777777777779,2009-T1,28.0,Bridge · señal contemporánea fuerte
pesos_senal_fuerte,2,gasto publico tesouro: comprometido,fiscal,5.194805194805195,0.0059784798320106,-0.1067972612060288,-0.0616388818704255,50.0,2021-T1,29.0,Bridge · señal contemporánea fuerte
pesos_senal_fuerte,2,credito sgs: valor,financiero,12.987012987012989,0.00572574174212,0.0270298137099267,0.0130903357966731,50.0,2020-T3,30.0,Bridge · señal contemporánea fuerte
pesos_senal_fuerte,2,gasto publico tesouro: comprometido,fiscal,1.2987012987012987,0.0052815255992075,0.4066774711389775,0.4066774711389775,100.0,2026-T1,31.0,Bridge · señal contemporánea fuerte
pesos_senal_fuerte,2,"PIM-PF actividades industriales | Brasil | 3.29 Fabricação de veículos automotores, reboques e carrocerias | PIMPF - Número-índice (2022=100)",real,7.792207792207792,0.004997912108633,0.0365020853672137,0.0281405085696656,50.0,2020-T3,32.0,Bridge · señal contemporánea fuerte
pesos_senal_fuerte,2,"PIM-PF actividades industriales | Brasil | 3.25 Fabricação de produtos de metal, exceto máquinas e equipamentos | PIMPF - Número-índice (2022=100)",real,10.38961038961039,0.004744095621958,0.0093832630696683,0.0456619203613458,100.0,2011-T1,33.0,Bridge · señal contemporánea fuerte
pesos_senal_fuerte,2,balanza pagos: activos reserva millones usd,externo,5.194805194805195,0.0047354149565982,-0.0911567379145165,0.0911567379145165,100.0,2015-T1,34.0,Bridge · señal contemporánea fuerte
pesos_senal_fuerte,2,gasto publico tesouro: restos pagados,fiscal,6.493506493506493,0.0046638178438109,0.0718227947946889,0.0424192001827516,80.0,2021-T1,35.0,Bridge · señal contemporánea fuerte
pesos_senal_fuerte,2,PIM-PF actividades industriales | Brasil | 3.28 Fabricação de máquinas e equipamentos | PIMPF - Número-índice (2022=100),real,12.987012987012989,0.0046210859455002,0.020821596535945,-0.0233801963880998,10.0,2011-T4,36.0,Bridge · señal contemporánea fuerte
pesos_senal_fuerte,2,"PMC actividades complementarias | Brasil | Índice de receita nominal de vendas no comércio varejista | Tecidos, vestuário e calçados | PMC - Número-índice (2022=100)",real,1.2987012987012987,0.0045228134221224,0.3482566335034299,0.3482566335034294,100.0,2020-T3,37.0,Bridge · señal contemporánea fuerte
pesos_senal_fuerte,2,gasto publico tesouro: comprometido,fiscal,1.2987012987012987,0.0039674168066258,0.3054910941101886,0.305491094110188,100.0,2020-T3,38.0,Bridge · señal contemporánea fuerte
pesos_senal_fuerte,2,Indicadores Industriais - horas trabalhadas - indústria - índice dessazonalizado (média 2006 = 100),real,11.688311688311687,0.0036797549227949,0.0026558703920139,-0.0005904838300716,33.33333333333333,2011-T2,39.0,Bridge · señal contemporánea fuerte
pesos_senal_fuerte,2,PIM-PF actividades industriales | Brasil | 3.23 Fabricação de produtos de minerais não metálicos | PIMPF - Número-índice (2022=100),real,10.38961038961039,0.0036279095469998,-0.0216365119106632,0.0124095681714277,50.0,2011-T3,40.0,Bridge · señal contemporánea fuerte
pesos_senal_fuerte,2,PIM-PF grupos y clases | Brasil | 15.3 Fabricação de calçados | PIMPF - Número-índice (2022=100),real,7.792207792207792,0.0035180318389184,-0.0136722691947053,0.0148283185660615,66.66666666666666,2025-T4,41.0,Bridge · señal contemporánea fuerte
pesos_senal_fuerte,2,Licenciamento Nacionais - Automóveis - montados - qde.,real,11.688311688311687,0.0035047830194104,-0.002929054352409,0.0006066891622066,55.55555555555556,2021-T3,42.0,Bridge · señal contemporánea fuerte
pesos_senal_fuerte,2,base monetaria: valor,financiero,18.181818181818183,0.0034684218033213,-0.0045353098333977,-0.0003882030421694,35.714285714285715,2010-T1,43.0,Bridge · señal contemporánea fuerte
pesos_senal_fuerte,2,Indicadores Industriais - faturamento real - indústria - índice dessazonalizado (média 2006 = 100),real,22.07792207792208,0.0033625834801392,-0.00137204211932,0.0005317455460708,47.05882352941176,2010-T1,44.0,Bridge · señal contemporánea fuerte
pesos_senal_fuerte,2,gasto publico tesouro: dotacion actualizada,fiscal,9.090909090909092,0.0033012385064915,0.0363136235714069,0.0277334450917245,71.42857142857143,2022-T2,45.0,Bridge · señal contemporánea fuerte
pesos_senal_fuerte,2,PIM-PF categorias economicas | Brasil | 1 Bens de capital | PIMPF - Número-índice (2022=100),real,10.38961038961039,0.0030606425579293,-0.0187014476484773,0.0160393931917909,50.0,2013-T4,46.0,Bridge · señal contemporánea fuerte
pesos_senal_fuerte,2,"PMC comercio ampliado por actividad | Brasil | Índice de volume de vendas no comércio varejista ampliado | Veículos, motocicletas, partes e peças | PMC - Número-índice (2022=100)",real,1.2987012987012987,0.00288822509969,0.222393332676134,-0.222393332676134,0.0,2009-T1,47.0,Bridge · señal contemporánea fuerte
pesos_senal_fuerte,2,"PMC vehiculos | Brasil | Índice de volume de vendas de veículos, motocicletas, partes e peças | PMC - Número-índice (2022=100)",real,1.2987012987012987,0.00288822509969,0.2223933326761339,-0.222393332676134,0.0,2009-T1,48.0,Bridge · señal contemporánea fuerte
pesos_senal_fuerte,2,base monetaria: valor,financiero,5.194805194805195,0.0027222506708953,-0.0347187929944701,-0.0152544023548722,50.0,2009-T4,49.0,Bridge · señal contemporánea fuerte
pesos_senal_fuerte,2,PIM-PF categorias economicas | Brasil | 31 Bens de consumo duráveis | PIMPF - Número-índice (2022=100),real,9.090909090909092,0.0026222326160965,-0.0133260652905014,0.0074568894990965,57.14285714285714,2021-T3,50.0,Bridge · señal contemporánea fuerte
pesos_senal_fuerte,2,PIM-PF grupos y clases | Brasil | 20.3 Fabricação de resinas e elastômeros | PIMPF - Número-índice (2022=100),real,9.090909090909092,0.0025959589382893,-0.0176785219440421,-0.0221266448880758,28.57142857142857,2022-T2,51.0,Bridge · señal contemporánea fuerte
pesos_senal_fuerte,2,gasto publico tesouro: pagado ejercicio,fiscal,2.5974025974025974,0.0025772499201837,-0.0992241219270739,-0.0808300914659491,50.0,2016-T4,52.0,Bridge · señal contemporánea fuerte
pesos_senal_fuerte,2,"PMC comercio ampliado por actividad | Brasil | Índice de receita nominal de vendas no comércio varejista ampliado | Veículos, motocicletas, partes e peças | PMC - Número-índice (2022=100)",real,2.5974025974025974,0.0025257970327886,-0.0972431857623639,-0.097243185762364,0.0,2009-T4,53.0,Bridge · señal contemporánea fuerte
pesos_senal_fuerte,2,gasto publico tesouro: comprometido,fiscal,6.493506493506493,0.0024053314511996,0.0264574228360189,-0.0089777230079764,60.0,2022-T3,54.0,Bridge · señal contemporánea fuerte
pesos_senal_fuerte,2,gasto publico tesouro: devengado,fiscal,5.194805194805195,0.0023598820331307,0.0217532288681448,0.02897499109858,50.0,2020-T4,55.0,Bridge · señal contemporánea fuerte
pesos_senal_fuerte,2,gasto publico tesouro: dotacion actualizada,fiscal,1.2987012987012987,0.0023357036789331,-0.1798491832778529,-0.1798491832778529,0.0,2022-T1,56.0,Bridge · señal contemporánea fuerte
pesos_senal_fuerte,2,ibc br: tres meses industria sin ajuste pct,real,7.792207792207792,0.0022171777679512,0.011404694522846,-0.0046357445133341,66.66666666666666,2025-T2,57.0,Bridge · señal contemporánea fuerte
pesos_senal_fuerte,2,balanza pagos: derivados millones usd,externo,3.896103896103896,0.0020910816873567,-0.0536710966421561,0.0185357166625494,66.66666666666666,2012-T1,58.0,Bridge · señal contemporánea fuerte
pesos_senal_fuerte,2,Produção - caminhões - montados - qde.,real,10.38961038961039,0.0019951707556301,-0.011677628899399,-0.0095100648493744,50.0,2012-T2,59.0,Bridge · señal contemporánea fuerte
pesos_senal_fuerte,2,PIM-PF indicadores especiales | Brasil | 5.3.6 Bens de consumo duráveis por atividade - Demais atividades* | PIMPF - Número-índice (2022=100),real,3.896103896103896,0.0019779234580743,-0.0392797945170758,-0.0392797945170758,66.66666666666666,2026-T1,60.0,Bridge · señal contemporánea fuerte
pesos_senal_fuerte,2,PIM-PF grupos y clases | Brasil | 25.92 Fabricação de produtos de trefilados de metal | PIMPF - Número-índice (2022=100),real,10.38961038961039,0.001964208815807,0.0026728047704335,0.0006732001044643,50.0,2011-T1,61.0,Bridge · señal contemporánea fuerte
pesos_senal_fuerte,2,PMC actividades complementarias | Brasil | Índice de receita nominal de vendas no comércio varejista | Combustíveis e lubrificantes | PMC - Número-índice (2022=100),real,9.090909090909092,0.0019151657224337,-0.0039425600648347,-0.0019149184463442,42.85714285714285,2016-T3,62.0,Bridge · señal contemporánea fuerte
pesos_senal_fuerte,2,PIM-PF grupos y clases | Brasil | 20.14 Fabricação de gases industriais | PIMPF - Número-índice (2022=100),real,12.987012987012989,0.0017851564161324,-0.0009999862382551,0.0076470872055722,70.0,2021-T2,63.0,Bridge · señal contemporánea fuerte
pesos_senal_fuerte,2,selic tasas: selic meta fin mes pct anual,real,1.2987012987012987,0.0017604435225318,0.1355541512349544,-0.1355541512349545,0.0,2007-T3,64.0,Bridge · señal contemporánea fuerte
pesos_senal_fuerte,2,PIM-PF categorias economicas | Brasil | 270 Peças e acessórios para bens de capital | PIMPF - Número-índice (2022=100),real,5.194805194805195,0.0016898285704457,-0.004130660341362,0.004130660341362,25.0,2013-T3,65.0,Bridge · señal contemporánea fuerte
pesos_senal_fuerte,2,Energia elétrica - consumo - indústria - quantidade,real,10.38961038961039,0.0016649753570123,0.0009940551032018,-0.0016088565802606,37.5,2022-T4,66.0,Bridge · señal contemporánea fuerte
pesos_senal_fuerte,2,PIM-PF indicadores especiales | Brasil | 3.1 Embalagens de vidro | PIMPF - Número-índice (2022=100),real,6.493506493506493,0.001661513492947,-0.0030291344756777,0.0223990538976486,80.0,2021-T4,67.0,Bridge · señal contemporánea fuerte
pesos_senal_fuerte,2,ibc br: tres meses ex agro sin ajuste pct,real,3.896103896103896,0.0016289295731697,-0.041809192378023,-0.0310686604536573,33.33333333333333,2016-T4,68.0,Bridge · señal contemporánea fuerte
pesos_senal_fuerte,2,PMC actividades complementarias | Brasil | Índice de receita nominal de vendas no comércio varejista | Móveis e eletrodomésticos | PMC - Número-índice (2022=100),real,9.090909090909092,0.001595304897118,0.0027360687019152,0.013553121640202,57.14285714285714,2010-T1,69.0,Bridge · señal contemporánea fuerte
pesos_senal_fuerte,2,"PIM-PF grupos y clases | Brasil | 25.4 Fabricação de artigos de cutelaria, de serralheria e ferramentas | PIMPF - Número-índice (2022=100)",real,9.090909090909092,0.0015800061258541,-0.0036742667278441,-0.0002560560922788,71.42857142857143,2011-T2,70.0,Bridge · señal contemporánea fuerte
pesos_senal_fuerte,2,PIM-PF indicadores especiales | Brasil | 1.4 Bens de Capital para construção | PIMPF - Número-índice (2022=100),real,2.5974025974025974,0.0015670549733153,0.06033161647264,0.055254049248675,50.0,2025-T1,71.0,Bridge · señal contemporánea fuerte
pesos_senal_fuerte,2,PIM-PF actividades industriales | Brasil | 3.24 Metalurgia | PIMPF - Número-índice (2022=100),real,2.5974025974025974,0.001563609186097,0.0601989536647376,0.0601989536647374,100.0,2020-T4,72.0,Bridge · señal contemporánea fuerte
pesos_senal_fuerte,2,ibc br: mensual industria sin ajuste pct,real,11.688311688311687,0.0015387044913765,0.0021500666159127,-0.0073312570289508,22.22222222222222,2018-T4,73.0,Bridge · señal contemporánea fuerte
pesos_senal_fuerte,2,deuda publica federal: indice precios miles millones brl,financiero,1.2987012987012987,0.00153753028083,-0.1183898316239106,-0.1183898316239107,0.0,2009-T2,74.0,Bridge · señal contemporánea fuerte
pesos_senal_fuerte,2,gasto publico tesouro: comprometido,fiscal,1.2987012987012987,0.001498195489483,0.1153610526901926,-0.1153610526901927,0.0,2023-T3,75.0,Bridge · señal contemporánea fuerte
pesos_senal_fuerte,2,base monetaria: valor,financiero,2.5974025974025974,0.0014631237393868,-0.0563302639663948,-0.0148399933206221,50.0,2007-T4,76.0,Bridge · señal contemporánea fuerte
pesos_senal_fuerte,2,gasto publico tesouro: devengado,fiscal,1.2987012987012987,0.0014435994132723,0.1111571548219743,0.1111571548219743,100.0,2019-T2,77.0,Bridge · señal contemporánea fuerte
pesos_senal_fuerte,2,ipp: indice,real,1.2987012987012987,0.0014335680981036,0.1103847435539789,0.1103847435539789,100.0,2022-T2,78.0,Bridge · señal contemporánea fuerte
pesos_senal_fuerte,2,ibc br: indice agropecuaria sin ajuste,real,5.194805194805195,0.0014322053708071,0.0082919147525274,0.0003243347945097,50.0,2021-T4,79.0,Bridge · señal contemporánea fuerte
pesos_senal_fuerte,2,"PIM-PF actividades industriales | Brasil | 3.27 Fabricação de máquinas, aparelhos e materiais elétricos | PIMPF - Número-índice (2022=100)",real,5.194805194805195,0.0013657874425558,-0.0235754399901896,0.0262914082691998,75.0,2013-T4,80.0,Bridge · señal contemporánea fuerte
pesos_senal_fuerte,2,PIM-PF indicadores especiales | Brasil | 6.3.3.1 Bens de consumo duráveis - Baixa intensidade | PIMPF - Número-índice (2022=100),real,6.493506493506493,0.0013490786514022,0.0078410606459903,-0.0165089570436302,20.0,2023-T1,81.0,Bridge · señal contemporánea fuerte
pesos_senal_fuerte,2,balanza pagos: servicios gobierno millones usd,externo,2.5974025974025974,0.0013433942085978,-0.0446712397474267,-0.0517206770310175,0.0,2007-T4,82.0,Bridge · señal contemporánea fuerte
pesos_senal_fuerte,2,PIM-PF grupos y clases | Brasil | 27.59 Fabricação de aparelhos eletrodomésticos não especificados anteriormente | PIMPF - Número-índice (2022=100),real,3.896103896103896,0.0013124521725064,0.0336862724276667,0.0333983118233226,66.66666666666666,2012-T3,83.0,Bridge · señal contemporánea fuerte
pesos_senal_fuerte,2,Licenciamento Importados - Autoveículos - montados - qde.,real,6.493506493506493,0.0012986225278102,0.004773825213491,0.002995068442905,60.0,2010-T1,84.0,Bridge · señal contemporánea fuerte
pesos_senal_fuerte,2,balanza pagos: servicios personales millones usd,externo,2.5974025974025974,0.0012666197521589,0.0487648604581203,-0.0129231293109384,50.0,2007-T3,85.0,Bridge · señal contemporánea fuerte
pesos_senal_fuerte,2,credito sgs: valor,financiero,7.792207792207792,0.0012600539562068,-0.0082737538854646,-0.0114937172937003,33.33333333333333,2011-T1,86.0,Bridge · señal contemporánea fuerte
pesos_senal_fuerte,2,balanza pagos: otras inversiones millones usd,externo,2.5974025974025974,0.0012485596013337,0.0295698654395123,0.0295698654395123,50.0,2022-T1,87.0,Bridge · señal contemporánea fuerte
pesos_senal_fuerte,2,"PMS segmentos | Brasil | Índice de receita nominal de serviços | 6. Serviços audiovisuais, de edição e agências de notícias | PMS - Número-índice (2022=100)",real,6.493506493506493,0.0012023922050315,0.0109030074992158,0.017573765607954,80.0,2025-T1,88.0,Bridge · señal contemporánea fuerte
pesos_senal_fuerte,2,PIM-PF grupos y clases | Brasil | 22.11 Fabricação de pneumáticos e de câmaras-de-ar | PIMPF - Número-índice (2022=100),real,2.5974025974025974,0.0011489306627049,-0.0133483557093655,-0.0442338305141415,0.0,2022-T4,89.0,Bridge · señal contemporánea fuerte
pesos_senal_fuerte,2,PIM-PF actividades industriales | Brasil | 3.22 Fabricação de produtos de borracha e de material plástico | PIMPF - Número-índice (2022=100),real,6.493506493506493,0.0011056540089468,0.0084204522079142,0.0034789468291673,60.0,2022-T3,90.0,Bridge · señal contemporánea fuerte
pesos_senal_fuerte,2,"PIM-PF actividades industriales | Brasil | 3.15 Preparação de couros e fabricação de artefatos de couro, artigos para viagem e calçados | PIMPF - Número-índice (2022=100)",real,3.896103896103896,0.0010890404270393,-0.0247486900434359,0.0065878663759655,66.66666666666666,2023-T3,91.0,Bridge · señal contemporánea fuerte
pesos_senal_fuerte,2,PIM-PF grupos y clases | Brasil | 28.2 Fabricação de máquinas e equipamentos de uso geral | PIMPF - Número-índice (2022=100),real,1.2987012987012987,0.0010602240588267,0.0816372525296589,0.0816372525296589,100.0,2025-T1,92.0,Bridge · señal contemporánea fuerte
pesos_senal_fuerte,2,PMS actividades | Brasil | Índice de volume de serviços | 3.2 Serviços administrativos e complementares | PMS - Número-índice (2022=100),real,2.5974025974025974,0.0010600731163723,-0.0408128149803366,-0.0268396346264886,50.0,2023-T1,93.0,Bridge · señal contemporánea fuerte
pesos_senal_fuerte,2,ipp: mensual pct,real,1.2987012987012987,0.0010487587342951,0.0807544225407267,0.0807544225407266,100.0,2020-T4,94.0,Bridge · señal contemporánea fuerte
pesos_senal_fuerte,2,"PMC vehiculos | Brasil | Índice de receita nominal de vendas de veículos, motocicletas, partes e peças | PMC - Número-índice (2022=100)",real,1.2987012987012987,0.0010483765603931,-0.0807249951502739,-0.0807249951502739,0.0,2009-T3,95.0,Bridge · señal contemporánea fuerte
pesos_senal_fuerte,2,Emplacamento de veículos - autoveículos,real,11.688311688311687,0.0010285381641849,0.0041827251193199,0.0002590658493752,55.55555555555556,2025-T2,96.0,Bridge · señal contemporánea fuerte
pesos_senal_fuerte,2,Zona euro: indice produccion industrial,real,5.194805194805195,0.0010243800428714,0.0175711915735556,0.0175711915735556,75.0,2009-T2,97.0,Bridge · señal contemporánea fuerte
pesos_senal_fuerte,2,PMC comercio ampliado por actividad | Brasil | Índice de receita nominal de vendas no comércio varejista ampliado | Móveis e eletrodomésticos | PMC - Número-índice (2022=100),real,6.493506493506493,0.0010226713998985,-0.003688268191021,0.0114556059225805,60.0,2009-T1,98.0,Bridge · señal contemporánea fuerte
pesos_senal_fuerte,2,ibc br: mensual agropecuaria sin ajuste pct,real,6.493506493506493,0.0009827903540324,-0.0056231224181702,-0.0058431328107361,60.0,2022-T1,99.0,Bridge · señal contemporánea fuerte
pesos_senal_fuerte,2,LSPA estimativas mensuales | Brasil | 1.14 Mamona | Área plantada,real,7.792207792207792,0.000946303204324,-0.0002291689853103,0.0001677019820849,50.0,2022-T1,100.0,Bridge · señal contemporánea fuerte
pesos_senal_fuerte,2,Geração de energia elétrica - termo nuclear: quantidade,real,5.194805194805195,0.0008696561930833,-0.0070131525290438,-0.0151991404545402,50.0,2019-T2,101.0,Bridge · señal contemporánea fuerte
pesos_senal_fuerte,2,Energia elétrica - consumo - região Norte (N) - quantidade,real,20.77922077922078,0.0008546716186737,-0.0026149981852732,0.000611414549009,68.75,2009-T1,102.0,Bridge · señal contemporánea fuerte
pesos_senal_fuerte,2,PIM-PF actividades industriales | Brasil | 3.14 Confecção de artigos do vestuário e acessórios | PIMPF - Número-índice (2022=100),real,7.792207792207792,0.0008475377968983,0.0095771819459799,-0.0016773699839727,50.0,2012-T1,103.0,Bridge · señal contemporánea fuerte
pesos_senal_fuerte,2,PIM-PF categorias economicas | Brasil | 2 Bens intermediários | PIMPF - Número-índice (2022=100),real,2.5974025974025974,0.0008465754153098,-0.0325931534894299,-0.0058885480971185,50.0,2021-T1,104.0,Bridge · señal contemporánea fuerte
pesos_senal_fuerte,2,Licenciamento Nacionais - Caminhões - montados - qde.,real,1.2987012987012987,0.0008418242917029,-0.0648204704611255,-0.0648204704611254,0.0,2012-T2,105.0,Bridge · señal contemporánea fuerte
pesos_senal_fuerte,2,PIM-PF grupos y clases | Brasil | 27.5 Fabricação de eletrodomésticos | PIMPF - Número-índice (2022=100),real,7.792207792207792,0.0008388190332856,0.0026317957974775,0.0077526249413062,66.66666666666666,2011-T1,106.0,Bridge · señal contemporánea fuerte
pesos_senal_fuerte,2,PIM-PF grupos y clases | Brasil | 23.9 Aparelhamento de pedras e fabricação de outros produtos de minerais não metálicos | PIMPF - Número-índice (2022=100),real,1.2987012987012987,0.0008358247320074,0.0643585043645748,-0.0643585043645748,0.0,2013-T3,107.0,Bridge · señal contemporánea fuerte
pesos_senal_fuerte,2,base monetaria: valor,financiero,2.5974025974025974,0.0008289097698095,-0.0319130261376687,-0.0319130261376687,0.0,2009-T2,108.0,Bridge · señal contemporánea fuerte
pesos_senal_fuerte,2,PIM-PF grupos y clases | Brasil | 26.1 Fabricação de componentes eletrônicos | PIMPF - Número-índice (2022=100),real,3.896103896103896,0.0008239965668581,-0.0200434024483671,-0.0047540872591467,33.33333333333333,2021-T3,109.0,Bridge · señal contemporánea fuerte
pesos_senal_fuerte,2,gasto publico tesouro: pagos totales,fiscal,1.2987012987012987,0.0007703898128228,-0.0593200155873625,-0.0593200155873625,0.0,2019-T2,110.0,Bridge · señal contemporánea fuerte
pesos_senal_fuerte,2,gasto publico tesouro: pagado ejercicio,fiscal,1.2987012987012987,0.0007636307501064,-0.0587995677581956,-0.0587995677581956,0.0,2026-T1,111.0,Bridge · señal contemporánea fuerte
pesos_senal_fuerte,2,balanza pagos: servicios seguros millones usd,externo,1.2987012987012987,0.0007566783605316,-0.0582642337609337,0.0582642337609337,100.0,2015-T4,112.0,Bridge · señal contemporánea fuerte
pesos_senal_fuerte,2,gasto publico tesouro: comprometido,fiscal,1.2987012987012987,0.0007120264783379,-0.0548260388320207,-0.0548260388320207,0.0,2026-T1,113.0,Bridge · señal contemporánea fuerte
pesos_senal_fuerte,2,"PMC comercio ampliado por actividad | Brasil | Índice de receita nominal de vendas no comércio varejista ampliado | Tecidos, vestuário e calçados | PMC - Número-índice (2022=100)",real,1.2987012987012987,0.0006965211694069,0.0536321300443337,0.0536321300443337,100.0,2021-T1,114.0,Bridge · señal contemporánea fuerte
pesos_senal_fuerte,2,PIM-PF grupos y clases | Brasil | 10.7 Fabricação e refino de açúcar | PIMPF - Número-índice (2022=100),real,2.5974025974025974,0.000669396634664,-0.0007602225197481,-0.0007602225197481,50.0,2012-T3,115.0,Bridge · señal contemporánea fuerte
pesos_senal_fuerte,2,PIM-PF grupos y clases | Brasil | 20.1 Fabricação de produtos químicos inorgânicos | PIMPF - Número-índice (2022=100),real,2.5974025974025974,0.0006690968127518,-0.0257602272909453,-0.0257602272909455,0.0,2020-T3,116.0,Bridge · señal contemporánea fuerte
pesos_senal_fuerte,2,gasto publico tesouro: devengado,fiscal,1.2987012987012987,0.0006474050664447,0.049850190116245,0.049850190116245,100.0,2026-T1,117.0,Bridge · señal contemporánea fuerte
pesos_senal_fuerte,2,gasto publico tesouro: restos pagados,fiscal,1.2987012987012987,0.0006335880171149,-0.0487862773178544,-0.0487862773178544,0.0,2022-T4,118.0,Bridge · señal contemporánea fuerte
pesos_senal_fuerte,2,gasto publico tesouro: pagos totales,fiscal,1.2987012987012987,0.0006271647890863,0.0482916887596509,-0.048291688759651,0.0,2023-T3,119.0,Bridge · señal contemporánea fuerte
pesos_senal_fuerte,2,Licenciamento Nacionais - Veículos comerciais leves - montados - qde.,real,2.5974025974025974,0.0006190096587114,0.0238318718603916,-0.0238318718603915,0.0,2022-T3,120.0,Bridge · señal contemporánea fuerte
pesos_senal_fuerte,2,"PIM-PF grupos y clases | Brasil | 10.11 Abate de reses, exceto suínos | PIMPF - Número-índice (2022=100)",real,6.493506493506493,0.0006110384429716,-0.0093169663337355,-0.0089249910658885,20.0,2020-T3,121.0,Bridge · señal contemporánea fuerte
pesos_senal_fuerte,2,PMS total | Brasil | Índice de receita nominal de serviços | PMS - Número-índice (2022=100),real,2.5974025974025974,0.0005861343874688,0.0225661739175522,-0.0131983529816594,50.0,2026-T2,122.0,Bridge · señal contemporánea fuerte
pesos_senal_fuerte,2,consumo mensual ibge: indice original,real,2.5974025974025974,0.0005616939395775,0.0216252166737373,0.0216252166737372,100.0,2009-T3,123.0,Bridge · señal contemporánea fuerte
pesos_senal_fuerte,2,PMC comercio ampliado por actividad | Brasil | Índice de volume de vendas no comércio varejista ampliado | Móveis e eletrodomésticos | PMC - Número-índice (2022=100),real,2.5974025974025974,0.0005616939395775,0.0216252166737373,0.0216252166737372,100.0,2009-T3,124.0,Bridge · señal contemporánea fuerte
pesos_senal_fuerte,2,gasto publico tesouro: restos pagados,fiscal,1.2987012987012987,0.0005474377873871,-0.0421527096288133,-0.0421527096288133,0.0,2019-T2,125.0,Bridge · señal contemporánea fuerte
pesos_senal_fuerte,2,gasto publico tesouro: pagos totales,fiscal,2.5974025974025974,0.0005306211944685,0.0204289159870384,0.0121894083337334,50.0,2016-T4,126.0,Bridge · señal contemporánea fuerte
pesos_senal_fuerte,2,"PIM-PF grupos y clases | Brasil | 17.4 Fabricação de produtos diversos de papel, cartolina, papel-cartão e papelão ondulado | PIMPF - Número-índice (2022=100)",real,2.5974025974025974,0.0005298546306026,0.0203994032782029,0.0023706798225855,50.0,2012-T2,127.0,Bridge · señal contemporánea fuerte
pesos_senal_fuerte,2,Energia elétrica - Consumo - região Sudeste (SE) - quantidade,real,3.896103896103896,0.0005215513744545,0.0025018717619412,-0.013386485277667,0.0,2022-T3,128.0,Bridge · señal contemporánea fuerte
pesos_senal_fuerte,2,"PMS actividades | Brasil | Índice de receita nominal de serviços | 4. Transportes, serviços auxiliares aos transportes e correio | PMS - Número-índice (2022=100)",real,1.2987012987012987,0.0005210727530984,0.0401226019885812,0.0401226019885812,100.0,2025-T1,129.0,Bridge · señal contemporánea fuerte
pesos_senal_fuerte,2,base monetaria: valor,financiero,1.2987012987012987,0.0005004223590656,-0.0385325216480573,0.0385325216480574,100.0,2015-T1,130.0,Bridge · señal contemporánea fuerte
pesos_senal_fuerte,2,gasto publico tesouro: comprometido,fiscal,1.2987012987012987,0.000484820608993,0.0373311868924668,0.0373311868924668,100.0,2022-T4,131.0,Bridge · señal contemporánea fuerte
pesos_senal_fuerte,2,scr indexadores: cartera activa miles millones brl,financiero,1.2987012987012987,0.0004832061174965,0.0372068710472333,0.0372068710472333,100.0,2026-T1,132.0,Bridge · señal contemporánea fuerte
pesos_senal_fuerte,2,gasto publico tesouro: dotacion actualizada,fiscal,2.5974025974025974,0.0004703725430458,0.0181093429072645,0.0148582639878691,50.0,2025-T1,133.0,Bridge · señal contemporánea fuerte
pesos_senal_fuerte,2,PMS segmentos | Brasil | Índice de receita nominal de serviços | Total | PMS - Número-índice (2022=100),real,1.2987012987012987,0.0004644743753144,0.0357645268992117,-0.0357645268992117,0.0,2026-T2,134.0,Bridge · señal contemporánea fuerte
pesos_senal_fuerte,2,Vendas de autoveículos no mercado interno,real,1.2987012987012987,0.0004621255900296,-0.0355836704322794,0.0355836704322793,100.0,2026-T2,135.0,Bridge · señal contemporánea fuerte
pesos_senal_fuerte,2,base monetaria: valor,financiero,3.896103896103896,0.0004596217693593,-0.0117969587468888,-0.0117969587468887,0.0,2012-T2,136.0,Bridge · señal contemporánea fuerte
pesos_senal_fuerte,2,PIM-PF indicadores especiales | Brasil | 5.1.5 Bens de capital por atividade - Outros equipamentos de transporte | PIMPF - Número-índice (2022=100),real,5.194805194805195,0.0004534045302603,0.0075663089620248,-0.0028434733003722,25.0,2022-T3,137.0,Bridge · señal contemporánea fuerte
pesos_senal_fuerte,2,balanza pagos: renta cartera dividendos millones usd,externo,1.2987012987012987,0.0004493075013931,0.0345966776072761,-0.0345966776072761,0.0,2015-T1,138.0,Bridge · señal contemporánea fuerte
pesos_senal_fuerte,2,gasto publico tesouro: comprometido,fiscal,1.2987012987012987,0.0004368366257041,-0.0336364201792197,-0.0336364201792197,0.0,2022-T1,139.0,Bridge · señal contemporánea fuerte
pesos_senal_fuerte,2,gasto publico tesouro: restos pagados,fiscal,2.5974025974025974,0.000421668984073,-0.0162091028565055,-0.0162091028565055,50.0,2017-T1,140.0,Bridge · señal contemporánea fuerte
pesos_senal_fuerte,2,comex stat: exportaciones totales fob usd,externo,2.5974025974025974,0.000420136804357,-0.0161752669677448,-0.0062024681525507,50.0,2009-T2,141.0,Bridge · señal contemporánea fuerte
pesos_senal_fuerte,2,ipca: variacion mensual pct,real,14.285714285714286,0.000408777910418,-0.0013056201888992,-0.0003596114051944,27.27272727272727,2012-T1,142.0,Bridge · señal contemporánea fuerte
pesos_senal_fuerte,2,base monetaria: valor,financiero,1.2987012987012987,0.0003994976213422,-0.0307613168433504,0.0307613168433504,100.0,2006-T2,143.0,Bridge · señal contemporánea fuerte
pesos_senal_fuerte,2,"PIM-PF grupos y clases | Brasil | 16.2 Fabricação de produtos de madeira, cortiça e material trançado, exceto móveis | PIMPF - Número-índice (2022=100)",real,1.2987012987012987,0.0003802644762343,-0.0292803646700442,0.0292803646700441,100.0,2015-T4,144.0,Bridge · señal contemporánea fuerte
pesos_senal_fuerte,2,PMC comercio ampliado por actividad | Brasil | Índice de receita nominal de vendas no comércio varejista ampliado | Hipermercados e supermercados | PMC - Número-índice (2022=100),real,9.090909090909092,0.0003774494956644,0.001035836428293,0.001495744894162,71.42857142857143,2011-T2,145.0,Bridge · señal contemporánea fuerte
pesos_senal_fuerte,2,"PIM-PF grupos y clases | Brasil | 10.42 Fabricação de óleos vegetais refinados, exceto óleo de milho | PIMPF - Número-índice (2022=100)",real,1.2987012987012987,0.0003711945570664,0.0285819808941172,-0.028581980894117,0.0,2012-T1,146.0,Bridge · señal contemporánea fuerte
pesos_senal_fuerte,2,PIM-PF categorias economicas | Brasil | 311 Bens de consumo duráveis - exceto automóveis para passageiros e equipamentos de transporte não industrial | PIMPF - Número-índice (2022=100),real,1.2987012987012987,0.0003643110082768,-0.0280519476373171,0.0280519476373171,100.0,2013-T3,147.0,Bridge · señal contemporánea fuerte
pesos_senal_fuerte,2,PIM-PF grupos y clases | Brasil | 15.1 Curtimento e outras preparações de couro | PIMPF - Número-índice (2022=100),real,3.896103896103896,0.0003508992281083,0.0085938781079398,0.0085938781079398,66.66666666666666,2011-T1,148.0,Bridge · señal contemporánea fuerte
pesos_senal_fuerte,2,"PIM-PF indicadores especiales | Brasil | 5.4.5 Bens de consumo semi e não duráveis por atividade - Preparação de couros e fabricação de artefatos de couro, artigos para viagem e calçados | PIMPF - Número-índice (2022=100)",real,1.2987012987012987,0.0003360550054301,-0.0258762354181197,-0.0258762354181197,0.0,2026-T1,149.0,Bridge · señal contemporánea fuerte
pesos_senal_fuerte,2,Exportações - veículos comerciais leves - montados - qde.,real,5.194805194805195,0.0003342650311872,0.0064346018503547,0.0062191891713022,75.0,2009-T2,150.0,Bridge · señal contemporánea fuerte
pesos_senal_fuerte,2,"PMC comercio ampliado por actividad | Brasil | Índice de volume de vendas no comércio varejista ampliado | Equipamentos e materiais para escritório, informática e comunicação | PMC - Número-índice (2022=100)",real,3.896103896103896,0.0003268748573406,0.0062924530738708,-0.0083897880050773,0.0,2015-T4,151.0,Bridge · señal contemporánea fuerte
pesos_senal_fuerte,2,gasto publico tesouro: dotacion actualizada,fiscal,1.2987012987012987,0.0003189242238293,0.0245571652348586,0.0245571652348586,100.0,2025-T1,152.0,Bridge · señal contemporánea fuerte
pesos_senal_fuerte,2,gasto publico tesouro: comprometido,fiscal,1.2987012987012987,0.0003165120656599,-0.024371429055816,-0.024371429055816,0.0,2022-T1,153.0,Bridge · señal contemporánea fuerte
pesos_senal_fuerte,2,gasto publico tesouro: devengado,fiscal,1.2987012987012987,0.0003140965157413,0.0241854317120857,0.0241854317120857,100.0,2022-T4,154.0,Bridge · señal contemporánea fuerte
pesos_senal_fuerte,2,PMS segmentos | Brasil | Índice de volume de serviços | 13. Transporte aquaviário | PMS - Número-índice (2022=100),real,1.2987012987012987,0.0002944331211649,0.0226713503297038,0.0226713503297039,100.0,2022-T2,155.0,Bridge · señal contemporánea fuerte
pesos_senal_fuerte,2,consumo mensual ibge: indice original,real,2.5974025974025974,0.0002860176833561,0.0110116808092111,-0.0110116808092111,0.0,2015-T4,156.0,Bridge · señal contemporánea fuerte
pesos_senal_fuerte,2,gasto publico tesouro: devengado,fiscal,1.2987012987012987,0.0002840580643065,0.0218724709516023,0.0218724709516022,100.0,2023-T1,157.0,Bridge · señal contemporánea fuerte
pesos_senal_fuerte,2,gasto publico tesouro: pagado ejercicio,fiscal,1.2987012987012987,0.0002840580643065,0.0218724709516022,0.0218724709516022,100.0,2023-T1,158.0,Bridge · señal contemporánea fuerte
pesos_senal_fuerte,2,"PMS actividades | Brasil | Índice de receita nominal de serviços | 2.2 Serviços audiovisuais, de edição e agências de notícias | PMS - Número-índice (2022=100)",real,3.896103896103896,0.0002778216496039,-0.0055589650906151,0.0055589650906151,66.66666666666666,2025-T4,159.0,Bridge · señal contemporánea fuerte
pesos_senal_fuerte,2,empleo pnadc: ocupados miles,real,1.2987012987012987,0.0002583692722914,-0.0198944339664429,-0.0198944339664439,0.0,2020-T3,160.0,Bridge · señal contemporánea fuerte
pesos_senal_fuerte,2,base monetaria: valor,financiero,1.2987012987012987,0.0002499282781618,-0.0192444774184627,0.0192444774184628,100.0,2006-T2,161.0,Bridge · señal contemporánea fuerte
pesos_senal_fuerte,2,LSPA estimativas mensuales | Brasil | 21 Mandioca | Área plantada,real,1.2987012987012987,0.0002067137953979,0.0159169622456429,0.0159169622456429,100.0,2022-T4,162.0,Bridge · señal contemporánea fuerte
pesos_senal_fuerte,2,PIM-PF grupos y clases | Brasil | 14.2 Fabricação de artigos de malharia e tricotagem | PIMPF - Número-índice (2022=100),real,1.2987012987012987,0.0001916173576414,0.0147545365383895,0.0147545365383896,100.0,2025-T1,163.0,Bridge · señal contemporánea fuerte
pesos_senal_fuerte,2,gasto publico tesouro: restos pagados,fiscal,1.2987012987012987,0.0001854644326023,0.0142807613103798,0.0142807613103798,100.0,2019-T2,164.0,Bridge · señal contemporánea fuerte
pesos_senal_fuerte,2,LSPA estimativas mensuales | Brasil | 11 Cana-de-açúcar | Área plantada,real,3.896103896103896,0.0001781484873237,-0.0042016573633689,-0.0037013711977414,33.33333333333333,2019-T2,165.0,Bridge · señal contemporánea fuerte
pesos_senal_fuerte,2,gasto publico tesouro: pagos totales,fiscal,1.2987012987012987,0.0001761250429751,0.0135616283090839,0.0135616283090839,100.0,2022-T1,166.0,Bridge · señal contemporánea fuerte
pesos_senal_fuerte,2,Licenciamento total - Caminhões - montados - qde.,real,2.5974025974025974,0.000161027218966,0.0061995479301929,0.006199547930193,100.0,2022-T2,167.0,Bridge · señal contemporánea fuerte
pesos_senal_fuerte,2,Indicadores Industriais - pessoal empregado - indústria - índice (média 2006 = 100),real,1.2987012987012987,0.0001571194456518,-0.01209819731519,0.0120981973151903,100.0,2012-T1,168.0,Bridge · señal contemporánea fuerte
pesos_senal_fuerte,2,"PIM-PF categorias economicas | Brasil | 210 Alimentos e bebidas básicos, destinados principalmente à indústria | PIMPF - Número-índice (2022=100)",real,1.2987012987012987,0.000148510946101,-0.0114353428497783,0.0114353428497784,100.0,2012-T1,169.0,Bridge · señal contemporánea fuerte
pesos_senal_fuerte,2,gasto publico tesouro: devengado,fiscal,2.5974025974025974,0.0001466249856927,0.0056450619491695,0.0056450619491695,100.0,2026-T1,170.0,Bridge · señal contemporánea fuerte
pesos_senal_fuerte,2,gasto publico tesouro: dotacion inicial,fiscal,1.2987012987012987,0.0001449814162676,0.0111635690526125,0.0111635690526126,100.0,2025-T1,171.0,Bridge · señal contemporánea fuerte
pesos_senal_fuerte,2,balanza pagos: servicios millones usd,externo,1.2987012987012987,0.0001400925198354,-0.0107871240273262,0.0107871240273261,100.0,2006-T2,172.0,Bridge · señal contemporánea fuerte
pesos_senal_fuerte,2,balanza pagos: errores omisiones millones usd,externo,1.2987012987012987,0.0001225992773589,0.0094401443566425,0.0094401443566425,100.0,2009-T2,173.0,Bridge · señal contemporánea fuerte
pesos_senal_fuerte,2,LSPA estimativas mensuales | Brasil | 4 Banana | Área plantada,real,1.2987012987012987,0.0001160161232204,0.008933241487976,0.008933241487976,100.0,2022-T1,174.0,Bridge · señal contemporánea fuerte
pesos_senal_fuerte,2,Produção - ônibus - montados - qde.,real,1.2987012987012987,0.0001132906947512,0.0087233834958425,0.0087233834958424,100.0,2012-T3,175.0,Bridge · señal contemporánea fuerte
pesos_senal_fuerte,2,empleo pnadc: ingreso real brl,real,1.2987012987012987,0.0001073802009879,0.0082682754760687,0.0082682754760687,100.0,2021-T1,176.0,Bridge · señal contemporánea fuerte
pesos_senal_fuerte,2,ipp: mensual pct,real,1.2987012987012987,0.0001055991266166,0.0081311327494827,0.0081311327494826,100.0,2021-T1,177.0,Bridge · señal contemporánea fuerte
pesos_senal_fuerte,2,"PIM-PF grupos y clases | Brasil | 17.3 Fabricação de embalagens de papel, cartolina, papel-cartão e papelão ondulado | PIMPF - Número-índice (2022=100)",real,2.5974025974025974,0.0001047297159957,0.0040320940658367,0.0040320940658367,100.0,2020-T4,178.0,Bridge · señal contemporánea fuerte
pesos_senal_fuerte,2,gasto publico tesouro: comprometido,fiscal,1.2987012987012987,0.0001018549511294,0.0078428312369639,0.0078428312369639,100.0,2019-T2,179.0,Bridge · señal contemporánea fuerte
pesos_senal_fuerte,2,Geração de energia elétrica - hidráulica: quantidade,real,3.896103896103896,0.0001011559292517,0.0025963355174627,-0.001733655874292,33.33333333333333,2007-T3,180.0,Bridge · señal contemporánea fuerte
pesos_senal_fuerte,2,PMS segmentos | Brasil | Índice de receita nominal de serviços | 9. Serviços de apoio às atividades empresariais | PMS - Número-índice (2022=100),real,1.2987012987012987,9.986902058990375e-05,0.0076899145854225,0.0076899145854225,100.0,2026-T1,181.0,Bridge · señal contemporánea fuerte
pesos_senal_fuerte,2,gasto publico tesouro: restos pagados,fiscal,1.2987012987012987,9.575703497394438e-05,0.0073732916929937,0.0073732916929937,100.0,2019-T2,182.0,Bridge · señal contemporánea fuerte
pesos_senal_fuerte,2,gasto publico tesouro: comprometido,fiscal,1.2987012987012987,9.403057901912713e-05,0.0072403545844727,-0.0072403545844728,0.0,2023-T3,183.0,Bridge · señal contemporánea fuerte
pesos_senal_fuerte,2,ipca: variacion mensual pct,real,1.2987012987012987,8.84288525203784e-05,-0.0068090216440691,-0.0068090216440691,0.0,2026-T1,184.0,Bridge · señal contemporánea fuerte
pesos_senal_fuerte,2,"PIM-PF categorias economicas | Brasil | 220 Alimentos e bebidas elaborados, destinados principalmente à indústria | PIMPF - Número-índice (2022=100)",real,1.2987012987012987,6.81776775701706e-05,0.0052496811729031,-0.005249681172903,0.0,2012-T1,185.0,Bridge · señal contemporánea fuerte
pesos_senal_fuerte,2,LSPA estimativas mensuales | Brasil | 7 Batata - inglesa (3ª Safra) | Área plantada,real,1.2987012987012987,6.257969038484166e-05,-0.0048186361596328,0.0048186361596329,100.0,2015-T1,186.0,Bridge · señal contemporánea fuerte
pesos_senal_fuerte,2,PIM-PF grupos y clases | Brasil | 19.3 Fabricação de biocombustíveis | PIMPF - Número-índice (2022=100),real,5.194805194805195,6.090519560680377e-05,-0.0001596204071302,0.0006087521159346,50.0,2020-T4,187.0,Bridge · señal contemporánea fuerte
pesos_senal_fuerte,2,base monetaria: valor,financiero,3.896103896103896,6.040375568579128e-05,-0.0015396548144902,-0.0014859154954873,33.33333333333333,2007-T4,188.0,Bridge · señal contemporánea fuerte
pesos_senal_fuerte,2,gasto publico tesouro: restos pagados,fiscal,1.2987012987012987,5.799549956554075e-05,-0.0044656534665466,-0.0044656534665466,0.0,2019-T2,189.0,Bridge · señal contemporánea fuerte
pesos_senal_fuerte,2,PMS actividades | Brasil | Índice de receita nominal de serviços | 5. Outros serviços | PMS - Número-índice (2022=100),real,1.2987012987012987,4.919229791358557e-05,-0.003787806939346,-0.0037878069393461,0.0,2019-T2,190.0,Bridge · señal contemporánea fuerte
pesos_senal_fuerte,2,Exportações - ônibus - montados - qde.,real,1.2987012987012987,4.122197144912595e-05,0.0031740918015826,0.0031740918015827,100.0,2009-T2,191.0,Bridge · señal contemporánea fuerte
pesos_senal_fuerte,2,balanza pagos: renta reservas millones usd,externo,1.2987012987012987,3.5625900488977654e-05,0.0027431943376512,-0.0027431943376512,0.0,2006-T2,192.0,Bridge · señal contemporánea fuerte
pesos_senal_fuerte,2,resultado fiscal bcb: valor,fiscal,1.2987012987012987,3.263708769157392e-05,0.0025130557522511,-0.0025130557522512,0.0,2015-T4,193.0,Bridge · señal contemporánea fuerte
pesos_senal_fuerte,2,gasto publico tesouro: restos pagados,fiscal,1.2987012987012987,2.941076808790727e-05,0.0022646291427688,0.0022646291427688,100.0,2026-T1,194.0,Bridge · señal contemporánea fuerte
pesos_senal_fuerte,2,balanza pagos: servicios construccion millones usd,externo,2.5974025974025974,2.716643594456556e-05,0.0009226848724386,-0.0010459077838658,0.0,2006-T2,195.0,Bridge · señal contemporánea fuerte
pesos_senal_fuerte,2,gasto publico tesouro: restos pagados,fiscal,2.5974025974025974,2.6364316581991515e-05,0.0009364670000655,0.000936467000065,50.0,2019-T2,196.0,Bridge · señal contemporánea fuerte
pesos_senal_fuerte,2,PMS segmentos | Brasil | Índice de receita nominal de serviços | 13. Transporte aquaviário | PMS - Número-índice (2022=100),real,1.2987012987012987,2.5062971859848845e-05,0.0019298488332083,0.0019298488332083,100.0,2026-T1,197.0,Bridge · señal contemporánea fuerte
pesos_senal_fuerte,2,PMS actividades | Brasil | Índice de receita nominal de serviços | 4.2 Transporte aquaviário | PMS - Número-índice (2022=100),real,1.2987012987012987,2.5062971859848845e-05,0.0019298488332083,0.0019298488332083,100.0,2026-T1,198.0,Bridge · señal contemporánea fuerte
pesos_senal_fuerte,2,LSPA estimativas mensuales | Brasil | 1.2 Amendoim (1ª Safra) | Área plantada,real,1.2987012987012987,2.355978130952232e-05,0.0018141031608332,-0.0018141031608331,0.0,2015-T1,199.0,Bridge · señal contemporánea fuerte
pesos_senal_fuerte,2,LSPA estimativas mensuales | Brasil | 8 Cacau | Área plantada,real,1.2987012987012987,1.869177534657742e-05,0.0014392667016864,0.0014392667016864,100.0,2019-T2,200.0,Bridge · señal contemporánea fuerte
pesos_senal_fuerte,2,PIM-PF grupos y clases | Brasil | 25.91 Fabricação de embalagens metálicas | PIMPF - Número-índice (2022=100),real,1.2987012987012987,1.7951907497594888e-05,-0.0013822968773148,-0.0013822968773148,0.0,2021-T1,201.0,Bridge · señal contemporánea fuerte
pesos_senal_fuerte,2,ipca: variacion mensual pct,real,1.2987012987012987,1.4936499921540036e-05,-0.0011501104939585,0.0011501104939588,100.0,2012-T1,202.0,Bridge · señal contemporánea fuerte
pesos_senal_fuerte,2,Produção - gás natural - média - quantidade,real,1.2987012987012987,1.4557345520364015e-05,-0.001120915605068,0.0011209156050679,100.0,2006-T2,203.0,Bridge · señal contemporánea fuerte
pesos_senal_fuerte,2,S&P 500: promedio mensual del cierre diario,real,1.2987012987012987,1.4027312671689094e-05,-0.00108010307572,-0.00108010307572,0.0,2019-T2,204.0,Bridge · señal contemporánea fuerte
pesos_senal_fuerte,2,gasto publico tesouro: dotacion actualizada,fiscal,2.5974025974025974,1.0908001018029283e-05,-0.0003801237333425,-0.0003801237333425,50.0,2022-T1,205.0,Bridge · señal contemporánea fuerte
pesos_senal_fuerte,2,LSPA estimativas mensuales | Brasil | 1.18 Sorgo | Área plantada,real,1.2987012987012987,1.0826318268370342e-05,-0.0008336265066645,0.0008336265066646,100.0,2015-T1,206.0,Bridge · señal contemporánea fuerte
pesos_senal_fuerte,2,Intenção de consumo das famílias - total,real,1.2987012987012987,9.90903014350418e-06,0.0007629953210498,0.0007629953210497,100.0,2025-T1,207.0,Bridge · señal contemporánea fuerte
pesos_senal_fuerte,2,"PIM-PF grupos y clases | Brasil | 28.1 Fabricação de motores, bombas, compressores e equipamentos de transmissão | PIMPF - Número-índice (2022=100)",real,1.2987012987012987,9.302264308336416e-06,0.0007162743517419,0.0007162743517419,100.0,2012-T3,208.0,Bridge · señal contemporánea fuerte
pesos_senal_fuerte,2,PIM-PF categorias economicas | Brasil | 325 Gasolinas para automóvel (motor spirit) | PIMPF - Número-índice (2022=100),real,1.2987012987012987,7.891869103656079e-06,-0.0006076739209815,-0.0006076739209815,0.0,2019-T2,209.0,Bridge · señal contemporánea fuerte
pesos_senal_fuerte,2,gasto publico tesouro: dotacion actualizada,fiscal,1.2987012987012987,7.7777700391001e-06,-0.0005988882930107,-0.0005988882930108,0.0,2020-T3,210.0,Bridge · señal contemporánea fuerte
pesos_senal_fuerte,2,gasto publico tesouro: pagado ejercicio,fiscal,1.2987012987012987,6.148355899228145e-06,0.0004734234042405,0.0004734234042405,100.0,2022-T1,211.0,Bridge · señal contemporánea fuerte
pesos_senal_fuerte,2,gasto publico tesouro: restos pagados,fiscal,1.2987012987012987,5.857854174365835e-06,0.0004510547714261,0.0004510547714261,100.0,2022-T2,212.0,Bridge · señal contemporánea fuerte
pesos_senal_fuerte,2,Indicadores Industriais - utilização da capacidade instalada - indústria - índice dessazonalizado (média 2006 = 100),real,1.2987012987012987,3.3991972256421314e-06,0.0002617381863744,-0.0002617381863743,0.0,2012-T1,213.0,Bridge · señal contemporánea fuerte
pesos_senal_fuerte,2,Indicadores Industriais - utilização da capacidade instalada - indústria - índice (média 2006 = 100),real,1.2987012987012987,1.875839972006988e-06,-0.0001444396778445,-0.0001444396778444,0.0,2012-T2,214.0,Bridge · señal contemporánea fuerte
pesos_senal_fuerte,2,Produção - petróleo - média - quantidade/dia,real,1.2987012987012987,1.117061656514179e-06,8.601374755159177e-05,8.60137475515721e-05,100.0,2009-T2,215.0,Bridge · señal contemporánea fuerte
pesos_senal_fuerte,2,gasto publico tesouro: devengado,fiscal,1.2987012987012987,1.0229527549036528e-06,-7.876736212758127e-05,-7.876736212752977e-05,0.0,2022-T2,216.0,Bridge · señal contemporánea fuerte
pesos_senal_fuerte,2,PMC actividades complementarias | Brasil | Índice de receita nominal de vendas no comércio varejista | Hipermercados e supermercados | PMC - Número-índice (2022=100),real,1.2987012987012987,8.459605358344448e-07,6.513896125925225e-05,6.513896125914798e-05,100.0,2009-T4,217.0,Bridge · señal contemporánea fuerte
pesos_senal_fuerte,2,ipca: variacion mensual pct,real,1.2987012987012987,8.132897970012198e-07,6.262331436909392e-05,6.262331436912572e-05,100.0,2007-T4,218.0,Bridge · señal contemporánea fuerte
pesos_senal_fuerte,2,gasto publico tesouro: pagado ejercicio,fiscal,1.2987012987012987,4.522578393181063e-07,-3.4823853627494186e-05,-3.4823853627519163e-05,0.0,2022-T2,219.0,Bridge · señal contemporánea fuerte
pesos_senal_fuerte,2,SINAPI costes de construccion | Brasil | Custo médio m² - número-índice,real,1.2987012987012987,1.4763079284965146e-07,-1.1367571049423165e-05,-1.1367571049358816e-05,0.0,2009-T2,220.0,Bridge · señal contemporánea fuerte
pesos_senal_fuerte,2,deuda publica federal: otros pct,financiero,1.2987012987012987,1.399159325632973e-07,1.077352680737389e-05,-1.077352680733945e-05,0.0,2015-T1,221.0,Bridge · señal contemporánea fuerte
pesos_senal_fuerte,2,selic tasas: selic efectiva media pct anual,real,1.2987012987012987,7.135380634218302e-10,-5.4942430883480935e-08,5.49424309381763e-08,100.0,2006-T2,222.0,Bridge · señal contemporánea fuerte
pesos_senal_fuerte,2,deuda publica federal: otros miles millones brl,financiero,1.2987012987012987,4.853016048539663e-10,3.7368223573755425e-08,3.7368223571032644e-08,100.0,2022-T1,223.0,Bridge · señal contemporánea fuerte
pesos_senal_fuerte,2,credito sgs: valor,financiero,1.2987012987012987,8.912745682302139e-11,6.862814175372648e-09,6.862814094787951e-09,100.0,2012-T3,224.0,Bridge · señal contemporánea fuerte
pesos_senal_fuerte,2,selic tasas: selic efectiva media pct diario,real,1.2987012987012987,0.0,0.0,0.0,0.0,2008-T2,225.0,Bridge · señal contemporánea fuerte
pesos_senal_fuerte,3,ibc br: tres meses sin ajuste pct,real,74.02597402597402,0.1511657062016236,-0.0888710274765487,0.1556761294637632,71.9298245614035,2020-T2,1.0,Bridge · señal contemporánea fuerte
pesos_senal_fuerte,3,ibc br: tres meses servicios sin ajuste pct,real,36.36363636363637,0.0832655260605057,-0.1860497321203573,0.1685968469622404,71.42857142857143,2020-T2,2.0,Bridge · señal contemporánea fuerte
pesos_senal_fuerte,3,Indicador IPEA de FBCF - índice real (média 1995 = 100),real,45.45454545454545,0.0398653048742602,-0.030772359892919,0.0494936392759531,71.42857142857143,2008-T4,3.0,Bridge · señal contemporánea fuerte
pesos_senal_fuerte,3,ibc br: tres meses impuestos sin ajuste pct,real,35.064935064935064,0.0382932096679198,0.0591601074070496,0.0452302223596157,55.55555555555556,2020-T3,4.0,Bridge · señal contemporánea fuerte
pesos_senal_fuerte,3,Indicadores Industriais - pessoal empregado - indústria - índice dessazonalizado (média 2006 = 100),real,23.376623376623375,0.0331716815099311,-7.310621912325375e-05,0.1110074280824161,61.11111111111112,2008-T4,5.0,Bridge · señal contemporánea fuerte
pesos_senal_fuerte,3,gasto publico tesouro: pagos totales,fiscal,10.38961038961039,0.0240023914897419,0.2310230180887662,-0.0844510581979279,50.0,2021-T4,6.0,Bridge · señal contemporánea fuerte
pesos_senal_fuerte,3,PIM-PF actividades industriales | Brasil | 3 Indústrias de transformação | PIMPF - Número-índice (2022=100),real,25.97402597402597,0.0219463540735138,-0.0324431841262554,0.0203317075860486,55.00000000000001,2014-T2,7.0,Bridge · señal contemporánea fuerte
pesos_senal_fuerte,3,comex stat: importaciones totales fob usd,externo,24.675324675324678,0.0180803576487623,0.0410130700680047,0.0418744539864975,63.1578947368421,2007-T4,8.0,Bridge · señal contemporánea fuerte
pesos_senal_fuerte,3,empleo pnadc: ocupados miles,real,15.584415584415584,0.0177172795906756,0.0807707883088385,0.0164997606125924,66.66666666666666,2020-T3,9.0,Bridge · señal contemporánea fuerte
pesos_senal_fuerte,3,ibc br: indice sin ajuste,real,23.376623376623375,0.0158533206097061,0.016299880106958,0.0278405441569564,50.0,2020-T3,10.0,Bridge · señal contemporánea fuerte
pesos_senal_fuerte,3,America Latina: indice produccion industrial,real,44.15584415584416,0.0155104469573134,0.0068387822892166,0.0154224436425357,70.58823529411765,2020-T3,11.0,Bridge · señal contemporánea fuerte
pesos_senal_fuerte,3,credito sgs: valor,financiero,12.987012987012989,0.0132466076636683,0.0101991477723605,0.0025974980877668,40.0,2021-T1,12.0,Bridge · señal contemporánea fuerte
pesos_senal_fuerte,3,PMC comercio ampliado por actividad | Brasil | Índice de receita nominal de vendas no comércio varejista ampliado | Combustíveis e lubrificantes | PMC - Número-índice (2022=100),real,12.987012987012989,0.0130318544354111,0.0931648950353681,-0.0056872364924665,50.0,2020-T3,13.0,Bridge · señal contemporánea fuerte
pesos_senal_fuerte,3,PMC comercio ampliado por actividad | Brasil | Índice de volume de vendas no comércio varejista ampliado | Combustíveis e lubrificantes | PMC - Número-índice (2022=100),real,7.792207792207792,0.011770417077177,0.1192067656236781,-0.0122869031334842,66.66666666666666,2022-T3,14.0,Bridge · señal contemporánea fuerte
pesos_senal_fuerte,3,Mundo: indice produccion industrial,real,11.688311688311687,0.0109213661643726,0.0115881214463182,0.0871045914669361,77.77777777777779,2009-T1,15.0,Bridge · señal contemporánea fuerte
pesos_senal_fuerte,3,ibc br: indice industria sin ajuste,real,12.987012987012989,0.0098904340043228,0.0475852424075125,0.0365085244293646,60.0,2020-T3,16.0,Bridge · señal contemporánea fuerte
pesos_senal_fuerte,3,gasto publico tesouro: comprometido,fiscal,1.2987012987012987,0.0097346110333927,-0.7495650495712398,-0.74956504957124,0.0,2020-T3,17.0,Bridge · señal contemporánea fuerte
pesos_senal_fuerte,3,base monetaria: valor,financiero,18.181818181818183,0.0094433332833951,-0.025485343289146,-0.006356522240148,42.85714285714285,2015-T1,18.0,Bridge · señal contemporánea fuerte
pesos_senal_fuerte,3,"PIM-PF grupos y clases | Brasil | 17.2 Fabricação de papel, cartolina e papel-cartão | PIMPF - Número-índice (2022=100)",real,24.675324675324678,0.0080385337310677,-0.004532106619458,-0.0047713391072144,47.368421052631575,2021-T3,19.0,Bridge · señal contemporánea fuerte
pesos_senal_fuerte,3,Estados Unidos: indice produccion industrial,real,27.272727272727277,0.0076207443132413,0.002875262809009,-0.0048390953946567,47.61904761904761,2021-T4,20.0,Bridge · señal contemporánea fuerte
pesos_senal_fuerte,3,Energia elétrica - consumo - comércio - quantidade,real,22.07792207792208,0.0067836500908368,0.0078847863735108,0.0075173003021795,52.94117647058824,2024-T2,21.0,Bridge · señal contemporánea fuerte
pesos_senal_fuerte,3,"PIM-PF actividades industriales | Brasil | 3.26 Fabricação de equipamentos de informática, produtos eletrônicos e ópticos | PIMPF - Número-índice (2022=100)",real,19.48051948051948,0.0056948299836072,-0.0042097136969887,0.0163740340344003,53.333333333333336,2016-T4,22.0,Bridge · señal contemporánea fuerte
pesos_senal_fuerte,3,Sondagem CNI: evolucion de la produccion industrial,real,9.090909090909092,0.005519026934379,0.0415093226814228,-0.0125474325170703,42.85714285714285,2024-T1,23.0,Bridge · señal contemporánea fuerte
pesos_senal_fuerte,3,Indicadores Industriais - faturamento real - indústria - índice dessazonalizado (média 2006 = 100),real,22.07792207792208,0.0053668904667565,0.0200273249003082,-0.0008454480412865,35.294117647058826,2009-T1,24.0,Bridge · señal contemporánea fuerte
pesos_senal_fuerte,3,credito sgs: valor,financiero,5.194805194805195,0.0049573954523542,0.0954298624578201,0.0355424924062859,75.0,2007-T3,25.0,Bridge · señal contemporánea fuerte
pesos_senal_fuerte,3,PIM-PF actividades industriales | Brasil | 3.24 Metalurgia | PIMPF - Número-índice (2022=100),real,2.5974025974025974,0.0048656718020375,0.1810489419629372,0.1810489419629373,50.0,2020-T4,26.0,Bridge · señal contemporánea fuerte
pesos_senal_fuerte,3,base monetaria: valor,financiero,1.2987012987012987,0.004827719415443,0.3717343949891134,-0.3717343949891134,0.0,2006-T2,27.0,Bridge · señal contemporánea fuerte
pesos_senal_fuerte,3,consumo mensual ibge: indice original,real,2.5974025974025974,0.0047118833125757,0.1814075075341645,-0.1666644615957814,50.0,2022-T3,28.0,Bridge · señal contemporánea fuerte
pesos_senal_fuerte,3,gasto publico tesouro: pagado ejercicio,fiscal,2.5974025974025974,0.0046776335732218,-0.1800888925690417,-0.0647781809838834,50.0,2016-T4,29.0,Bridge · señal contemporánea fuerte
pesos_senal_fuerte,3,PIM-PF categorias economicas | Brasil | 1 Bens de capital | PIMPF - Número-índice (2022=100),real,10.38961038961039,0.0046318770174439,-0.0216547776500131,0.0102221552552905,37.5,2013-T4,30.0,Bridge · señal contemporánea fuerte
pesos_senal_fuerte,3,PIM-PF actividades industriales | Brasil | 3.23 Fabricação de produtos de minerais não metálicos | PIMPF - Número-índice (2022=100),real,10.38961038961039,0.0044039591175317,-0.0080581691184158,0.0073975302302944,50.0,2011-T1,31.0,Bridge · señal contemporánea fuerte
pesos_senal_fuerte,3,PIM-PF actividades industriales | Brasil | 3.32 Fabricação de produtos diversos | PIMPF - Número-índice (2022=100),real,12.987012987012989,0.0043546995516961,0.0003452197453349,0.0175297573234067,70.0,2025-T1,32.0,Bridge · señal contemporánea fuerte
pesos_senal_fuerte,3,"PIM-PF actividades industriales | Brasil | 3.25 Fabricação de produtos de metal, exceto máquinas e equipamentos | PIMPF - Número-índice (2022=100)",real,10.38961038961039,0.0043398842641259,-0.0049903052484121,0.0146822322043286,75.0,2011-T1,33.0,Bridge · señal contemporánea fuerte
pesos_senal_fuerte,3,Energia elétrica - consumo - quantidade,real,12.987012987012989,0.0042335996456889,0.0124787936016906,0.0184226366147238,50.0,2024-T2,34.0,Bridge · señal contemporánea fuerte
pesos_senal_fuerte,3,Indicadores Industriais - horas trabalhadas - indústria - índice dessazonalizado (média 2006 = 100),real,11.688311688311687,0.0040637660811939,-0.0010905683529587,0.0163270770047584,44.44444444444444,2010-T1,35.0,Bridge · señal contemporánea fuerte
pesos_senal_fuerte,3,Produção - caminhões - montados - qde.,real,10.38961038961039,0.0038848964781924,-0.0139359832585606,-0.0148092305422951,62.5,2012-T2,36.0,Bridge · señal contemporánea fuerte
pesos_senal_fuerte,3,deuda publica federal: tasa flotante miles millones brl,financiero,9.090909090909092,0.003716045342197,-0.0049711253411766,-0.0243098037171712,28.57142857142857,2012-T1,37.0,Bridge · señal contemporánea fuerte
pesos_senal_fuerte,3,PIM-PF actividades industriales | Brasil | 3.28 Fabricação de máquinas e equipamentos | PIMPF - Número-índice (2022=100),real,12.987012987012989,0.0036290039474474,0.0001054028785084,-0.0011455306972543,40.0,2011-T4,38.0,Bridge · señal contemporánea fuerte
pesos_senal_fuerte,3,PIM-PF actividades industriales | Brasil | 3.14 Confecção de artigos do vestuário e acessórios | PIMPF - Número-índice (2022=100),real,7.792207792207792,0.0035896335585978,0.0100597533346863,-0.0294756740322873,16.666666666666664,2012-T1,39.0,Bridge · señal contemporánea fuerte
pesos_senal_fuerte,3,gasto publico tesouro: dotacion actualizada,fiscal,9.090909090909092,0.0035081084612727,0.0385891930740002,0.0212984030406911,71.42857142857143,2022-T2,40.0,Bridge · señal contemporánea fuerte
pesos_senal_fuerte,3,ibc br: tres meses industria sin ajuste pct,real,7.792207792207792,0.0034114972158821,0.0173217897635334,0.0108138993969598,66.66666666666666,2025-T3,41.0,Bridge · señal contemporánea fuerte
pesos_senal_fuerte,3,balanza pagos: renta cartera intereses domestico millones usd,externo,3.896103896103896,0.0033421545415525,0.0304521716062045,0.0256690428403525,66.66666666666666,2021-T1,42.0,Bridge · señal contemporánea fuerte
pesos_senal_fuerte,3,gasto publico tesouro: devengado,fiscal,9.090909090909092,0.0032778689093532,-0.0360503278070928,-0.0078116498917548,42.85714285714285,2017-T1,43.0,Bridge · señal contemporánea fuerte
pesos_senal_fuerte,3,Licenciamento Nacionais - Automóveis - montados - qde.,real,11.688311688311687,0.0032522393876286,0.0083631440560863,-0.0013523153666113,55.55555555555556,2021-T4,44.0,Bridge · señal contemporánea fuerte
pesos_senal_fuerte,3,Licenciamento Importados - Autoveículos - montados - qde.,real,6.493506493506493,0.0028459670875932,0.039274162477734,0.0095116904127685,40.0,2009-T2,45.0,Bridge · señal contemporánea fuerte
pesos_senal_fuerte,3,base monetaria: valor,financiero,1.2987012987012987,0.0028220756736326,-0.2172998268697124,0.2172998268697124,100.0,2015-T1,46.0,Bridge · señal contemporánea fuerte
pesos_senal_fuerte,3,"PMC actividades complementarias | Brasil | Índice de receita nominal de vendas no comércio varejista | Tecidos, vestuário e calçados | PMC - Número-índice (2022=100)",real,1.2987012987012987,0.0027435026654189,0.211249705237262,0.211249705237261,100.0,2020-T3,47.0,Bridge · señal contemporánea fuerte
pesos_senal_fuerte,3,"PIM-PF actividades industriales | Brasil | 3.29 Fabricação de veículos automotores, reboques e carrocerias | PIMPF - Número-índice (2022=100)",real,7.792207792207792,0.0026896247575494,0.0123421692279187,0.0317907933906412,66.66666666666666,2020-T3,48.0,Bridge · señal contemporánea fuerte
pesos_senal_fuerte,3,gasto publico tesouro: pagos totales,fiscal,2.5974025974025974,0.0026846275836893,-0.0837631912048254,-0.1033581619720394,0.0,2016-T4,49.0,Bridge · señal contemporánea fuerte
pesos_senal_fuerte,3,balanza pagos: servicios seguros millones usd,externo,1.2987012987012987,0.0026079215875832,-0.2008099622439093,0.2008099622439093,100.0,2015-T4,50.0,Bridge · señal contemporánea fuerte
pesos_senal_fuerte,3,ibc br: mensual industria sin ajuste pct,real,11.688311688311687,0.0024225933622361,0.0022562295686723,-0.0016331337588585,33.33333333333333,2018-T4,51.0,Bridge · señal contemporánea fuerte
pesos_senal_fuerte,3,PIM-PF indicadores especiales | Brasil | 3.1 Embalagens de vidro | PIMPF - Número-índice (2022=100),real,6.493506493506493,0.0023364392003276,-1.5217765985393873e-05,0.0359811636850465,100.0,2020-T3,52.0,Bridge · señal contemporánea fuerte
pesos_senal_fuerte,3,"PMC comercio ampliado por actividad | Brasil | Índice de receita nominal de vendas no comércio varejista ampliado | Tecidos, vestuário e calçados | PMC - Número-índice (2022=100)",real,1.2987012987012987,0.002304266387592,-0.1774285118445865,0.1774285118445864,100.0,2021-T1,53.0,Bridge · señal contemporánea fuerte
pesos_senal_fuerte,3,PIM-PF grupos y clases | Brasil | 20.14 Fabricação de gases industriais | PIMPF - Número-índice (2022=100),real,12.987012987012989,0.0022258912101285,0.0012318030814627,0.0044365749737963,60.0,2020-T4,54.0,Bridge · señal contemporánea fuerte
pesos_senal_fuerte,3,ibc br: tres meses ex agro sin ajuste pct,real,3.896103896103896,0.0021474349796853,-0.0497138733476492,-0.031188225757254,66.66666666666666,2016-T4,55.0,Bridge · señal contemporánea fuerte
pesos_senal_fuerte,3,PIM-PF categorias economicas | Brasil | 31 Bens de consumo duráveis | PIMPF - Número-índice (2022=100),real,9.090909090909092,0.00198675543854,0.0166765635773727,-0.009548154964311,57.14285714285714,2021-T4,56.0,Bridge · señal contemporánea fuerte
pesos_senal_fuerte,3,"PMC vehiculos | Brasil | Índice de volume de vendas de veículos, motocicletas, partes e peças | PMC - Número-índice (2022=100)",real,1.2987012987012987,0.0019699317652022,0.151684745920573,-0.151684745920573,0.0,2009-T1,57.0,Bridge · señal contemporánea fuerte
pesos_senal_fuerte,3,"PMC comercio ampliado por actividad | Brasil | Índice de volume de vendas no comércio varejista ampliado | Veículos, motocicletas, partes e peças | PMC - Número-índice (2022=100)",real,1.2987012987012987,0.0019699317652022,0.1516847459205729,-0.151684745920573,0.0,2009-T1,58.0,Bridge · señal contemporánea fuerte
pesos_senal_fuerte,3,ibc br: mensual agropecuaria sin ajuste pct,real,6.493506493506493,0.0019422843706804,-0.005549571419216,-0.0269918908623913,40.0,2022-T1,59.0,Bridge · señal contemporánea fuerte
pesos_senal_fuerte,3,PIM-PF grupos y clases | Brasil | 15.3 Fabricação de calçados | PIMPF - Número-índice (2022=100),real,7.792207792207792,0.0019211936226824,-0.0106666300878503,0.0246553181577583,100.0,2023-T3,60.0,Bridge · señal contemporánea fuerte
pesos_senal_fuerte,3,PMC actividades complementarias | Brasil | Índice de receita nominal de vendas no comércio varejista | Combustíveis e lubrificantes | PMC - Número-índice (2022=100),real,9.090909090909092,0.0019118105756573,0.0107722247360912,-0.0038214358682951,57.14285714285714,2015-T4,61.0,Bridge · señal contemporánea fuerte
pesos_senal_fuerte,3,PMC comercio ampliado por actividad | Brasil | Índice de receita nominal de vendas no comércio varejista ampliado | Hipermercados e supermercados | PMC - Número-índice (2022=100),real,9.090909090909092,0.0018760588745133,-0.0001560922000811,0.0050391618942153,57.14285714285714,2011-T2,62.0,Bridge · señal contemporánea fuerte
pesos_senal_fuerte,3,Zona euro: indice produccion industrial,real,5.194805194805195,0.0018726673093547,0.0315499305984734,0.0315499305984735,75.0,2009-T3,63.0,Bridge · señal contemporánea fuerte
pesos_senal_fuerte,3,ibc br: indice agropecuaria sin ajuste,real,5.194805194805195,0.0018395787580257,0.0156962089054599,-0.0140662076106552,50.0,2021-T3,64.0,Bridge · señal contemporánea fuerte
pesos_senal_fuerte,3,"PIM-PF actividades industriales | Brasil | 3.27 Fabricação de máquinas, aparelhos e materiais elétricos | PIMPF - Número-índice (2022=100)",real,5.194805194805195,0.0018203347754261,-0.0005494268880165,-0.0033601732363386,50.0,2012-T4,65.0,Bridge · señal contemporánea fuerte
pesos_senal_fuerte,3,base monetaria: valor,financiero,2.5974025974025974,0.0018202502496833,0.0638894566451093,0.0638894566451093,50.0,2009-T2,66.0,Bridge · señal contemporánea fuerte
pesos_senal_fuerte,3,comex stat: exportaciones totales fob usd,externo,2.5974025974025974,0.0018152144196146,0.0698857551551626,0.0686386539924334,50.0,2009-T2,67.0,Bridge · señal contemporánea fuerte
pesos_senal_fuerte,3,PIM-PF grupos y clases | Brasil | 10.7 Fabricação e refino de açúcar | PIMPF - Número-índice (2022=100),real,2.5974025974025974,0.001813051663485,0.0141820301751516,0.0141820301751516,50.0,2012-T2,68.0,Bridge · señal contemporánea fuerte
pesos_senal_fuerte,3,deuda publica federal: indice precios miles millones brl,financiero,1.2987012987012987,0.0016915455706382,-0.1302490089391414,-0.1302490089391415,0.0,2009-T2,69.0,Bridge · señal contemporánea fuerte
pesos_senal_fuerte,3,PIM-PF indicadores especiales | Brasil | 5.3.6 Bens de consumo duráveis por atividade - Demais atividades* | PIMPF - Número-índice (2022=100),real,3.896103896103896,0.001690936877612,-0.0434007131920423,-0.0434007131920423,0.0,2026-T1,70.0,Bridge · señal contemporánea fuerte
pesos_senal_fuerte,3,"PIM-PF actividades industriales | Brasil | 3.15 Preparação de couros e fabricação de artefatos de couro, artigos para viagem e calçados | PIMPF - Número-índice (2022=100)",real,3.896103896103896,0.0016850492453458,-0.0239843839225712,0.0294454898703783,66.66666666666666,2023-T3,71.0,Bridge · señal contemporánea fuerte
pesos_senal_fuerte,3,Energia elétrica - consumo - região Norte (N) - quantidade,real,20.77922077922078,0.0016662054361688,0.0023767214559006,0.0063066513632412,87.5,2008-T2,72.0,Bridge · señal contemporánea fuerte
pesos_senal_fuerte,3,"PIM-PF categorias economicas | Brasil | 220 Alimentos e bebidas elaborados, destinados principalmente à indústria | PIMPF - Número-índice (2022=100)",real,1.2987012987012987,0.0016443918138688,0.1266181696678977,-0.126618169667898,0.0,2012-T1,73.0,Bridge · señal contemporánea fuerte
pesos_senal_fuerte,3,"PMS segmentos | Brasil | Índice de receita nominal de serviços | 6. Serviços audiovisuais, de edição e agências de notícias | PMS - Número-índice (2022=100)",real,6.493506493506493,0.0016277391614623,0.0246030231261234,0.0136073522987293,60.0,2026-T1,74.0,Bridge · señal contemporánea fuerte
pesos_senal_fuerte,3,Exportações - veículos comerciais leves - montados - qde.,real,5.194805194805195,0.0015419616147386,-0.0093335535514733,-0.0234969128667459,25.0,2010-T4,75.0,Bridge · señal contemporánea fuerte
pesos_senal_fuerte,3,balanza pagos: activos reserva millones usd,externo,5.194805194805195,0.0014921155875121,-0.0287232250596094,0.0287232250596094,100.0,2006-T2,76.0,Bridge · señal contemporánea fuerte
pesos_senal_fuerte,3,balanza pagos: derivados millones usd,externo,3.896103896103896,0.0014618557549523,-0.0375209643771104,-0.0003343539207898,66.66666666666666,2009-T2,77.0,Bridge · señal contemporánea fuerte
pesos_senal_fuerte,3,Geração de energia elétrica - hidráulica: quantidade,real,3.896103896103896,0.0014195928710369,-0.0302881403455988,0.0058316966154774,33.33333333333333,2007-T3,78.0,Bridge · señal contemporánea fuerte
pesos_senal_fuerte,3,gasto publico tesouro: comprometido,fiscal,1.2987012987012987,0.0014140421731238,0.108881247330534,0.108881247330534,100.0,2026-T1,79.0,Bridge · señal contemporánea fuerte
pesos_senal_fuerte,3,PIM-PF grupos y clases | Brasil | 20.3 Fabricação de resinas e elastômeros | PIMPF - Número-índice (2022=100),real,9.090909090909092,0.0013727669935508,-0.0032894934511091,-0.0034827180343451,28.57142857142857,2022-T2,80.0,Bridge · señal contemporánea fuerte
pesos_senal_fuerte,3,gasto publico tesouro: comprometido,fiscal,6.493506493506493,0.0013510927471353,0.0172664364080616,0.0155173565835886,80.0,2021-T1,81.0,Bridge · señal contemporánea fuerte
pesos_senal_fuerte,3,ipp: indice,real,1.2987012987012987,0.0013261144209021,0.1021108104094664,0.1021108104094663,100.0,2022-T2,82.0,Bridge · señal contemporánea fuerte
pesos_senal_fuerte,3,PIM-PF grupos y clases | Brasil | 22.11 Fabricação de pneumáticos e de câmaras-de-ar | PIMPF - Número-índice (2022=100),real,2.5974025974025974,0.0012858317219336,-0.0495045212944469,-0.047196095695271,50.0,2022-T4,83.0,Bridge · señal contemporánea fuerte
pesos_senal_fuerte,3,"PMC comercio ampliado por actividad | Brasil | Índice de receita nominal de vendas no comércio varejista ampliado | Veículos, motocicletas, partes e peças | PMC - Número-índice (2022=100)",real,2.5974025974025974,0.0012796163923799,-0.0472002892725708,-0.0472002892725708,50.0,2009-T4,84.0,Bridge · señal contemporánea fuerte
pesos_senal_fuerte,3,Energia elétrica - consumo - indústria - quantidade,real,10.38961038961039,0.0012044896526826,-0.0042396041622571,0.0014449849595081,62.5,2022-T4,85.0,Bridge · señal contemporánea fuerte
pesos_senal_fuerte,3,Exportações - ônibus - montados - qde.,real,1.2987012987012987,0.001183641346597,-0.0911403836879721,-0.0911403836879722,0.0,2009-T2,86.0,Bridge · señal contemporánea fuerte
pesos_senal_fuerte,3,PIM-PF grupos y clases | Brasil | 25.92 Fabricação de produtos de trefilados de metal | PIMPF - Número-índice (2022=100),real,10.38961038961039,0.0011774900816547,-0.0060662330189457,0.0003153921331722,25.0,2012-T1,87.0,Bridge · señal contemporánea fuerte
pesos_senal_fuerte,3,gasto publico tesouro: comprometido,fiscal,5.194805194805195,0.0011607173676144,-0.0003743292666278,0.0223438093265774,100.0,2020-T3,88.0,Bridge · señal contemporánea fuerte
pesos_senal_fuerte,3,ipca: variacion mensual pct,real,14.285714285714286,0.0011116200121131,-0.0046143353035263,0.002853361048476,54.54545454545454,2009-T1,89.0,Bridge · señal contemporánea fuerte
pesos_senal_fuerte,3,gasto publico tesouro: restos pagados,fiscal,6.493506493506493,0.0011113579839533,0.0130372394380143,0.0060428561377397,80.0,2021-T2,90.0,Bridge · señal contemporánea fuerte
pesos_senal_fuerte,3,selic tasas: selic meta fin mes pct anual,real,1.2987012987012987,0.001088587419369,0.0838212312914187,-0.0343999629126776,0.0,2007-T3,91.0,Bridge · señal contemporánea fuerte
pesos_senal_fuerte,3,"PIM-PF grupos y clases | Brasil | 25.4 Fabricação de artigos de cutelaria, de serralheria e ferramentas | PIMPF - Número-índice (2022=100)",real,9.090909090909092,0.0010720080433164,-0.0091080111072773,-0.0088921088013483,28.57142857142857,2012-T2,92.0,Bridge · señal contemporánea fuerte
pesos_senal_fuerte,3,balanza pagos: servicios millones usd,externo,1.2987012987012987,0.0010510051052807,0.0809273931066143,-0.0809273931066143,0.0,2006-T2,93.0,Bridge · señal contemporánea fuerte
pesos_senal_fuerte,3,gasto publico tesouro: comprometido,fiscal,2.5974025974025974,0.0010011478591688,-0.0385441925780023,-0.0261637977545543,50.0,2023-T1,94.0,Bridge · señal contemporánea fuerte
pesos_senal_fuerte,3,ipp: mensual pct,real,1.2987012987012987,0.0009407878980335,0.072440668148581,0.0724406681485807,100.0,2020-T4,95.0,Bridge · señal contemporánea fuerte
pesos_senal_fuerte,3,base monetaria: valor,financiero,2.5974025974025974,0.0009380208695254,0.03611380347673,0.0214836690977339,50.0,2007-T4,96.0,Bridge · señal contemporánea fuerte
pesos_senal_fuerte,3,balanza pagos: servicios gobierno millones usd,externo,2.5974025974025974,0.0009306924274705,-0.0220328332824927,-0.0358316584576154,0.0,2007-T4,97.0,Bridge · señal contemporánea fuerte
pesos_senal_fuerte,3,LSPA estimativas mensuales | Brasil | 1.14 Mamona | Área plantada,real,7.792207792207792,0.0009248364720464,0.0027306429488852,0.0028118178072546,50.0,2022-T1,98.0,Bridge · señal contemporánea fuerte
pesos_senal_fuerte,3,"PIM-PF grupos y clases | Brasil | 17.3 Fabricação de embalagens de papel, cartolina, papel-cartão e papelão ondulado | PIMPF - Número-índice (2022=100)",real,2.5974025974025974,0.0009018621625469,-0.0030285082605771,0.0347216932580573,100.0,2021-T1,99.0,Bridge · señal contemporánea fuerte
pesos_senal_fuerte,3,selic tasas: selic efectiva media pct diario,real,1.2987012987012987,0.0008793004235668,0.0677061326146455,0.0677061326146455,100.0,2008-T2,100.0,Bridge · señal contemporánea fuerte
pesos_senal_fuerte,3,PIM-PF grupos y clases | Brasil | 27.5 Fabricação de eletrodomésticos | PIMPF - Número-índice (2022=100),real,7.792207792207792,0.0008642892410058,-0.0064920139751937,0.0034281803929656,66.66666666666666,2012-T1,101.0,Bridge · señal contemporánea fuerte
pesos_senal_fuerte,3,gasto publico tesouro: devengado,fiscal,1.2987012987012987,0.0008335083240891,0.0641801409548682,0.0641801409548682,100.0,2019-T2,102.0,Bridge · señal contemporánea fuerte
pesos_senal_fuerte,3,gasto publico tesouro: restos pagados,fiscal,2.5974025974025974,0.0008132240533448,-0.0117394905955387,-0.0117394905955387,50.0,2017-T1,103.0,Bridge · señal contemporánea fuerte
pesos_senal_fuerte,3,gasto publico tesouro: dotacion actualizada,fiscal,2.5974025974025974,0.000799009268667,0.0307618568436824,0.027391056880564,50.0,2025-T1,104.0,Bridge · señal contemporánea fuerte
pesos_senal_fuerte,3,PMC actividades complementarias | Brasil | Índice de receita nominal de vendas no comércio varejista | Móveis e eletrodomésticos | PMC - Número-índice (2022=100),real,9.090909090909092,0.0007442844048029,0.0069306687518012,0.0039461497302087,57.14285714285714,2010-T1,105.0,Bridge · señal contemporánea fuerte
pesos_senal_fuerte,3,credito sgs: valor,financiero,7.792207792207792,0.0007287740599461,0.0083602295805778,0.0005968101463265,66.66666666666666,2010-T3,106.0,Bridge · señal contemporánea fuerte
pesos_senal_fuerte,3,PMS segmentos | Brasil | Índice de receita nominal de serviços | 13. Transporte aquaviário | PMS - Número-índice (2022=100),real,1.2987012987012987,0.0007110985529005,0.0547545885733395,0.0547545885733395,100.0,2026-T1,107.0,Bridge · señal contemporánea fuerte
pesos_senal_fuerte,3,PMS actividades | Brasil | Índice de receita nominal de serviços | 4.2 Transporte aquaviário | PMS - Número-índice (2022=100),real,1.2987012987012987,0.0007110985529005,0.0547545885733395,0.0547545885733395,100.0,2026-T1,108.0,Bridge · señal contemporánea fuerte
pesos_senal_fuerte,3,gasto publico tesouro: pagos totales,fiscal,1.2987012987012987,0.0006762085080807,0.0520680551222197,-0.0520680551222197,0.0,2023-T3,109.0,Bridge · señal contemporánea fuerte
pesos_senal_fuerte,3,Indicadores Industriais - pessoal empregado - indústria - índice (média 2006 = 100),real,1.2987012987012987,0.0006576036268558,-0.0506354792679033,0.0506354792679033,100.0,2012-T1,110.0,Bridge · señal contemporánea fuerte
pesos_senal_fuerte,3,gasto publico tesouro: devengado,fiscal,5.194805194805195,0.0006282554042046,-0.0065389939201214,-0.0032598280549609,50.0,2022-T2,111.0,Bridge · señal contemporánea fuerte
pesos_senal_fuerte,3,Emplacamento de veículos - autoveículos,real,11.688311688311687,0.0006153974961636,0.0034122621637304,0.0009296800915168,55.55555555555556,2026-T1,112.0,Bridge · señal contemporánea fuerte
pesos_senal_fuerte,3,PIM-PF indicadores especiales | Brasil | 5.1.5 Bens de capital por atividade - Outros equipamentos de transporte | PIMPF - Número-índice (2022=100),real,5.194805194805195,0.0005854889752103,0.0080504836242129,0.0043685936848123,25.0,2022-T2,113.0,Bridge · señal contemporánea fuerte
pesos_senal_fuerte,3,gasto publico tesouro: comprometido,fiscal,1.2987012987012987,0.0005833368426512,-0.0449169368841496,-0.0449169368841496,0.0,2022-T1,114.0,Bridge · señal contemporánea fuerte
pesos_senal_fuerte,3,PMS actividades | Brasil | Índice de volume de serviços | 3.2 Serviços administrativos e complementares | PMS - Número-índice (2022=100),real,2.5974025974025974,0.000561736715271,-0.021626863537935,-0.0039476936103207,50.0,2023-T1,115.0,Bridge · señal contemporánea fuerte
pesos_senal_fuerte,3,PIM-PF grupos y clases | Brasil | 26.1 Fabricação de componentes eletrônicos | PIMPF - Número-índice (2022=100),real,3.896103896103896,0.0005495520986268,0.0098358858614116,0.0100445120496465,66.66666666666666,2022-T1,116.0,Bridge · señal contemporánea fuerte
pesos_senal_fuerte,3,"PIM-PF grupos y clases | Brasil | 28.1 Fabricação de motores, bombas, compressores e equipamentos de transmissão | PIMPF - Número-índice (2022=100)",real,1.2987012987012987,0.000536014873767,-0.0412731452800592,-0.0412731452800592,0.0,2012-T3,117.0,Bridge · señal contemporánea fuerte
pesos_senal_fuerte,3,gasto publico tesouro: dotacion actualizada,fiscal,1.2987012987012987,0.0005302864453327,-0.0408320562906219,-0.0408320562906219,0.0,2022-T1,118.0,Bridge · señal contemporánea fuerte
pesos_senal_fuerte,3,Geração de energia elétrica - termo nuclear: quantidade,real,5.194805194805195,0.0005260094821851,0.0074731432211587,-0.0010844390897553,25.0,2019-T2,119.0,Bridge · señal contemporánea fuerte
pesos_senal_fuerte,3,"PIM-PF grupos y clases | Brasil | 10.11 Abate de reses, exceto suínos | PIMPF - Número-índice (2022=100)",real,6.493506493506493,0.0005224097714719,-0.0035266735609612,0.0032434258673561,60.0,2021-T1,120.0,Bridge · señal contemporánea fuerte
pesos_senal_fuerte,3,gasto publico tesouro: restos pagados,fiscal,1.2987012987012987,0.0005094742898786,-0.0392295203206566,-0.0392295203206566,0.0,2019-T2,121.0,Bridge · señal contemporánea fuerte
pesos_senal_fuerte,3,"PMS actividades | Brasil | Índice de receita nominal de serviços | 4. Transportes, serviços auxiliares aos transportes e correio | PMS - Número-índice (2022=100)",real,1.2987012987012987,0.0005020918210283,0.0386610702191802,0.0386610702191803,100.0,2025-T1,122.0,Bridge · señal contemporánea fuerte
pesos_senal_fuerte,3,gasto publico tesouro: comprometido,fiscal,1.2987012987012987,0.0004759993697671,-0.0366519514720689,-0.0366519514720689,0.0,2026-T1,123.0,Bridge · señal contemporánea fuerte
pesos_senal_fuerte,3,gasto publico tesouro: restos pagados,fiscal,1.2987012987012987,0.0004703285058516,0.0362152949505732,0.0362152949505732,100.0,2019-T2,124.0,Bridge · señal contemporánea fuerte
pesos_senal_fuerte,3,PIM-PF actividades industriales | Brasil | 3.22 Fabricação de produtos de borracha e de material plástico | PIMPF - Número-índice (2022=100),real,6.493506493506493,0.0004699624381046,0.0010952938215755,0.0047633040826396,60.0,2023-T1,125.0,Bridge · señal contemporánea fuerte
pesos_senal_fuerte,3,gasto publico tesouro: devengado,fiscal,1.2987012987012987,0.0004590289372948,0.0353452281717028,0.0353452281717028,100.0,2026-T1,126.0,Bridge · señal contemporánea fuerte
pesos_senal_fuerte,3,base monetaria: valor,financiero,5.194805194805195,0.0004531417634858,-0.0057335979731974,0.000568628437304,50.0,2009-T4,127.0,Bridge · señal contemporánea fuerte
pesos_senal_fuerte,3,gasto publico tesouro: restos pagados,fiscal,1.2987012987012987,0.0004508850544245,0.0347181491906894,0.0347181491906894,100.0,2019-T2,128.0,Bridge · señal contemporánea fuerte
pesos_senal_fuerte,3,base monetaria: valor,financiero,3.896103896103896,0.0004272217089592,-0.0044125706895816,-0.0044125706895816,66.66666666666666,2009-T4,129.0,Bridge · señal contemporánea fuerte
pesos_senal_fuerte,3,"PMC comercio ampliado por actividad | Brasil | Índice de volume de vendas no comércio varejista ampliado | Equipamentos e materiais para escritório, informática e comunicação | PMC - Número-índice (2022=100)",real,3.896103896103896,0.0004245744154001,-0.01089740999527,0.0051831743572353,66.66666666666666,2015-T4,130.0,Bridge · señal contemporánea fuerte
pesos_senal_fuerte,3,gasto publico tesouro: pagos totales,fiscal,1.2987012987012987,0.0004232078853618,-0.0325870071728626,-0.0325870071728626,0.0,2019-T2,131.0,Bridge · señal contemporánea fuerte
pesos_senal_fuerte,3,gasto publico tesouro: comprometido,fiscal,1.2987012987012987,0.0004004022319806,-0.0308309718625107,-0.0308309718625107,0.0,2022-T1,132.0,Bridge · señal contemporánea fuerte
pesos_senal_fuerte,3,PMS total | Brasil | Índice de receita nominal de serviços | PMS - Número-índice (2022=100),real,2.5974025974025974,0.0003948627293113,0.0152022150784858,0.003082069532934,50.0,2024-T3,133.0,Bridge · señal contemporánea fuerte
pesos_senal_fuerte,3,PIM-PF categorias economicas | Brasil | 2 Bens intermediários | PIMPF - Número-índice (2022=100),real,2.5974025974025974,0.0003945861796572,-0.015191567916804,0.015191567916804,100.0,2021-T1,134.0,Bridge · señal contemporánea fuerte
pesos_senal_fuerte,3,empleo pnadc: ocupados miles,real,1.2987012987012987,0.0003942106383702,-0.030354219154507,-0.0303542191545069,0.0,2020-T3,135.0,Bridge · señal contemporánea fuerte
pesos_senal_fuerte,3,balanza pagos: servicios personales millones usd,externo,2.5974025974025974,0.0003921032975184,0.0150959769544589,-0.0004755943262986,50.0,2007-T3,136.0,Bridge · señal contemporánea fuerte
pesos_senal_fuerte,3,"PMS actividades | Brasil | Índice de receita nominal de serviços | 2.2 Serviços audiovisuais, de edição e agências de notícias | PMS - Número-índice (2022=100)",real,3.896103896103896,0.0003871425567593,0.0091630590228283,-0.0091630590228283,33.33333333333333,2025-T4,137.0,Bridge · señal contemporánea fuerte
pesos_senal_fuerte,3,PIM-PF categorias economicas | Brasil | 270 Peças e acessórios para bens de capital | PIMPF - Número-índice (2022=100),real,5.194805194805195,0.0003860037393708,-0.0060258233235591,0.0060258233235591,75.0,2015-T1,138.0,Bridge · señal contemporánea fuerte
pesos_senal_fuerte,3,PMC comercio ampliado por actividad | Brasil | Índice de receita nominal de vendas no comércio varejista ampliado | Móveis e eletrodomésticos | PMC - Número-índice (2022=100),real,6.493506493506493,0.0003785775597624,0.0040710508388976,-0.0001072757913318,40.0,2010-T4,139.0,Bridge · señal contemporánea fuerte
pesos_senal_fuerte,3,balanza pagos: renta cartera dividendos millones usd,externo,1.2987012987012987,0.0003732017777446,-0.0287365368863369,0.0287365368863369,100.0,2015-T1,140.0,Bridge · señal contemporánea fuerte
pesos_senal_fuerte,3,PIM-PF indicadores especiales | Brasil | 1.4 Bens de Capital para construção | PIMPF - Número-índice (2022=100),real,2.5974025974025974,0.0003725629538999,0.0143436737251494,0.0092623633501512,50.0,2025-T1,141.0,Bridge · señal contemporánea fuerte
pesos_senal_fuerte,3,balanza pagos: renta reservas millones usd,externo,1.2987012987012987,0.0003519984345519,0.0271038794605033,-0.0271038794605034,0.0,2006-T2,142.0,Bridge · señal contemporánea fuerte
pesos_senal_fuerte,3,PMS segmentos | Brasil | Índice de volume de serviços | 13. Transporte aquaviário | PMS - Número-índice (2022=100),real,1.2987012987012987,0.0003436233517606,0.0264589980855713,0.0264589980855713,100.0,2022-T2,143.0,Bridge · señal contemporánea fuerte
pesos_senal_fuerte,3,PIM-PF grupos y clases | Brasil | 27.59 Fabricação de aparelhos eletrodomésticos não especificados anteriormente | PIMPF - Número-índice (2022=100),real,3.896103896103896,0.0003230692230946,0.0032606169283449,0.0059505083225063,66.66666666666666,2012-T3,144.0,Bridge · señal contemporánea fuerte
pesos_senal_fuerte,3,consumo mensual ibge: indice original,real,2.5974025974025974,0.0003132581367371,-0.0120604382643789,0.0120604382643789,100.0,2015-T4,145.0,Bridge · señal contemporánea fuerte
pesos_senal_fuerte,3,consumo mensual ibge: indice original,real,2.5974025974025974,0.0003031806435942,0.0116724547783772,0.0116724547783771,100.0,2009-T3,146.0,Bridge · señal contemporánea fuerte
pesos_senal_fuerte,3,PMC comercio ampliado por actividad | Brasil | Índice de volume de vendas no comércio varejista ampliado | Móveis e eletrodomésticos | PMC - Número-índice (2022=100),real,2.5974025974025974,0.0003031806435942,0.0116724547783772,0.0116724547783771,100.0,2009-T3,147.0,Bridge · señal contemporánea fuerte
pesos_senal_fuerte,3,"PIM-PF grupos y clases | Brasil | 16.2 Fabricação de produtos de madeira, cortiça e material trançado, exceto móveis | PIMPF - Número-índice (2022=100)",real,1.2987012987012987,0.0003004932181574,0.0231379777981247,-0.0231379777981247,0.0,2015-T4,148.0,Bridge · señal contemporánea fuerte
pesos_senal_fuerte,3,Licenciamento Nacionais - Veículos comerciais leves - montados - qde.,real,2.5974025974025974,0.0002898282360392,0.0013677413331422,-0.0013677413331422,50.0,2022-T3,149.0,Bridge · señal contemporánea fuerte
pesos_senal_fuerte,3,LSPA estimativas mensuales | Brasil | 1.18 Sorgo | Área plantada,real,1.2987012987012987,0.0002893199628614,-0.0222776371403345,0.0222776371403344,100.0,2015-T1,150.0,Bridge · señal contemporánea fuerte
pesos_senal_fuerte,3,ipca: variacion mensual pct,real,1.2987012987012987,0.0002860933255446,0.0220291860669413,0.0220291860669412,100.0,2007-T4,151.0,Bridge · señal contemporánea fuerte
pesos_senal_fuerte,3,balanza pagos: errores omisiones millones usd,externo,1.2987012987012987,0.0002717962994169,0.0209283150551051,0.0209283150551051,100.0,2009-T2,152.0,Bridge · señal contemporánea fuerte
pesos_senal_fuerte,3,PIM-PF grupos y clases | Brasil | 15.1 Curtimento e outras preparações de couro | PIMPF - Número-índice (2022=100),real,3.896103896103896,0.0002682191864346,-0.0040803961169621,-0.0040803961169622,66.66666666666666,2011-T2,153.0,Bridge · señal contemporánea fuerte
pesos_senal_fuerte,3,balanza pagos: otras inversiones millones usd,externo,2.5974025974025974,0.0002585853245769,-0.0099555349962117,0.0074765117869329,50.0,2021-T1,154.0,Bridge · señal contemporánea fuerte
pesos_senal_fuerte,3,scr indexadores: cartera activa miles millones brl,financiero,1.2987012987012987,0.0002480453071214,0.0190994886483507,0.0190994886483507,100.0,2026-T1,155.0,Bridge · señal contemporánea fuerte
pesos_senal_fuerte,3,PIM-PF grupos y clases | Brasil | 20.1 Fabricação de produtos químicos inorgânicos | PIMPF - Número-índice (2022=100),real,2.5974025974025974,0.0002389348082601,-0.0091989901180164,-0.0091989901180166,0.0,2020-T3,156.0,Bridge · señal contemporánea fuerte
pesos_senal_fuerte,3,Energia elétrica - Consumo - região Sudeste (SE) - quantidade,real,3.896103896103896,0.000230449651166,-0.0048425887062057,-0.0059148743799297,0.0,2022-T4,157.0,Bridge · señal contemporánea fuerte
pesos_senal_fuerte,3,gasto publico tesouro: comprometido,fiscal,1.2987012987012987,0.0002271178878775,-0.017488077366572,0.017488077366572,100.0,2023-T3,158.0,Bridge · señal contemporánea fuerte
pesos_senal_fuerte,3,Licenciamento total - Caminhões - montados - qde.,real,2.5974025974025974,0.0002223753087113,0.0085614493853858,0.0085614493853858,100.0,2022-T2,159.0,Bridge · señal contemporánea fuerte
pesos_senal_fuerte,3,PIM-PF indicadores especiales | Brasil | 6.3.3.1 Bens de consumo duráveis - Baixa intensidade | PIMPF - Número-índice (2022=100),real,6.493506493506493,0.0002137561858202,0.0024422177485604,-0.0027500817141987,20.0,2025-T2,160.0,Bridge · señal contemporánea fuerte
pesos_senal_fuerte,3,gasto publico tesouro: dotacion actualizada,fiscal,1.2987012987012987,0.0002130979468634,-0.0164085419084884,-0.0164085419084885,0.0,2025-T1,161.0,Bridge · señal contemporánea fuerte
pesos_senal_fuerte,3,base monetaria: valor,financiero,3.896103896103896,0.0002108553783169,-0.0009442783703015,0.0054119547101363,100.0,2006-T2,162.0,Bridge · señal contemporánea fuerte
pesos_senal_fuerte,3,LSPA estimativas mensuales | Brasil | 4 Banana | Área plantada,real,1.2987012987012987,0.0002004907465845,0.0154377874870086,0.0154377874870086,100.0,2022-T1,163.0,Bridge · señal contemporánea fuerte
pesos_senal_fuerte,3,ipca: variacion mensual pct,real,1.2987012987012987,0.0001980359543269,0.0152487684831719,-0.0152487684831719,0.0,2012-T1,164.0,Bridge · señal contemporánea fuerte
pesos_senal_fuerte,3,gasto publico tesouro: dotacion actualizada,fiscal,1.2987012987012987,0.000193550798251,-0.0149034114653308,-0.0149034114653314,0.0,2020-T3,165.0,Bridge · señal contemporánea fuerte
pesos_senal_fuerte,3,PIM-PF grupos y clases | Brasil | 28.2 Fabricação de máquinas e equipamentos de uso geral | PIMPF - Número-índice (2022=100),real,1.2987012987012987,0.0001876805240446,0.0144514003514413,0.0144514003514413,100.0,2025-T1,166.0,Bridge · señal contemporánea fuerte
pesos_senal_fuerte,3,base monetaria: valor,financiero,1.2987012987012987,0.0001777814622267,0.013689172591463,-0.0136891725914629,0.0,2006-T2,167.0,Bridge · señal contemporánea fuerte
pesos_senal_fuerte,3,"PIM-PF grupos y clases | Brasil | 17.4 Fabricação de produtos diversos de papel, cartolina, papel-cartão e papelão ondulado | PIMPF - Número-índice (2022=100)",real,2.5974025974025974,0.0001716482827483,-0.0066084588858133,-0.0053902617571257,50.0,2012-T2,168.0,Bridge · señal contemporánea fuerte
pesos_senal_fuerte,3,Licenciamento Nacionais - Caminhões - montados - qde.,real,1.2987012987012987,0.0001703668191638,-0.0131182450756166,-0.0131182450756166,0.0,2012-T2,169.0,Bridge · señal contemporánea fuerte
pesos_senal_fuerte,3,gasto publico tesouro: comprometido,fiscal,1.2987012987012987,0.0001660864893765,-0.0127886596819914,-0.0127886596819914,0.0,2022-T4,170.0,Bridge · señal contemporánea fuerte
pesos_senal_fuerte,3,Vendas de autoveículos no mercado interno,real,1.2987012987012987,0.0001651892458796,-0.0127195719327332,0.0127195719327332,100.0,2026-T2,171.0,Bridge · señal contemporánea fuerte
pesos_senal_fuerte,3,gasto publico tesouro: comprometido,fiscal,1.2987012987012987,0.0001634641558726,0.0125867400021903,0.0125867400021904,100.0,2019-T2,172.0,Bridge · señal contemporánea fuerte
pesos_senal_fuerte,3,PMS segmentos | Brasil | Índice de receita nominal de serviços | Total | PMS - Número-índice (2022=100),real,1.2987012987012987,0.0001574044876045,0.0121201455455518,-0.0121201455455518,0.0,2026-T2,173.0,Bridge · señal contemporánea fuerte
pesos_senal_fuerte,3,LSPA estimativas mensuales | Brasil | 11 Cana-de-açúcar | Área plantada,real,3.896103896103896,0.000144831337784,-0.0034418038446868,0.0020902153453338,33.33333333333333,2015-T4,174.0,Bridge · señal contemporánea fuerte
pesos_senal_fuerte,3,gasto publico tesouro: comprometido,fiscal,1.2987012987012987,0.0001418972092551,0.0109260851126479,-0.0109260851126479,0.0,2023-T3,175.0,Bridge · señal contemporánea fuerte
pesos_senal_fuerte,3,PIM-PF grupos y clases | Brasil | 19.3 Fabricação de biocombustíveis | PIMPF - Número-índice (2022=100),real,5.194805194805195,0.0001286471480396,0.0003764904599661,0.0024751537832337,75.0,2013-T3,176.0,Bridge · señal contemporánea fuerte
pesos_senal_fuerte,3,gasto publico tesouro: devengado,fiscal,1.2987012987012987,0.0001230304581605,0.0094733452783589,0.0094733452783589,100.0,2022-T4,177.0,Bridge · señal contemporánea fuerte
pesos_senal_fuerte,3,gasto publico tesouro: pagado ejercicio,fiscal,1.2987012987012987,0.000114857186588,-0.0088440033672766,-0.0088440033672766,0.0,2026-T1,178.0,Bridge · señal contemporánea fuerte
pesos_senal_fuerte,3,PIM-PF grupos y clases | Brasil | 25.91 Fabricação de embalagens metálicas | PIMPF - Número-índice (2022=100),real,1.2987012987012987,0.0001141183263583,-0.0087871111295897,0.0087871111295897,100.0,2021-T1,179.0,Bridge · señal contemporánea fuerte
pesos_senal_fuerte,3,"PIM-PF indicadores especiales | Brasil | 5.4.5 Bens de consumo semi e não duráveis por atividade - Preparação de couros e fabricação de artefatos de couro, artigos para viagem e calçados | PIMPF - Número-índice (2022=100)",real,1.2987012987012987,0.0001064838787461,0.0081992586634534,0.0081992586634535,100.0,2026-T1,180.0,Bridge · señal contemporánea fuerte
pesos_senal_fuerte,3,"PIM-PF categorias economicas | Brasil | 210 Alimentos e bebidas básicos, destinados principalmente à indústria | PIMPF - Número-índice (2022=100)",real,1.2987012987012987,9.747657305489528e-05,0.0075056961252269,-0.0075056961252268,0.0,2012-T1,181.0,Bridge · señal contemporánea fuerte
pesos_senal_fuerte,3,LSPA estimativas mensuales | Brasil | 1.2 Amendoim (1ª Safra) | Área plantada,real,1.2987012987012987,8.702167285837093e-05,0.0067006688100945,-0.0067006688100945,0.0,2015-T1,182.0,Bridge · señal contemporánea fuerte
pesos_senal_fuerte,3,resultado fiscal bcb: valor,fiscal,1.2987012987012987,7.277141261897742e-05,-0.0056033987716612,0.0056033987716612,100.0,2015-T4,183.0,Bridge · señal contemporánea fuerte
pesos_senal_fuerte,3,gasto publico tesouro: pagos totales,fiscal,1.2987012987012987,7.229386465469438e-05,0.0055666275784114,0.0055666275784114,100.0,2022-T1,184.0,Bridge · señal contemporánea fuerte
pesos_senal_fuerte,3,gasto publico tesouro: restos pagados,fiscal,1.2987012987012987,6.910157346919454e-05,0.0053208211571279,0.0053208211571279,100.0,2026-T1,185.0,Bridge · señal contemporánea fuerte
pesos_senal_fuerte,3,balanza pagos: servicios construccion millones usd,externo,2.5974025974025974,6.805009941492487e-05,-0.0026199288274746,0.0022493914350542,50.0,2006-T2,186.0,Bridge · señal contemporánea fuerte
pesos_senal_fuerte,3,ipca: variacion mensual pct,real,1.2987012987012987,6.72205103769627e-05,-0.0051759792990261,-0.0051759792990261,0.0,2026-T1,187.0,Bridge · señal contemporánea fuerte
pesos_senal_fuerte,3,Intenção de consumo das famílias - total,real,1.2987012987012987,5.629774026924759e-05,-0.004334926000732,-0.004334926000732,0.0,2025-T1,188.0,Bridge · señal contemporánea fuerte
pesos_senal_fuerte,3,gasto publico tesouro: devengado,fiscal,2.5974025974025974,5.043164074000524e-05,0.0012115924064374,0.0012115924064374,50.0,2025-T1,189.0,Bridge · señal contemporánea fuerte
pesos_senal_fuerte,3,gasto publico tesouro: devengado,fiscal,1.2987012987012987,5.042354921317255e-05,0.0038826132894142,0.0038826132894143,100.0,2023-T1,190.0,Bridge · señal contemporánea fuerte
pesos_senal_fuerte,3,gasto publico tesouro: pagado ejercicio,fiscal,1.2987012987012987,5.04235492131725e-05,0.0038826132894142,0.0038826132894143,100.0,2023-T1,191.0,Bridge · señal contemporánea fuerte
pesos_senal_fuerte,3,LSPA estimativas mensuales | Brasil | 21 Mandioca | Área plantada,real,1.2987012987012987,4.2921234180631366e-05,-0.0033049350319086,-0.0033049350319086,0.0,2022-T4,192.0,Bridge · señal contemporánea fuerte
pesos_senal_fuerte,3,gasto publico tesouro: restos pagados,fiscal,1.2987012987012987,3.6414582984761446e-05,-0.0028039228898266,-0.0028039228898266,0.0,2019-T2,193.0,Bridge · señal contemporánea fuerte
pesos_senal_fuerte,3,PIM-PF categorias economicas | Brasil | 325 Gasolinas para automóvel (motor spirit) | PIMPF - Número-índice (2022=100),real,1.2987012987012987,3.613452115753808e-05,-0.0027823581291304,-0.0027823581291304,0.0,2019-T2,194.0,Bridge · señal contemporánea fuerte
pesos_senal_fuerte,3,ipp: mensual pct,real,1.2987012987012987,3.224721208457339e-05,-0.0024830353305121,0.0024830353305121,100.0,2021-T1,195.0,Bridge · señal contemporánea fuerte
pesos_senal_fuerte,3,"PMC vehiculos | Brasil | Índice de receita nominal de vendas de veículos, motocicletas, partes e peças | PMC - Número-índice (2022=100)",real,1.2987012987012987,2.6817426416346797e-05,0.0020649418340587,0.0020649418340588,100.0,2009-T3,196.0,Bridge · señal contemporánea fuerte
pesos_senal_fuerte,3,PIM-PF categorias economicas | Brasil | 311 Bens de consumo duráveis - exceto automóveis para passageiros e equipamentos de transporte não industrial | PIMPF - Número-índice (2022=100),real,1.2987012987012987,2.552120677583052e-05,-0.0019651329217389,0.0019651329217389,100.0,2013-T3,197.0,Bridge · señal contemporánea fuerte
pesos_senal_fuerte,3,"PIM-PF grupos y clases | Brasil | 10.42 Fabricação de óleos vegetais refinados, exceto óleo de milho | PIMPF - Número-índice (2022=100)",real,1.2987012987012987,2.335462839626831e-05,0.0017983063865126,-0.001798306386513,0.0,2012-T1,198.0,Bridge · señal contemporánea fuerte
pesos_senal_fuerte,3,PMC actividades complementarias | Brasil | Índice de receita nominal de vendas no comércio varejista | Hipermercados e supermercados | PMC - Número-índice (2022=100),real,1.2987012987012987,2.3053900407001452e-05,-0.0017751503313391,-0.001775150331339,0.0,2009-T4,199.0,Bridge · señal contemporánea fuerte
pesos_senal_fuerte,3,PIM-PF grupos y clases | Brasil | 14.2 Fabricação de artigos de malharia e tricotagem | PIMPF - Número-índice (2022=100),real,1.2987012987012987,2.2129471782706283e-05,0.0017039693272683,0.0017039693272683,100.0,2025-T1,200.0,Bridge · señal contemporánea fuerte
pesos_senal_fuerte,3,gasto publico tesouro: dotacion inicial,fiscal,1.2987012987012987,2.132271384860945e-05,-0.0016418489663429,-0.0016418489663428,0.0,2025-T1,201.0,Bridge · señal contemporánea fuerte
pesos_senal_fuerte,3,gasto publico tesouro: restos pagados,fiscal,2.5974025974025974,2.0243671450130592e-05,0.00077938135083,0.0007793813508297,100.0,2019-T2,202.0,Bridge · señal contemporánea fuerte
pesos_senal_fuerte,3,PMS actividades | Brasil | Índice de receita nominal de serviços | 5. Outros serviços | PMS - Número-índice (2022=100),real,1.2987012987012987,1.8387527154434025e-05,0.0014158395908914,0.0014158395908914,100.0,2019-T2,203.0,Bridge · señal contemporánea fuerte
pesos_senal_fuerte,3,LSPA estimativas mensuales | Brasil | 8 Cacau | Área plantada,real,1.2987012987012987,1.8306363534664276e-05,-0.0014095899921691,-0.0014095899921691,0.0,2019-T2,204.0,Bridge · señal contemporánea fuerte
pesos_senal_fuerte,3,empleo pnadc: ingreso real brl,real,1.2987012987012987,1.640988542754806e-05,0.0012635611779212,-0.0012635611779211,0.0,2021-T1,205.0,Bridge · señal contemporánea fuerte
pesos_senal_fuerte,3,PMS segmentos | Brasil | Índice de receita nominal de serviços | 9. Serviços de apoio às atividades empresariais | PMS - Número-índice (2022=100),real,1.2987012987012987,1.1860939728810796e-05,-0.0009132923591184,-0.0009132923591184,0.0,2026-T1,206.0,Bridge · señal contemporánea fuerte
pesos_senal_fuerte,3,gasto publico tesouro: pagado ejercicio,fiscal,1.2987012987012987,7.553649808617965e-06,0.0005816310352635,0.0005816310352635,100.0,2022-T1,207.0,Bridge · señal contemporánea fuerte
pesos_senal_fuerte,3,gasto publico tesouro: dotacion actualizada,fiscal,2.5974025974025974,6.8715453589517455e-06,-0.0002202100122001,-0.0002202100122001,50.0,2022-T1,208.0,Bridge · señal contemporánea fuerte
pesos_senal_fuerte,3,LSPA estimativas mensuales | Brasil | 7 Batata - inglesa (3ª Safra) | Área plantada,real,1.2987012987012987,6.250588663943359e-06,-0.0004812953271236,0.0004812953271235,100.0,2015-T1,209.0,Bridge · señal contemporánea fuerte
pesos_senal_fuerte,3,Produção - petróleo - média - quantidade/dia,real,1.2987012987012987,5.81112448138786e-06,0.0004474565850668,0.0004474565850669,100.0,2009-T2,210.0,Bridge · señal contemporánea fuerte
pesos_senal_fuerte,3,PIM-PF grupos y clases | Brasil | 23.9 Aparelhamento de pedras e fabricação de outros produtos de minerais não metálicos | PIMPF - Número-índice (2022=100),real,1.2987012987012987,5.144885687069835e-06,0.0003961561979043,-0.0003961561979043,0.0,2013-T3,211.0,Bridge · señal contemporánea fuerte
pesos_senal_fuerte,3,Indicadores Industriais - utilização da capacidade instalada - indústria - índice dessazonalizado (média 2006 = 100),real,1.2987012987012987,4.429487179475041e-06,0.0003410705128195,-0.0003410705128197,0.0,2012-T1,212.0,Bridge · señal contemporánea fuerte
pesos_senal_fuerte,3,S&P 500: promedio mensual del cierre diario,real,1.2987012987012987,3.918203094296082e-06,-0.0003017016382607,-0.0003017016382608,0.0,2019-T2,213.0,Bridge · señal contemporánea fuerte
pesos_senal_fuerte,3,Indicadores Industriais - utilização da capacidade instalada - indústria - índice (média 2006 = 100),real,1.2987012987012987,3.4684331454419834e-06,0.000267069352199,0.0002670693521991,100.0,2012-T2,214.0,Bridge · señal contemporánea fuerte
pesos_senal_fuerte,3,gasto publico tesouro: restos pagados,fiscal,1.2987012987012987,2.672139373203138e-06,0.0002057547317366,0.0002057547317366,100.0,2022-T2,215.0,Bridge · señal contemporánea fuerte
pesos_senal_fuerte,3,Produção - ônibus - montados - qde.,real,1.2987012987012987,2.285960029358061e-06,-0.0001760189222605,-0.0001760189222606,0.0,2012-T3,216.0,Bridge · señal contemporánea fuerte
pesos_senal_fuerte,3,gasto publico tesouro: restos pagados,fiscal,1.2987012987012987,2.161396999688345e-06,0.000166427568976,0.000166427568976,100.0,2022-T4,217.0,Bridge · señal contemporánea fuerte
pesos_senal_fuerte,3,SINAPI costes de construccion | Brasil | Custo médio m² - número-índice,real,1.2987012987012987,9.435132878848664e-07,-7.26505231671347e-05,-7.265052316718368e-05,0.0,2009-T2,218.0,Bridge · señal contemporánea fuerte
pesos_senal_fuerte,3,gasto publico tesouro: devengado,fiscal,1.2987012987012987,6.612900413947557e-07,-5.091933318739619e-05,-5.09193331873492e-05,0.0,2022-T2,219.0,Bridge · señal contemporánea fuerte
pesos_senal_fuerte,3,Produção - gás natural - média - quantidade,real,1.2987012987012987,6.226291665431407e-07,-4.794244582382184e-05,4.79424458237343e-05,100.0,2006-T2,220.0,Bridge · señal contemporánea fuerte
pesos_senal_fuerte,3,gasto publico tesouro: pagado ejercicio,fiscal,1.2987012987012987,2.815475241587832e-07,-2.1679159360226302e-05,-2.1679159360243894e-05,0.0,2022-T2,221.0,Bridge · señal contemporánea fuerte
pesos_senal_fuerte,3,deuda publica federal: otros pct,financiero,1.2987012987012987,1.067456777359304e-07,-8.21941718566664e-06,8.21941718565089e-06,100.0,2015-T1,222.0,Bridge · señal contemporánea fuerte
pesos_senal_fuerte,3,selic tasas: selic efectiva media pct anual,real,1.2987012987012987,3.715442553170751e-09,-2.860890765941478e-07,2.860890766509528e-07,100.0,2006-T2,223.0,Bridge · señal contemporánea fuerte
pesos_senal_fuerte,3,deuda publica federal: otros miles millones brl,financiero,1.2987012987012987,3.3976875934115515e-10,2.6162194469268947e-08,2.616219446638368e-08,100.0,2022-T1,224.0,Bridge · señal contemporánea fuerte
pesos_senal_fuerte,3,credito sgs: valor,financiero,1.2987012987012987,6.148867102109264e-11,4.734627668624134e-09,4.73462768990629e-09,100.0,2012-T3,225.0,Bridge · señal contemporánea fuerte
dfm_avanzado_estrategia1_lasso,1,Sondagem CNI: evolucion de la produccion industrial,real,100.0,0.1178962765255733,0.0776012738715504,0.0201369143442518,54.54545454545454,2021-T3,1.0,DFM avanzado · LASSO como filtro
dfm_avanzado_estrategia1_lasso,1,Mundo: indice produccion industrial,real,100.0,0.0991705497911033,-0.0028318849376441,-0.0426997211021076,31.818181818181817,2024-T1,2.0,DFM avanzado · LASSO como filtro
dfm_avanzado_estrategia1_lasso,1,PIM-PF actividades industriales | Brasil | 3 Indústrias de transformação | PIMPF - Número-índice (2022=100),real,100.0,0.0752869838346634,0.0018831160427176,0.0384660487433119,68.18181818181817,2021-T2,3.0,DFM avanzado · LASSO como filtro
dfm_avanzado_estrategia1_lasso,1,Energia elétrica - consumo - quantidade,real,100.0,0.0744902867973156,0.015928301299052,-0.0278139176250612,40.909090909090914,2026-T2,4.0,DFM avanzado · LASSO como filtro
dfm_avanzado_estrategia1_lasso,1,Vendas de autoveículos no mercado interno,real,63.63636363636363,0.067268137945592,-0.0242028394929643,-0.0334331704662725,28.57142857142857,2023-T2,5.0,DFM avanzado · LASSO como filtro
dfm_avanzado_estrategia1_lasso,1,empleo pnadc: ocupados miles,real,100.0,0.0474728940622844,0.0212728009219438,-0.0062595465463541,50.0,2022-T2,6.0,DFM avanzado · LASSO como filtro
dfm_avanzado_estrategia1_lasso,1,empleo pnadc: empleo poblacion pct,real,59.09090909090909,0.0315104651844544,-0.0021238700245839,-0.0425037771488231,30.76923076923077,2021-T2,7.0,DFM avanzado · LASSO como filtro
dfm_avanzado_estrategia1_lasso,1,PIM-PF actividades industriales | Brasil | 1 Indústria geral | PIMPF - Número-índice (2022=100),real,22.727272727272727,0.0227155858913564,0.0490986316064441,-0.0250860649845511,60.0,2021-T1,8.0,DFM avanzado · LASSO como filtro
dfm_avanzado_estrategia1_lasso,1,Consumo aparente - óleo diesel - média - quantidade/dia,real,13.636363636363637,0.015636957576746,-0.1146710222294706,-0.1146710222294707,0.0,2021-T4,9.0,DFM avanzado · LASSO como filtro
dfm_avanzado_estrategia1_lasso,1,consumo mensual ibge: indice original,real,50.0,0.0148742782009689,0.0036233428752808,-0.0054010548074805,36.36363636363637,2022-T3,10.0,DFM avanzado · LASSO como filtro
dfm_avanzado_estrategia1_lasso,1,ibc br: indice agropecuaria sin ajuste,real,63.63636363636363,0.0120667945519574,0.0076618118499072,0.0081889292392191,71.42857142857143,2024-T1,11.0,DFM avanzado · LASSO como filtro
dfm_avanzado_estrategia1_lasso,1,credito sgs: valor,financiero,18.181818181818183,0.0081583539479385,0.0448709467136618,-0.0157547520486886,75.0,2021-T2,12.0,DFM avanzado · LASSO como filtro
dfm_avanzado_estrategia1_lasso,1,consumo mensual ibge: indice original,real,4.545454545454546,0.004771367165395,0.104970077638691,0.104970077638691,100.0,2024-T2,13.0,DFM avanzado · LASSO como filtro
dfm_avanzado_estrategia1_lasso,1,IMF: indice global de precios de todas las materias primas,real,4.545454545454546,0.0042574564690851,0.0936640423198739,0.0936640423198739,100.0,2024-T2,14.0,DFM avanzado · LASSO como filtro
dfm_avanzado_estrategia1_lasso,1,Ibovespa: promedio mensual del cierre diario,real,4.545454545454546,0.0023872242820401,-0.0525189342048839,-0.0525189342048839,0.0,2024-T2,15.0,DFM avanzado · LASSO como filtro
dfm_avanzado_estrategia1_lasso,1,Indicadores Industriais - faturamento real - indústria - índice dessazonalizado (média 2006 = 100),real,4.545454545454546,0.0018571635145965,0.0408575973211242,0.0408575973211242,100.0,2024-T2,16.0,DFM avanzado · LASSO como filtro
dfm_avanzado_estrategia1_lasso,1,Produção - autoveículos - montados - qde.,real,9.090909090909092,0.0012178562588371,0.0027180093543759,-0.0027180093543759,50.0,2024-T4,17.0,DFM avanzado · LASSO como filtro
dfm_avanzado_estrategia1_lasso,1,PIM-PF actividades industriales | Brasil | 2 Indústrias extrativas | PIMPF - Número-índice (2022=100),real,4.545454545454546,0.0010321557673002,-0.0227074268806062,-0.0227074268806062,0.0,2024-T2,18.0,DFM avanzado · LASSO como filtro
dfm_avanzado_estrategia1_lasso,1,comex stat: exportaciones totales fob usd,externo,4.545454545454546,0.0009378800601292,-0.0206333613228435,-0.0206333613228435,0.0,2024-T2,19.0,DFM avanzado · LASSO como filtro
dfm_avanzado_estrategia1_lasso,1,confianza consumidor fgv: indice confianza original,real,4.545454545454546,0.0008907407807785,0.0195962971771288,0.0195962971771288,100.0,2024-T2,20.0,DFM avanzado · LASSO como filtro
dfm_avanzado_estrategia1_lasso,1,Indicador IPEA de FBCF - índice real (média 1995 = 100),real,13.636363636363637,0.0007638037940534,-0.0014702459142946,-0.0014702459142946,33.33333333333333,2022-T1,21.0,DFM avanzado · LASSO como filtro
dfm_avanzado_estrategia1_lasso,1,comex stat: importaciones totales fob usd,externo,4.545454545454546,0.000379479379112,-0.0083485463404644,-0.0083485463404644,0.0,2024-T2,22.0,DFM avanzado · LASSO como filtro
dfm_avanzado_estrategia1_lasso,1,ipca: variacion mensual pct,real,4.545454545454546,0.0002363253659499,0.0051991580508989,0.0051991580508989,100.0,2024-T2,23.0,DFM avanzado · LASSO como filtro
dfm_avanzado_estrategia1_lasso,1,credito sgs: valor,financiero,4.545454545454546,2.1292373943195628e-05,-0.0004684322267503,-0.0004684322267503,0.0,2024-T2,24.0,DFM avanzado · LASSO como filtro
dfm_avanzado_estrategia1_lasso,2,Sondagem CNI: evolucion de la produccion industrial,real,100.0,0.1262025508853236,0.0954350435457043,0.0458114144334455,59.09090909090909,2024-T1,1.0,DFM avanzado · LASSO como filtro
dfm_avanzado_estrategia1_lasso,2,PIM-PF actividades industriales | Brasil | 3 Indústrias de transformação | PIMPF - Número-índice (2022=100),real,100.0,0.0856838126483495,0.0201479884403888,0.0145497503893714,40.909090909090914,2021-T2,2.0,DFM avanzado · LASSO como filtro
dfm_avanzado_estrategia1_lasso,2,Mundo: indice produccion industrial,real,100.0,0.0799459422048911,0.0196582523294291,0.0072780018372392,54.54545454545454,2021-T4,3.0,DFM avanzado · LASSO como filtro
dfm_avanzado_estrategia1_lasso,2,empleo pnadc: ocupados miles,real,100.0,0.0611900078569895,0.0407543534502431,0.012155244220823,45.45454545454545,2021-T1,4.0,DFM avanzado · LASSO como filtro
dfm_avanzado_estrategia1_lasso,2,Vendas de autoveículos no mercado interno,real,63.63636363636363,0.0609860211673011,0.0128693070242531,0.00288963836567,42.85714285714285,2022-T2,5.0,DFM avanzado · LASSO como filtro
dfm_avanzado_estrategia1_lasso,2,Energia elétrica - consumo - quantidade,real,100.0,0.0461362014110172,-0.0015962086893911,-0.0051540641372779,63.63636363636363,2021-T1,6.0,DFM avanzado · LASSO como filtro
dfm_avanzado_estrategia1_lasso,2,Consumo aparente - óleo diesel - média - quantidade/dia,real,13.636363636363637,0.0209777430333341,-0.01955187984993,-0.1423816682795057,33.33333333333333,2021-T4,7.0,DFM avanzado · LASSO como filtro
dfm_avanzado_estrategia1_lasso,2,PIM-PF actividades industriales | Brasil | 1 Indústria geral | PIMPF - Número-índice (2022=100),real,22.727272727272727,0.0169758923501177,0.0580460077374747,-0.0138155998908446,60.0,2023-T4,8.0,DFM avanzado · LASSO como filtro
dfm_avanzado_estrategia1_lasso,2,ibc br: indice agropecuaria sin ajuste,real,63.63636363636363,0.0164820944638197,0.0016022033603645,0.0168567214052405,57.14285714285714,2022-T1,9.0,DFM avanzado · LASSO como filtro
dfm_avanzado_estrategia1_lasso,2,consumo mensual ibge: indice original,real,50.0,0.01459458741759,0.0045836188522246,-0.0111234966557931,36.36363636363637,2021-T4,10.0,DFM avanzado · LASSO como filtro
dfm_avanzado_estrategia1_lasso,2,empleo pnadc: empleo poblacion pct,real,59.09090909090909,0.0142195539565075,-0.0008085093635095,-0.0162041842642012,23.07692307692308,2024-T1,11.0,DFM avanzado · LASSO como filtro
dfm_avanzado_estrategia1_lasso,2,credito sgs: valor,financiero,18.181818181818183,0.008754864860662,0.048151756733641,-0.0153275898666318,50.0,2021-T2,12.0,DFM avanzado · LASSO como filtro
dfm_avanzado_estrategia1_lasso,2,Produção - autoveículos - montados - qde.,real,9.090909090909092,0.0028970789416745,-0.030831902254948,0.0308319022549481,50.0,2025-T2,13.0,DFM avanzado · LASSO como filtro
dfm_avanzado_estrategia1_lasso,2,IMF: indice global de precios de todas las materias primas,real,4.545454545454546,0.0024095977540013,0.0530111505880304,0.0530111505880304,100.0,2024-T2,14.0,DFM avanzado · LASSO como filtro
dfm_avanzado_estrategia1_lasso,2,Ibovespa: promedio mensual del cierre diario,real,4.545454545454546,0.0018630050719339,-0.0409861115825473,-0.0409861115825473,0.0,2024-T2,15.0,DFM avanzado · LASSO como filtro
dfm_avanzado_estrategia1_lasso,2,Indicadores Industriais - faturamento real - indústria - índice dessazonalizado (média 2006 = 100),real,4.545454545454546,0.0011041649675212,0.0242916292854671,0.0242916292854671,100.0,2024-T2,16.0,DFM avanzado · LASSO como filtro
dfm_avanzado_estrategia1_lasso,2,confianza consumidor fgv: indice confianza original,real,4.545454545454546,0.0009147770261993,0.0201250945763857,0.0201250945763857,100.0,2024-T2,17.0,DFM avanzado · LASSO como filtro
dfm_avanzado_estrategia1_lasso,2,Indicador IPEA de FBCF - índice real (média 1995 = 100),real,13.636363636363637,0.0004468266296248,-0.0029505136123303,0.0028024626505082,66.66666666666666,2022-T1,18.0,DFM avanzado · LASSO como filtro
dfm_avanzado_estrategia1_lasso,2,consumo mensual ibge: indice original,real,4.545454545454546,0.0003073506947285,-0.0067617152840273,-0.0067617152840273,0.0,2024-T2,19.0,DFM avanzado · LASSO como filtro
dfm_avanzado_estrategia1_lasso,2,comex stat: exportaciones totales fob usd,externo,4.545454545454546,0.0002997151106838,-0.006593732435045,-0.0065937324350449,0.0,2024-T2,20.0,DFM avanzado · LASSO como filtro
dfm_avanzado_estrategia1_lasso,2,comex stat: importaciones totales fob usd,externo,4.545454545454546,0.0001475062822845,0.00324513821026,0.00324513821026,100.0,2024-T2,21.0,DFM avanzado · LASSO como filtro
dfm_avanzado_estrategia1_lasso,2,ipca: variacion mensual pct,real,4.545454545454546,0.0001343538559936,0.0029557848318597,0.0029557848318597,100.0,2024-T2,22.0,DFM avanzado · LASSO como filtro
dfm_avanzado_estrategia1_lasso,2,credito sgs: valor,financiero,4.545454545454546,2.676982238155399e-05,-0.0005889360923941,-0.000588936092394,0.0,2024-T2,23.0,DFM avanzado · LASSO como filtro
dfm_avanzado_estrategia1_lasso,2,PIM-PF actividades industriales | Brasil | 2 Indústrias extrativas | PIMPF - Número-índice (2022=100),real,4.545454545454546,1.6013511588071477e-05,-0.0003522972549375,-0.0003522972549376,0.0,2024-T2,24.0,DFM avanzado · LASSO como filtro
dfm_avanzado_estrategia1_lasso,3,Sondagem CNI: evolucion de la produccion industrial,real,100.0,0.1279063619196674,0.1074698293379041,0.04314514506416,54.54545454545454,2021-T3,1.0,DFM avanzado · LASSO como filtro
dfm_avanzado_estrategia1_lasso,3,PIM-PF actividades industriales | Brasil | 3 Indústrias de transformação | PIMPF - Número-índice (2022=100),real,100.0,0.0947076579969996,0.0177464270868217,0.0243040370115157,63.63636363636363,2021-T2,2.0,DFM avanzado · LASSO como filtro
dfm_avanzado_estrategia1_lasso,3,Mundo: indice produccion industrial,real,100.0,0.0850284183706377,0.0173067708673307,-0.006911111312933,45.45454545454545,2021-T4,3.0,DFM avanzado · LASSO como filtro
dfm_avanzado_estrategia1_lasso,3,empleo pnadc: ocupados miles,real,100.0,0.0677042798773677,0.0458354097909751,0.0087588129942593,36.36363636363637,2021-T1,4.0,DFM avanzado · LASSO como filtro
dfm_avanzado_estrategia1_lasso,3,Vendas de autoveículos no mercado interno,real,63.63636363636363,0.0491008500421939,0.0221163381542683,0.0221199234926184,57.14285714285714,2022-T2,5.0,DFM avanzado · LASSO como filtro
dfm_avanzado_estrategia1_lasso,3,Energia elétrica - consumo - quantidade,real,100.0,0.0386435725384634,0.0079595921804372,-0.003276565159018,54.54545454545454,2023-T3,6.0,DFM avanzado · LASSO como filtro
dfm_avanzado_estrategia1_lasso,3,PIM-PF actividades industriales | Brasil | 1 Indústria geral | PIMPF - Número-índice (2022=100),real,22.727272727272727,0.0306448258945367,0.0517679853990967,-0.0594378819014509,60.0,2023-T4,7.0,DFM avanzado · LASSO como filtro
dfm_avanzado_estrategia1_lasso,3,ibc br: indice agropecuaria sin ajuste,real,63.63636363636363,0.0165220313674761,0.0007535168162923,0.0171875352307926,57.14285714285714,2022-T1,8.0,DFM avanzado · LASSO como filtro
dfm_avanzado_estrategia1_lasso,3,consumo mensual ibge: indice original,real,50.0,0.0138310302590623,0.004814242937083,-0.005084319917857,36.36363636363637,2021-T4,9.0,DFM avanzado · LASSO como filtro
dfm_avanzado_estrategia1_lasso,3,Consumo aparente - óleo diesel - média - quantidade/dia,real,13.636363636363637,0.0129165197486863,-0.0082468930963079,-0.08968672560526,33.33333333333333,2021-T4,10.0,DFM avanzado · LASSO como filtro
dfm_avanzado_estrategia1_lasso,3,empleo pnadc: empleo poblacion pct,real,59.09090909090909,0.0124957805035813,0.0025450787167635,0.0001918475713239,30.76923076923077,2024-T1,11.0,DFM avanzado · LASSO como filtro
dfm_avanzado_estrategia1_lasso,3,credito sgs: valor,financiero,18.181818181818183,0.0092113780336471,0.0506625791850595,-0.0249919836365531,50.0,2021-T2,12.0,DFM avanzado · LASSO como filtro
dfm_avanzado_estrategia1_lasso,3,Indicadores Industriais - faturamento real - indústria - índice dessazonalizado (média 2006 = 100),real,4.545454545454546,0.0038081346704289,0.0837789627494379,0.0837789627494379,100.0,2024-T2,13.0,DFM avanzado · LASSO como filtro
dfm_avanzado_estrategia1_lasso,3,Produção - autoveículos - montados - qde.,real,9.090909090909092,0.0027756362888654,-0.0305319991775203,0.0305319991775204,100.0,2025-T2,14.0,DFM avanzado · LASSO como filtro
dfm_avanzado_estrategia1_lasso,3,Ibovespa: promedio mensual del cierre diario,real,4.545454545454546,0.0026360219851084,-0.0579924836723864,-0.0579924836723864,0.0,2024-T2,15.0,DFM avanzado · LASSO como filtro
dfm_avanzado_estrategia1_lasso,3,IMF: indice global de precios de todas las materias primas,real,4.545454545454546,0.0024100797544916,0.0530217545988164,0.0530217545988164,100.0,2024-T2,16.0,DFM avanzado · LASSO como filtro
dfm_avanzado_estrategia1_lasso,3,consumo mensual ibge: indice original,real,4.545454545454546,0.0010626204384398,0.0233776496456757,0.0233776496456757,100.0,2024-T2,17.0,DFM avanzado · LASSO como filtro
dfm_avanzado_estrategia1_lasso,3,confianza consumidor fgv: indice confianza original,real,4.545454545454546,0.0009340425618193,0.0205489363600263,0.0205489363600263,100.0,2024-T2,18.0,DFM avanzado · LASSO como filtro
dfm_avanzado_estrategia1_lasso,3,Indicador IPEA de FBCF - índice real (média 1995 = 100),real,13.636363636363637,0.0008231193237481,0.0001095838065371,0.0060362083741534,100.0,2022-T1,19.0,DFM avanzado · LASSO como filtro
dfm_avanzado_estrategia1_lasso,3,comex stat: exportaciones totales fob usd,externo,4.545454545454546,0.0005742282197954,-0.0126330208355001,-0.0126330208355001,0.0,2024-T2,20.0,DFM avanzado · LASSO como filtro
dfm_avanzado_estrategia1_lasso,3,comex stat: importaciones totales fob usd,externo,4.545454545454546,0.0002980121131217,0.0065562664886787,0.0065562664886787,100.0,2024-T2,21.0,DFM avanzado · LASSO como filtro
dfm_avanzado_estrategia1_lasso,3,ipca: variacion mensual pct,real,4.545454545454546,0.0001781184625971,0.0039186061771362,0.0039186061771362,100.0,2024-T2,22.0,DFM avanzado · LASSO como filtro
dfm_avanzado_estrategia1_lasso,3,PIM-PF actividades industriales | Brasil | 2 Indústrias extrativas | PIMPF - Número-índice (2022=100),real,4.545454545454546,9.536128151998496e-05,-0.0020979481934396,-0.0020979481934396,0.0,2024-T2,23.0,DFM avanzado · LASSO como filtro
dfm_avanzado_estrategia1_lasso,3,credito sgs: valor,financiero,4.545454545454546,3.007544440853332e-05,-0.0006616597769877,-0.0006616597769877,0.0,2024-T2,24.0,DFM avanzado · LASSO como filtro
dfm_avanzado_estrategia2_pesos,1,PIM-PF actividades industriales | Brasil | 3 Indústrias de transformação | PIMPF - Número-índice (2022=100),real,100.0,0.1142763448653695,0.0158302309710697,0.0031141005099773,54.54545454545454,2021-T2,1.0,DFM avanzado · poda por contribución
dfm_avanzado_estrategia2_pesos,1,PIM-PF actividades industriales | Brasil | 1 Indústria geral | PIMPF - Número-índice (2022=100),real,100.0,0.1004339621503296,0.0145626806210727,0.0029382528420706,45.45454545454545,2021-T2,2.0,DFM avanzado · poda por contribución
dfm_avanzado_estrategia2_pesos,1,CNI ICEI: expectativas de la industria,real,100.0,0.0441557939261881,0.024919859433592,-0.0101251830843526,54.54545454545454,2026-T2,3.0,DFM avanzado · poda por contribución
dfm_avanzado_estrategia2_pesos,1,ibc br: indice servicios sin ajuste,real,100.0,0.0355175815968027,0.0163904415905203,0.018439691341472,63.63636363636363,2026-T1,4.0,DFM avanzado · poda por contribución
dfm_avanzado_estrategia2_pesos,1,ibc br: indice sin ajuste,real,100.0,0.0259149745993021,0.0054186727918114,0.0152690961398331,50.0,2025-T3,5.0,DFM avanzado · poda por contribución
dfm_avanzado_estrategia2_pesos,1,empleo pnadc: tasa desempleo pct,real,95.45454545454544,0.0200493723231799,0.0119997856539294,0.0081319940848605,52.38095238095239,2021-T2,6.0,DFM avanzado · poda por contribución
dfm_avanzado_estrategia2_pesos,1,Sondagem CNI: expectativas de demanda,real,100.0,0.0144060715152864,0.0048465012184102,0.0025687426579909,54.54545454545454,2021-T3,7.0,DFM avanzado · poda por contribución
dfm_avanzado_estrategia2_pesos,1,Sondagem CNI: evolucion de la produccion industrial,real,100.0,0.0129561805930531,0.0076248537564111,0.0009976893357789,54.54545454545454,2021-T1,8.0,DFM avanzado · poda por contribución
dfm_avanzado_estrategia2_pesos,1,confianza consumidor fgv: indice confianza original,real,100.0,0.0118633974534119,0.009039235697193,0.0052211310124806,54.54545454545454,2021-T1,9.0,DFM avanzado · poda por contribución
dfm_avanzado_estrategia2_pesos,1,consumo mensual ibge: indice original,real,100.0,0.0113691371151671,-0.0012775463800983,0.0024168606025191,50.0,2026-T2,10.0,DFM avanzado · poda por contribución
dfm_avanzado_estrategia2_pesos,1,consumo mensual ibge: indice original,real,100.0,0.0096205149638661,-0.0048130479035472,0.006426693259705,68.18181818181817,2021-T1,11.0,DFM avanzado · poda por contribución
dfm_avanzado_estrategia2_pesos,1,Mundo: indice produccion industrial,real,100.0,0.0079935100509446,0.0039072726548731,0.0020352853561549,54.54545454545454,2021-T1,12.0,DFM avanzado · poda por contribución
dfm_avanzado_estrategia2_pesos,1,IMF: indice global de precios de todas las materias primas,real,100.0,0.0078118952853616,0.0055749423243429,0.0031321316740515,54.54545454545454,2021-T1,13.0,DFM avanzado · poda por contribución
dfm_avanzado_estrategia2_pesos,1,Indicadores Industriais - horas trabalhadas - indústria - índice dessazonalizado (média 2006 = 100),real,100.0,0.0076662282218159,0.0024361745917402,0.0004752119476793,50.0,2021-T1,14.0,DFM avanzado · poda por contribución
dfm_avanzado_estrategia2_pesos,1,credito sgs: valor,financiero,95.45454545454544,0.0068613625445469,0.0051354497374455,-0.0031063010660741,38.095238095238095,2025-T3,15.0,DFM avanzado · poda por contribución
dfm_avanzado_estrategia2_pesos,1,confianza consumidor fgv: indice expectativas original,real,100.0,0.006053997781683,0.0014129062123248,0.0026168616636571,68.18181818181817,2021-T1,16.0,DFM avanzado · poda por contribución
dfm_avanzado_estrategia2_pesos,1,Indicadores Industriais - faturamento real - indústria - índice dessazonalizado (média 2006 = 100),real,100.0,0.0057861509562415,3.3611266438208926e-05,-0.0033241845034133,36.36363636363637,2024-T3,17.0,DFM avanzado · poda por contribución
dfm_avanzado_estrategia2_pesos,1,consumo mensual ibge: indice original,real,95.45454545454544,0.0054499066288078,-0.002713008687317,0.0021387380705757,52.38095238095239,2021-T1,18.0,DFM avanzado · poda por contribución
dfm_avanzado_estrategia2_pesos,1,Energia elétrica - consumo - quantidade,real,100.0,0.0050829117692101,0.0004783465156246,-1.602382341505847e-05,45.45454545454545,2025-T2,19.0,DFM avanzado · poda por contribución
dfm_avanzado_estrategia2_pesos,1,PIM-PF categorias economicas | Brasil | 1 Bens de capital | PIMPF - Número-índice (2022=100),real,100.0,0.0043230354078811,-0.0010109052997314,0.0009639490189061,54.54545454545454,2024-T1,20.0,DFM avanzado · poda por contribución
dfm_avanzado_estrategia2_pesos,1,credito sgs: valor,financiero,95.45454545454544,0.0041778196559983,-0.0001184638221643,-0.0014140166717685,47.61904761904761,2025-T2,21.0,DFM avanzado · poda por contribución
dfm_avanzado_estrategia2_pesos,1,Vendas de autoveículos no mercado interno,real,100.0,0.004168780021299,0.0011747477534767,-0.001178328585146,31.818181818181817,2023-T3,22.0,DFM avanzado · poda por contribución
dfm_avanzado_estrategia2_pesos,1,empleo pnadc: empleo poblacion pct,real,100.0,0.0034320399863709,0.000916759391016,-0.0006694709598769,27.27272727272727,2021-T1,23.0,DFM avanzado · poda por contribución
dfm_avanzado_estrategia2_pesos,1,tipo cambio: promedio brl por usd,financiero,72.72727272727273,0.0030188033851277,0.0033602105656167,-0.0020856970520173,43.75,2026-T2,24.0,DFM avanzado · poda por contribución
dfm_avanzado_estrategia2_pesos,1,comex stat: importaciones totales fob usd,externo,86.36363636363636,0.0028586980519399,0.0001817224610051,-0.0003170390940602,47.368421052631575,2021-T1,25.0,DFM avanzado · poda por contribución
dfm_avanzado_estrategia2_pesos,1,Ibovespa: promedio mensual del cierre diario,real,4.545454545454546,0.0020695798357861,0.0455307563872945,0.0087126736935893,100.0,2021-T1,26.0,DFM avanzado · poda por contribución
dfm_avanzado_estrategia2_pesos,1,Empregados - saldo - sem ajuste - novo Caged,real,95.45454545454544,0.0019741773146888,0.0004165711578922,0.0008833125265361,47.61904761904761,2025-T1,27.0,DFM avanzado · poda por contribución
dfm_avanzado_estrategia2_pesos,1,Produção - autoveículos - montados - qde.,real,100.0,0.0019612046635817,0.0002383207767823,-0.0006789261855171,40.909090909090914,2021-T1,28.0,DFM avanzado · poda por contribución
dfm_avanzado_estrategia2_pesos,1,Indicadores Industriais - utilização da capacidade instalada - indústria - índice dessazonalizado (média 2006 = 100),real,77.27272727272727,0.0018950769461294,0.000998248671811,0.0010580643922435,58.82352941176471,2021-T2,29.0,DFM avanzado · poda por contribución
dfm_avanzado_estrategia2_pesos,1,Indicador IPEA de FBCF - índice real (média 1995 = 100),real,100.0,0.0017450775714844,0.0004906442118435,-0.0005728692020526,45.45454545454545,2021-T2,30.0,DFM avanzado · poda por contribución
dfm_avanzado_estrategia2_pesos,1,Consumo aparente - óleo diesel - média - quantidade/dia,real,63.63636363636363,0.001162524169886,0.000550433944378,0.0006699999442406,57.14285714285714,2024-T2,31.0,DFM avanzado · poda por contribución
dfm_avanzado_estrategia2_pesos,1,ibc br: indice agropecuaria sin ajuste,real,40.90909090909091,0.000667187103708,0.0006802218051519,0.0010327446450338,55.55555555555556,2025-T1,32.0,DFM avanzado · poda por contribución
dfm_avanzado_estrategia2_pesos,1,empleo pnadc: ocupados miles,real,40.90909090909091,0.000368974058258,0.0007602311709873,0.0005304552677882,66.66666666666666,2021-T3,33.0,DFM avanzado · poda por contribución
dfm_avanzado_estrategia2_pesos,1,credito sgs: valor,financiero,27.272727272727277,0.0001931494958654,-0.0007082148181732,0.0004733042071238,66.66666666666666,2025-T4,34.0,DFM avanzado · poda por contribución
dfm_avanzado_estrategia2_pesos,1,ipca: variacion mensual pct,real,4.545454545454546,3.041666026780284e-05,0.0006691665258916,-0.0006691665258916,0.0,2021-T1,35.0,DFM avanzado · poda por contribución
dfm_avanzado_estrategia2_pesos,2,PIM-PF actividades industriales | Brasil | 3 Indústrias de transformação | PIMPF - Número-índice (2022=100),real,100.0,0.1091539538776062,0.0246108044384058,-0.0124762694346729,40.909090909090914,2021-T2,1.0,DFM avanzado · poda por contribución
dfm_avanzado_estrategia2_pesos,2,PIM-PF actividades industriales | Brasil | 1 Indústria geral | PIMPF - Número-índice (2022=100),real,100.0,0.0944505186860341,0.0236761541045928,-0.0262435533549661,45.45454545454545,2021-T2,2.0,DFM avanzado · poda por contribución
dfm_avanzado_estrategia2_pesos,2,ibc br: indice servicios sin ajuste,real,100.0,0.0452096604511982,0.0307479317365917,0.0122503256101427,63.63636363636363,2026-T1,3.0,DFM avanzado · poda por contribución
dfm_avanzado_estrategia2_pesos,2,CNI ICEI: expectativas de la industria,real,100.0,0.0405905692671742,0.0132873026126135,-0.0008395531219192,50.0,2021-T3,4.0,DFM avanzado · poda por contribución
dfm_avanzado_estrategia2_pesos,2,ibc br: indice sin ajuste,real,100.0,0.0385902761842459,0.0215461618247286,0.0131581099487688,68.18181818181817,2026-T1,5.0,DFM avanzado · poda por contribución
dfm_avanzado_estrategia2_pesos,2,empleo pnadc: tasa desempleo pct,real,95.45454545454544,0.0254301877042841,0.0237815020131164,-0.0089774310582423,33.33333333333333,2024-T4,6.0,DFM avanzado · poda por contribución
dfm_avanzado_estrategia2_pesos,2,Sondagem CNI: expectativas de demanda,real,100.0,0.0233771453408836,0.0076427005531621,0.0067356545099166,68.18181818181817,2021-T3,7.0,DFM avanzado · poda por contribución
dfm_avanzado_estrategia2_pesos,2,Sondagem CNI: evolucion de la produccion industrial,real,100.0,0.0151074488506614,0.0094792979895613,0.0021964346724359,59.09090909090909,2021-T1,8.0,DFM avanzado · poda por contribución
dfm_avanzado_estrategia2_pesos,2,confianza consumidor fgv: indice confianza original,real,100.0,0.0132010683214382,0.0090315540479027,-0.0074623929013975,31.818181818181817,2021-T1,9.0,DFM avanzado · poda por contribución
dfm_avanzado_estrategia2_pesos,2,consumo mensual ibge: indice original,real,100.0,0.011191127735588,0.0002476873721715,0.0028950925816227,50.0,2025-T2,10.0,DFM avanzado · poda por contribución
dfm_avanzado_estrategia2_pesos,2,confianza consumidor fgv: indice expectativas original,real,100.0,0.0103059928789131,0.0004776705180411,0.001583975539927,50.0,2021-T1,11.0,DFM avanzado · poda por contribución
dfm_avanzado_estrategia2_pesos,2,consumo mensual ibge: indice original,real,100.0,0.0090864594874048,-0.0025170079618001,0.004499781656967,54.54545454545454,2021-T1,12.0,DFM avanzado · poda por contribución
dfm_avanzado_estrategia2_pesos,2,credito sgs: valor,financiero,95.45454545454544,0.0085029130379236,0.0055477205977525,-0.0051333307802565,47.61904761904761,2026-T1,13.0,DFM avanzado · poda por contribución
dfm_avanzado_estrategia2_pesos,2,IMF: indice global de precios de todas las materias primas,real,100.0,0.0078031963121287,0.0052234234143644,-0.0038231367975461,45.45454545454545,2021-T1,14.0,DFM avanzado · poda por contribución
dfm_avanzado_estrategia2_pesos,2,Indicadores Industriais - horas trabalhadas - indústria - índice dessazonalizado (média 2006 = 100),real,100.0,0.0065009292478971,0.0032561793290102,0.0012194178722266,40.909090909090914,2025-T1,15.0,DFM avanzado · poda por contribución
dfm_avanzado_estrategia2_pesos,2,Indicadores Industriais - faturamento real - indústria - índice dessazonalizado (média 2006 = 100),real,100.0,0.0060126025510598,0.0016171230888292,-0.0030834626376591,22.727272727272727,2024-T3,16.0,DFM avanzado · poda por contribución
dfm_avanzado_estrategia2_pesos,2,Mundo: indice produccion industrial,real,100.0,0.0059280813323516,0.0030438615087506,-0.0017650669025097,40.909090909090914,2021-T1,17.0,DFM avanzado · poda por contribución
dfm_avanzado_estrategia2_pesos,2,empleo pnadc: empleo poblacion pct,real,100.0,0.0044758933442959,0.0007837355627302,-0.0011544846525277,36.36363636363637,2021-T1,18.0,DFM avanzado · poda por contribución
dfm_avanzado_estrategia2_pesos,2,tipo cambio: promedio brl por usd,financiero,72.72727272727273,0.0042603989734731,0.0056256365144087,-0.0040634406037853,31.25,2026-T2,19.0,DFM avanzado · poda por contribución
dfm_avanzado_estrategia2_pesos,2,consumo mensual ibge: indice original,real,95.45454545454544,0.0041489433954669,0.0003036799526582,-0.000405599123902,38.095238095238095,2021-T1,20.0,DFM avanzado · poda por contribución
dfm_avanzado_estrategia2_pesos,2,Energia elétrica - consumo - quantidade,real,100.0,0.0036733507074879,0.0002420695011471,0.0011538611814237,59.09090909090909,2025-T2,21.0,DFM avanzado · poda por contribución
dfm_avanzado_estrategia2_pesos,2,PIM-PF categorias economicas | Brasil | 1 Bens de capital | PIMPF - Número-índice (2022=100),real,100.0,0.003610470644719,-0.0005271420706308,0.0010093251851117,63.63636363636363,2024-T1,22.0,DFM avanzado · poda por contribución
dfm_avanzado_estrategia2_pesos,2,credito sgs: valor,financiero,95.45454545454544,0.0033292719888444,0.0005129283768587,0.0002904557495379,52.38095238095239,2025-T3,23.0,DFM avanzado · poda por contribución
dfm_avanzado_estrategia2_pesos,2,Vendas de autoveículos no mercado interno,real,100.0,0.0032629699457451,0.0011579360358778,-0.0015298806648523,36.36363636363637,2023-T3,24.0,DFM avanzado · poda por contribución
dfm_avanzado_estrategia2_pesos,2,comex stat: importaciones totales fob usd,externo,86.36363636363636,0.0030368489531343,0.0022447671647592,-0.0014226163224163,68.42105263157895,2021-T1,25.0,DFM avanzado · poda por contribución
dfm_avanzado_estrategia2_pesos,2,Indicadores Industriais - utilização da capacidade instalada - indústria - índice dessazonalizado (média 2006 = 100),real,77.27272727272727,0.0027958904872705,0.0016372446727337,0.0020897163584535,64.70588235294117,2021-T2,26.0,DFM avanzado · poda por contribución
dfm_avanzado_estrategia2_pesos,2,Indicador IPEA de FBCF - índice real (média 1995 = 100),real,100.0,0.0025554162836093,-0.0003954922597315,-0.0006998509494576,45.45454545454545,2026-T1,27.0,DFM avanzado · poda por contribución
dfm_avanzado_estrategia2_pesos,2,Empregados - saldo - sem ajuste - novo Caged,real,95.45454545454544,0.0021808273698928,0.0006837882545379,0.0007639989286459,57.14285714285714,2025-T1,28.0,DFM avanzado · poda por contribución
dfm_avanzado_estrategia2_pesos,2,Produção - autoveículos - montados - qde.,real,100.0,0.0018448035381385,-0.0001212893631386,-0.0002488687482818,54.54545454545454,2024-T3,29.0,DFM avanzado · poda por contribución
dfm_avanzado_estrategia2_pesos,2,Ibovespa: promedio mensual del cierre diario,real,4.545454545454546,0.0015989124861153,0.0351760746945382,-0.0351760746945382,0.0,2021-T1,30.0,DFM avanzado · poda por contribución
dfm_avanzado_estrategia2_pesos,2,ibc br: indice agropecuaria sin ajuste,real,40.90909090909091,0.0010086706459026,0.0002518645032602,0.0016639433837052,55.55555555555556,2025-T1,31.0,DFM avanzado · poda por contribución
dfm_avanzado_estrategia2_pesos,2,Consumo aparente - óleo diesel - média - quantidade/dia,real,63.63636363636363,0.0008423921242265,0.0002291720039186,-9.889816626457358e-05,21.428571428571427,2024-T2,32.0,DFM avanzado · poda por contribución
dfm_avanzado_estrategia2_pesos,2,empleo pnadc: ocupados miles,real,40.90909090909091,0.000651172946406,0.0013871325280805,0.0008862243172235,66.66666666666666,2021-T3,33.0,DFM avanzado · poda por contribución
dfm_avanzado_estrategia2_pesos,2,credito sgs: valor,financiero,27.272727272727277,0.0004729011312992,-0.0017339708147638,0.0014094290433435,83.33333333333334,2025-T4,34.0,DFM avanzado · poda por contribución
dfm_avanzado_estrategia2_pesos,2,ipca: variacion mensual pct,real,4.545454545454546,0.0001832120100192,0.0040306642204245,-0.0040306642204245,0.0,2021-T1,35.0,DFM avanzado · poda por contribución
dfm_avanzado_estrategia2_pesos,3,PIM-PF actividades industriales | Brasil | 3 Indústrias de transformação | PIMPF - Número-índice (2022=100),real,100.0,0.1182385151556044,0.0401947560228499,0.0044282011135297,45.45454545454545,2021-T2,1.0,DFM avanzado · poda por contribución
dfm_avanzado_estrategia2_pesos,3,PIM-PF actividades industriales | Brasil | 1 Indústria geral | PIMPF - Número-índice (2022=100),real,100.0,0.1094148231306201,0.044197829113019,-0.0129673127952829,54.54545454545454,2021-T2,2.0,DFM avanzado · poda por contribución
dfm_avanzado_estrategia2_pesos,3,ibc br: indice sin ajuste,real,100.0,0.044254239666178,0.0077599997514439,0.0134215174650422,68.18181818181817,2025-T1,3.0,DFM avanzado · poda por contribución
dfm_avanzado_estrategia2_pesos,3,ibc br: indice servicios sin ajuste,real,100.0,0.0421873076545,0.0120341860329716,-0.0009334347453758,54.54545454545454,2026-T1,4.0,DFM avanzado · poda por contribución
dfm_avanzado_estrategia2_pesos,3,CNI ICEI: expectativas de la industria,real,100.0,0.0395388107193324,0.0082255073120107,0.0114427729471217,59.09090909090909,2021-T3,5.0,DFM avanzado · poda por contribución
dfm_avanzado_estrategia2_pesos,3,empleo pnadc: tasa desempleo pct,real,95.45454545454544,0.0381523479937722,0.0309876975080923,-0.0135798395002485,42.85714285714285,2024-T3,6.0,DFM avanzado · poda por contribución
dfm_avanzado_estrategia2_pesos,3,Sondagem CNI: expectativas de demanda,real,100.0,0.0275224346925733,0.0078889825490322,0.0053691874334564,59.09090909090909,2021-T3,7.0,DFM avanzado · poda por contribución
dfm_avanzado_estrategia2_pesos,3,Sondagem CNI: evolucion de la produccion industrial,real,100.0,0.0152123714596241,0.0107584081007257,0.0057401968813733,59.09090909090909,2021-T1,8.0,DFM avanzado · poda por contribución
dfm_avanzado_estrategia2_pesos,3,confianza consumidor fgv: indice confianza original,real,100.0,0.0151791257519023,0.0106236293347639,0.0018156643249052,45.45454545454545,2021-T1,9.0,DFM avanzado · poda por contribución
dfm_avanzado_estrategia2_pesos,3,consumo mensual ibge: indice original,real,100.0,0.0147777894596123,-0.0015976248148564,-0.002660585262716,50.0,2021-T1,10.0,DFM avanzado · poda por contribución
dfm_avanzado_estrategia2_pesos,3,confianza consumidor fgv: indice expectativas original,real,100.0,0.012530146422637,-0.0004057813956934,-0.0064428258400944,50.0,2021-T1,11.0,DFM avanzado · poda por contribución
dfm_avanzado_estrategia2_pesos,3,consumo mensual ibge: indice original,real,100.0,0.0099637082648053,-0.004190849436094,-0.0051092842657394,45.45454545454545,2021-T1,12.0,DFM avanzado · poda por contribución
dfm_avanzado_estrategia2_pesos,3,credito sgs: valor,financiero,95.45454545454544,0.0092776777086196,0.0056604301754981,0.000177360436492,61.90476190476191,2026-T1,13.0,DFM avanzado · poda por contribución
dfm_avanzado_estrategia2_pesos,3,IMF: indice global de precios de todas las materias primas,real,100.0,0.0083646103178257,0.0059490427406144,0.0063898040252951,59.09090909090909,2021-T1,14.0,DFM avanzado · poda por contribución
dfm_avanzado_estrategia2_pesos,3,Mundo: indice produccion industrial,real,100.0,0.0069514161420563,0.0043702380926104,0.0031267390326912,50.0,2021-T1,15.0,DFM avanzado · poda por contribución
dfm_avanzado_estrategia2_pesos,3,Indicadores Industriais - horas trabalhadas - indústria - índice dessazonalizado (média 2006 = 100),real,100.0,0.0065932923816818,0.0033864780514967,0.0016286163882249,54.54545454545454,2024-T1,16.0,DFM avanzado · poda por contribución
dfm_avanzado_estrategia2_pesos,3,consumo mensual ibge: indice original,real,95.45454545454544,0.0059756456622767,-0.0020078784309137,-0.0047849328534857,28.57142857142857,2021-T1,17.0,DFM avanzado · poda por contribución
dfm_avanzado_estrategia2_pesos,3,Indicadores Industriais - faturamento real - indústria - índice dessazonalizado (média 2006 = 100),real,100.0,0.0054142751287485,0.0021357892431368,-0.0034737117874378,22.727272727272727,2024-T3,18.0,DFM avanzado · poda por contribución
dfm_avanzado_estrategia2_pesos,3,empleo pnadc: empleo poblacion pct,real,100.0,0.0049685981501475,0.0006744889488768,0.0029865605182137,54.54545454545454,2021-T1,19.0,DFM avanzado · poda por contribución
dfm_avanzado_estrategia2_pesos,3,tipo cambio: promedio brl por usd,financiero,72.72727272727273,0.004125671907413,0.005425403016104,8.736488281083782e-05,43.75,2026-T2,20.0,DFM avanzado · poda por contribución
dfm_avanzado_estrategia2_pesos,3,credito sgs: valor,financiero,95.45454545454544,0.0037870477874436,0.0010864896033811,-0.0003422120827674,42.85714285714285,2025-T4,21.0,DFM avanzado · poda por contribución
dfm_avanzado_estrategia2_pesos,3,Vendas de autoveículos no mercado interno,real,100.0,0.0037509969264402,0.0014628981769042,-0.0001731126974358,50.0,2026-T1,22.0,DFM avanzado · poda por contribución
dfm_avanzado_estrategia2_pesos,3,Energia elétrica - consumo - quantidade,real,100.0,0.0033347517485734,0.0002525284524392,0.0017679125637819,59.09090909090909,2025-T2,23.0,DFM avanzado · poda por contribución
dfm_avanzado_estrategia2_pesos,3,comex stat: importaciones totales fob usd,externo,86.36363636363636,0.0032908440157817,0.0021792850760796,0.0024528611468724,68.42105263157895,2021-T1,24.0,DFM avanzado · poda por contribución
dfm_avanzado_estrategia2_pesos,3,Indicadores Industriais - utilização da capacidade instalada - indústria - índice dessazonalizado (média 2006 = 100),real,77.27272727272727,0.0032878895857586,0.0019935842579731,0.0029609435047661,70.58823529411765,2021-T2,25.0,DFM avanzado · poda por contribución
dfm_avanzado_estrategia2_pesos,3,PIM-PF categorias economicas | Brasil | 1 Bens de capital | PIMPF - Número-índice (2022=100),real,100.0,0.0030938672876268,0.0002425750838731,-0.0013806856628894,36.36363636363637,2024-T1,26.0,DFM avanzado · poda por contribución
dfm_avanzado_estrategia2_pesos,3,Empregados - saldo - sem ajuste - novo Caged,real,95.45454545454544,0.0026684055177381,-0.0002465101567469,0.0010017901305238,47.61904761904761,2025-T1,27.0,DFM avanzado · poda por contribución
dfm_avanzado_estrategia2_pesos,3,Indicador IPEA de FBCF - índice real (média 1995 = 100),real,100.0,0.0020476387552047,0.0002808659784537,-0.0006310556188664,50.0,2026-T1,28.0,DFM avanzado · poda por contribución
dfm_avanzado_estrategia2_pesos,3,Produção - autoveículos - montados - qde.,real,100.0,0.0016481539904585,0.0003607383323408,9.148214658755275e-05,54.54545454545454,2021-T4,29.0,DFM avanzado · poda por contribución
dfm_avanzado_estrategia2_pesos,3,Ibovespa: promedio mensual del cierre diario,real,4.545454545454546,0.0014228115234978,0.0313018535169523,0.0313018535169522,100.0,2021-T1,30.0,DFM avanzado · poda por contribución
dfm_avanzado_estrategia2_pesos,3,ibc br: indice agropecuaria sin ajuste,real,40.90909090909091,0.0010281346922929,4.912199086872423e-05,0.0015893090731204,44.44444444444444,2025-T1,31.0,DFM avanzado · poda por contribución
dfm_avanzado_estrategia2_pesos,3,empleo pnadc: ocupados miles,real,40.90909090909091,0.0008006590650376,0.0017034789137581,0.0011847993751059,66.66666666666666,2021-T3,32.0,DFM avanzado · poda por contribución
dfm_avanzado_estrategia2_pesos,3,Consumo aparente - óleo diesel - média - quantidade/dia,real,63.63636363636363,0.0007738349148063,-5.77940381684445e-06,0.0006823761199231,50.0,2024-T2,33.0,DFM avanzado · poda por contribución
dfm_avanzado_estrategia2_pesos,3,credito sgs: valor,financiero,27.272727272727277,0.0006075161980507,-0.0022275593928528,0.0005546391322895,50.0,2025-T4,34.0,DFM avanzado · poda por contribución
dfm_avanzado_estrategia2_pesos,3,ipca: variacion mensual pct,real,4.545454545454546,0.0002208938081447,0.0048596637791853,0.0048596637791852,100.0,2021-T1,35.0,DFM avanzado · poda por contribución
dfm_avanzado_estrategia3_lovo,1,ibc br: indice sin ajuste,real,72.72727272727273,0.1158076072328671,0.0244674330094626,0.0683107954306644,56.25,2023-T2,1.0,DFM avanzado · leave-one-out automático
dfm_avanzado_estrategia3_lovo,1,ibc br: indice servicios sin ajuste,real,63.63636363636363,0.0795389880694236,0.0716978221984112,0.0294189810460855,50.0,2024-T1,2.0,DFM avanzado · leave-one-out automático
dfm_avanzado_estrategia3_lovo,1,CNI ICEI: expectativas de la industria,real,63.63636363636363,0.0750747701396536,0.0611663535675238,0.0393811332877024,57.14285714285714,2023-T1,3.0,DFM avanzado · leave-one-out automático
dfm_avanzado_estrategia3_lovo,1,empleo pnadc: ocupados miles,real,27.272727272727277,0.0447887129890481,0.164005736430139,0.1168502370215315,66.66666666666666,2022-T2,4.0,DFM avanzado · leave-one-out automático
dfm_avanzado_estrategia3_lovo,1,Sondagem CNI: evolucion de la produccion industrial,real,72.72727272727273,0.0405716292140565,0.0401096632778451,0.0493333165116642,81.25,2025-T1,5.0,DFM avanzado · leave-one-out automático
dfm_avanzado_estrategia3_lovo,1,Indicadores Industriais - horas trabalhadas - indústria - índice dessazonalizado (média 2006 = 100),real,59.09090909090909,0.0394152156410868,-0.0025380533745428,0.015981729064326,53.84615384615385,2025-T2,6.0,DFM avanzado · leave-one-out automático
dfm_avanzado_estrategia3_lovo,1,Mundo: indice produccion industrial,real,59.09090909090909,0.031829235768629,-0.001522659477044,0.0204267085716912,76.92307692307693,2021-T2,7.0,DFM avanzado · leave-one-out automático
dfm_avanzado_estrategia3_lovo,1,Vendas de autoveículos no mercado interno,real,59.09090909090909,0.0304258983596599,0.0176337191005671,0.0024296607089817,46.15384615384615,2024-T2,8.0,DFM avanzado · leave-one-out automático
dfm_avanzado_estrategia3_lovo,1,consumo mensual ibge: indice original,real,45.45454545454545,0.0204652830592952,-0.0023655260488822,-0.0140536943436539,40.0,2021-T1,9.0,DFM avanzado · leave-one-out automático
dfm_avanzado_estrategia3_lovo,1,credito sgs: valor,financiero,45.45454545454545,0.0204310054381438,-0.0296813268490012,-0.0211180227345978,40.0,2022-T4,10.0,DFM avanzado · leave-one-out automático
dfm_avanzado_estrategia3_lovo,1,empleo pnadc: tasa desempleo pct,real,9.090909090909092,0.0189731141093761,-0.2010772069540993,0.2087042552031372,100.0,2024-T4,11.0,DFM avanzado · leave-one-out automático
dfm_avanzado_estrategia3_lovo,1,confianza consumidor fgv: indice confianza original,real,9.090909090909092,0.0176660810301553,0.1849982618256993,0.0166383977587775,50.0,2024-T4,12.0,DFM avanzado · leave-one-out automático
dfm_avanzado_estrategia3_lovo,1,Sondagem CNI: expectativas de demanda,real,72.72727272727273,0.0155168793671021,0.0161420965426966,0.0152551043905616,75.0,2024-T3,13.0,DFM avanzado · leave-one-out automático
dfm_avanzado_estrategia3_lovo,1,consumo mensual ibge: indice original,real,45.45454545454545,0.0106985642489695,0.0010020480176305,-0.0030968578960515,30.0,2021-T4,14.0,DFM avanzado · leave-one-out automático
dfm_avanzado_estrategia3_lovo,1,consumo mensual ibge: indice original,real,40.90909090909091,0.0089840959900999,-0.011758637323339,-0.0219611235313554,0.0,2021-T1,15.0,DFM avanzado · leave-one-out automático
dfm_avanzado_estrategia3_lovo,1,Indicadores Industriais - utilização da capacidade instalada - indústria - índice dessazonalizado (média 2006 = 100),real,36.36363636363637,0.007179478207705,-0.0035475670442936,-0.0039720546458826,75.0,2021-T4,16.0,DFM avanzado · leave-one-out automático
dfm_avanzado_estrategia3_lovo,1,Consumo aparente - óleo diesel - média - quantidade/dia,real,36.36363636363637,0.0063756982317918,0.005724527496266,0.0052392909382795,37.5,2025-T3,17.0,DFM avanzado · leave-one-out automático
dfm_avanzado_estrategia3_lovo,1,IMF: indice global de precios de todas las materias primas,real,18.181818181818183,0.005405431012296,0.0200986549953043,0.0200986549953043,75.0,2021-T1,18.0,DFM avanzado · leave-one-out automático
dfm_avanzado_estrategia3_lovo,1,PIM-PF actividades industriales | Brasil | 3 Indústrias de transformação | PIMPF - Número-índice (2022=100),real,4.545454545454546,0.004585959166765,-0.1008911016688307,-0.1008911016688307,0.0,2023-T1,19.0,DFM avanzado · leave-one-out automático
dfm_avanzado_estrategia3_lovo,1,Energia elétrica - consumo - quantidade,real,22.727272727272727,0.0040235290806116,-0.0013284618053246,-0.0015323513511878,60.0,2025-T1,20.0,DFM avanzado · leave-one-out automático
dfm_avanzado_estrategia3_lovo,1,Empregados - saldo - sem ajuste - novo Caged,real,18.181818181818183,0.0033295027783411,0.0175746074888995,0.0183122652808761,100.0,2025-T1,21.0,DFM avanzado · leave-one-out automático
dfm_avanzado_estrategia3_lovo,1,ibc br: indice agropecuaria sin ajuste,real,13.636363636363637,0.0029538070754007,0.0158971264907008,0.0158971264907008,66.66666666666666,2025-T1,22.0,DFM avanzado · leave-one-out automático
dfm_avanzado_estrategia3_lovo,1,PIM-PF categorias economicas | Brasil | 1 Bens de capital | PIMPF - Número-índice (2022=100),real,4.545454545454546,0.0023922310248643,-0.052629082547015,-0.052629082547015,0.0,2024-T3,23.0,DFM avanzado · leave-one-out automático
dfm_avanzado_estrategia3_lovo,1,Produção - autoveículos - montados - qde.,real,13.636363636363637,0.0023030153551468,-0.0124961589856192,0.0068601917402208,33.33333333333333,2023-T2,24.0,DFM avanzado · leave-one-out automático
dfm_avanzado_estrategia3_lovo,1,comex stat: importaciones totales fob usd,externo,13.636363636363637,0.0016471594576104,-0.00323600435475,-0.00323600435475,33.33333333333333,2025-T2,25.0,DFM avanzado · leave-one-out automático
dfm_avanzado_estrategia3_lovo,1,Ibovespa: promedio mensual del cierre diario,real,13.636363636363637,0.001633061851096,0.0035059095003035,0.0035112792509758,66.66666666666666,2021-T1,26.0,DFM avanzado · leave-one-out automático
dfm_avanzado_estrategia3_lovo,1,credito sgs: valor,financiero,36.36363636363637,0.0010953633891314,-0.0019661660064131,-0.0021144245109852,37.5,2021-T4,27.0,DFM avanzado · leave-one-out automático
dfm_avanzado_estrategia3_lovo,1,tipo cambio: promedio brl por usd,financiero,13.636363636363637,0.0010947310679164,0.0080280278313874,0.0080280278313874,100.0,2024-T3,28.0,DFM avanzado · leave-one-out automático
dfm_avanzado_estrategia3_lovo,1,ipca: variacion mensual pct,real,31.818181818181817,0.0010933660196228,-0.0018766026689439,-0.0018327580147421,42.85714285714285,2022-T3,29.0,DFM avanzado · leave-one-out automático
dfm_avanzado_estrategia3_lovo,1,confianza consumidor fgv: indice expectativas original,real,9.090909090909092,0.0008700199559231,0.0002952238833279,-0.0095702195151547,0.0,2024-T4,30.0,DFM avanzado · leave-one-out automático
dfm_avanzado_estrategia3_lovo,1,Indicadores Industriais - faturamento real - indústria - índice dessazonalizado (média 2006 = 100),real,4.545454545454546,0.0008052200245756,-0.0177148405406643,-0.0177148405406643,0.0,2023-T1,31.0,DFM avanzado · leave-one-out automático
dfm_avanzado_estrategia3_lovo,1,consumo mensual ibge: indice original,real,4.545454545454546,0.0006026923907111,0.0132592325956461,0.0132592325956461,100.0,2025-T2,32.0,DFM avanzado · leave-one-out automático
dfm_avanzado_estrategia3_lovo,1,credito sgs: valor,financiero,4.545454545454546,0.0004802765155719,0.0105660833425834,0.0105660833425834,100.0,2025-T1,33.0,DFM avanzado · leave-one-out automático
dfm_avanzado_estrategia3_lovo,1,Indicador IPEA de FBCF - índice real (média 1995 = 100),real,27.272727272727277,0.0003747835154321,0.0007685221352086,0.0007758617693171,83.33333333333334,2024-T3,34.0,DFM avanzado · leave-one-out automático
dfm_avanzado_estrategia3_lovo,1,empleo pnadc: empleo poblacion pct,real,13.636363636363637,0.0002446639155894,-0.0017942020476558,0.0017942020476558,100.0,2023-T3,35.0,DFM avanzado · leave-one-out automático
dfm_avanzado_estrategia3_lovo,1,PIM-PF actividades industriales | Brasil | 1 Indústria geral | PIMPF - Número-índice (2022=100),real,4.545454545454546,0.0002021385345894,0.004447047760968,0.0044470477609679,100.0,2023-T1,36.0,DFM avanzado · leave-one-out automático
dfm_avanzado_estrategia3_lovo,1,credito sgs: valor,financiero,4.545454545454546,0.0001867892184368,-0.0041093628056116,-0.0041093628056116,0.0,2025-T3,37.0,DFM avanzado · leave-one-out automático
dfm_avanzado_estrategia3_lovo,1,comex stat: exportaciones totales fob usd,externo,4.545454545454546,0.0001539806866494,0.0033875751062869,0.0033875751062869,100.0,2024-T3,38.0,DFM avanzado · leave-one-out automático
dfm_avanzado_estrategia3_lovo,1,credito sgs: valor,financiero,9.090909090909092,0.0001523766784734,-0.0016761434632083,-0.0012910506541142,50.0,2021-T3,39.0,DFM avanzado · leave-one-out automático
dfm_avanzado_estrategia3_lovo,2,ibc br: indice sin ajuste,real,72.72727272727273,0.1718883208772779,0.0837250612257371,0.0412969433558078,62.5,2021-T4,1.0,DFM avanzado · leave-one-out automático
dfm_avanzado_estrategia3_lovo,2,ibc br: indice servicios sin ajuste,real,63.63636363636363,0.1323775730561735,0.169300775979649,0.0149356628513415,35.714285714285715,2021-T4,2.0,DFM avanzado · leave-one-out automático
dfm_avanzado_estrategia3_lovo,2,CNI ICEI: expectativas de la industria,real,63.63636363636363,0.0609128059573141,0.0267505214731837,0.0313415806392945,57.14285714285714,2022-T3,3.0,DFM avanzado · leave-one-out automático
dfm_avanzado_estrategia3_lovo,2,empleo pnadc: ocupados miles,real,27.272727272727277,0.0432073755250266,0.1576780082589141,0.0886560519741441,33.33333333333333,2022-T2,4.0,DFM avanzado · leave-one-out automático
dfm_avanzado_estrategia3_lovo,2,Sondagem CNI: evolucion de la produccion industrial,real,72.72727272727273,0.0384819175860017,0.0483368230570443,0.0260964977539654,56.25,2025-T1,5.0,DFM avanzado · leave-one-out automático
dfm_avanzado_estrategia3_lovo,2,Indicadores Industriais - horas trabalhadas - indústria - índice dessazonalizado (média 2006 = 100),real,59.09090909090909,0.0343805638407174,0.0125737729317746,0.0038195006872389,46.15384615384615,2025-T1,6.0,DFM avanzado · leave-one-out automático
dfm_avanzado_estrategia3_lovo,2,Sondagem CNI: expectativas de demanda,real,72.72727272727273,0.0214576135893301,0.021945036902898,0.0134239723410339,56.25,2024-T3,7.0,DFM avanzado · leave-one-out automático
dfm_avanzado_estrategia3_lovo,2,confianza consumidor fgv: indice confianza original,real,9.090909090909092,0.0196903596387387,0.2165939560261265,-0.008141646270828,50.0,2024-T4,8.0,DFM avanzado · leave-one-out automático
dfm_avanzado_estrategia3_lovo,2,empleo pnadc: tasa desempleo pct,real,9.090909090909092,0.0185993007079827,-0.2032572970550079,0.2045923077878106,100.0,2024-T4,9.0,DFM avanzado · leave-one-out automático
dfm_avanzado_estrategia3_lovo,2,consumo mensual ibge: indice original,real,45.45454545454545,0.0185164468004514,-0.0055005885907337,-0.005384304317913,40.0,2021-T1,10.0,DFM avanzado · leave-one-out automático
dfm_avanzado_estrategia3_lovo,2,Vendas de autoveículos no mercado interno,real,59.09090909090909,0.0152909264108436,-0.0014235183253849,0.0002795642303154,61.53846153846154,2024-T2,11.0,DFM avanzado · leave-one-out automático
dfm_avanzado_estrategia3_lovo,2,Mundo: indice produccion industrial,real,59.09090909090909,0.0148438171530588,0.0064055149444035,0.0087261206325362,46.15384615384615,2024-T3,12.0,DFM avanzado · leave-one-out automático
dfm_avanzado_estrategia3_lovo,2,credito sgs: valor,financiero,45.45454545454545,0.0118572006983134,-0.0068589116155492,-0.0099661475119987,30.0,2022-T4,13.0,DFM avanzado · leave-one-out automático
dfm_avanzado_estrategia3_lovo,2,consumo mensual ibge: indice original,real,45.45454545454545,0.0094630808365908,-0.0068270094297594,-0.0003301917626491,50.0,2021-T4,14.0,DFM avanzado · leave-one-out automático
dfm_avanzado_estrategia3_lovo,2,consumo mensual ibge: indice original,real,40.90909090909091,0.0072146851688312,-0.0047528189278053,0.0014788694712399,44.44444444444444,2021-T4,15.0,DFM avanzado · leave-one-out automático
dfm_avanzado_estrategia3_lovo,2,IMF: indice global de precios de todas las materias primas,real,18.181818181818183,0.0051509105495981,0.0159299788785561,-0.0123788286465808,50.0,2021-T1,16.0,DFM avanzado · leave-one-out automático
dfm_avanzado_estrategia3_lovo,2,Empregados - saldo - sem ajuste - novo Caged,real,18.181818181818183,0.0048931661623219,0.0246794190642125,0.0250640254298697,75.0,2025-T1,17.0,DFM avanzado · leave-one-out automático
dfm_avanzado_estrategia3_lovo,2,Indicadores Industriais - utilização da capacidade instalada - indústria - índice dessazonalizado (média 2006 = 100),real,36.36363636363637,0.0045039777304853,-0.00439619538445,0.0042411016350163,62.5,2021-T4,18.0,DFM avanzado · leave-one-out automático
dfm_avanzado_estrategia3_lovo,2,PIM-PF actividades industriales | Brasil | 3 Indústrias de transformação | PIMPF - Número-índice (2022=100),real,4.545454545454546,0.0043377350361381,-0.0954301707950384,-0.0954301707950384,0.0,2023-T1,19.0,DFM avanzado · leave-one-out automático
dfm_avanzado_estrategia3_lovo,2,Energia elétrica - consumo - quantidade,real,22.727272727272727,0.0040217756075842,0.0144753391089342,0.0158960145578214,60.0,2025-T1,20.0,DFM avanzado · leave-one-out automático
dfm_avanzado_estrategia3_lovo,2,ibc br: indice agropecuaria sin ajuste,real,13.636363636363637,0.0036108752487154,0.0124907924116791,0.0124907924116791,66.66666666666666,2025-T1,21.0,DFM avanzado · leave-one-out automático
dfm_avanzado_estrategia3_lovo,2,Produção - autoveículos - montados - qde.,real,13.636363636363637,0.003092422600214,-0.006809066669183,-0.0226777657349033,0.0,2025-T2,22.0,DFM avanzado · leave-one-out automático
dfm_avanzado_estrategia3_lovo,2,Ibovespa: promedio mensual del cierre diario,real,13.636363636363637,0.0030357763011089,-0.0106295650662707,-0.0222434472336907,33.33333333333333,2024-T3,23.0,DFM avanzado · leave-one-out automático
dfm_avanzado_estrategia3_lovo,2,comex stat: importaciones totales fob usd,externo,13.636363636363637,0.0025641069940636,0.0035686128556251,-0.0188034512898,0.0,2025-T2,24.0,DFM avanzado · leave-one-out automático
dfm_avanzado_estrategia3_lovo,2,Consumo aparente - óleo diesel - média - quantidade/dia,real,36.36363636363637,0.0023257082234904,-0.0033119057760314,-0.0028158821964412,50.0,2024-T3,25.0,DFM avanzado · leave-one-out automático
dfm_avanzado_estrategia3_lovo,2,PIM-PF categorias economicas | Brasil | 1 Bens de capital | PIMPF - Número-índice (2022=100),real,4.545454545454546,0.0023231012965112,-0.0511082285232464,-0.0511082285232464,0.0,2024-T3,26.0,DFM avanzado · leave-one-out automático
dfm_avanzado_estrategia3_lovo,2,ipca: variacion mensual pct,real,31.818181818181817,0.0012964979484593,-0.0010869374977812,-0.0011599513471195,42.85714285714285,2022-T3,27.0,DFM avanzado · leave-one-out automático
dfm_avanzado_estrategia3_lovo,2,credito sgs: valor,financiero,36.36363636363637,0.0012832119722127,-0.0022429577891836,0.0018417281592353,50.0,2021-T4,28.0,DFM avanzado · leave-one-out automático
dfm_avanzado_estrategia3_lovo,2,tipo cambio: promedio brl por usd,financiero,13.636363636363637,0.0012287447855792,0.0090107950942475,0.0056546175696449,66.66666666666666,2024-T3,29.0,DFM avanzado · leave-one-out automático
dfm_avanzado_estrategia3_lovo,2,Indicador IPEA de FBCF - índice real (média 1995 = 100),real,27.272727272727277,0.0010252086907823,0.0021793157669012,0.0021837693714608,66.66666666666666,2024-T3,30.0,DFM avanzado · leave-one-out automático
dfm_avanzado_estrategia3_lovo,2,credito sgs: valor,financiero,4.545454545454546,0.0009618625726838,0.0211609765990457,0.0211609765990457,100.0,2025-T1,31.0,DFM avanzado · leave-one-out automático
dfm_avanzado_estrategia3_lovo,2,credito sgs: valor,financiero,4.545454545454546,0.0007501783334552,-0.0165039233360154,-0.0165039233360154,0.0,2025-T3,32.0,DFM avanzado · leave-one-out automático
dfm_avanzado_estrategia3_lovo,2,confianza consumidor fgv: indice expectativas original,real,9.090909090909092,0.0006294760036636,0.0069242360403004,-0.0053307371947753,50.0,2024-T4,33.0,DFM avanzado · leave-one-out automático
dfm_avanzado_estrategia3_lovo,2,consumo mensual ibge: indice original,real,4.545454545454546,0.0006078585632802,-0.0133728883921651,-0.0133728883921651,0.0,2025-T2,34.0,DFM avanzado · leave-one-out automático
dfm_avanzado_estrategia3_lovo,2,Indicadores Industriais - faturamento real - indústria - índice dessazonalizado (média 2006 = 100),real,4.545454545454546,0.0005587936199962,-0.0122934596399169,-0.0122934596399169,0.0,2023-T1,35.0,DFM avanzado · leave-one-out automático
dfm_avanzado_estrategia3_lovo,2,empleo pnadc: empleo poblacion pct,real,13.636363636363637,0.0002812575294916,-0.0020625552162718,-8.727059235637731e-05,66.66666666666666,2023-T3,36.0,DFM avanzado · leave-one-out automático
dfm_avanzado_estrategia3_lovo,2,credito sgs: valor,financiero,9.090909090909092,0.000180056113899,-0.0019806172528893,-0.0015431667069518,50.0,2021-T3,37.0,DFM avanzado · leave-one-out automático
dfm_avanzado_estrategia3_lovo,2,PIM-PF actividades industriales | Brasil | 1 Indústria geral | PIMPF - Número-índice (2022=100),real,4.545454545454546,0.0001461772409918,0.003215899301821,0.0032158993018209,100.0,2023-T1,38.0,DFM avanzado · leave-one-out automático
dfm_avanzado_estrategia3_lovo,2,comex stat: exportaciones totales fob usd,externo,4.545454545454546,5.1248781626958816e-05,0.001127473195793,0.001127473195793,100.0,2024-T3,39.0,DFM avanzado · leave-one-out automático
dfm_avanzado_estrategia3_lovo,3,ibc br: indice sin ajuste,real,72.72727272727273,0.1921263003909239,0.0639496387015699,0.0328308978368908,56.25,2021-T4,1.0,DFM avanzado · leave-one-out automático
dfm_avanzado_estrategia3_lovo,3,ibc br: indice servicios sin ajuste,real,63.63636363636363,0.1320386303558527,0.154061685986168,-0.0104371956067991,42.85714285714285,2024-T1,2.0,DFM avanzado · leave-one-out automático
dfm_avanzado_estrategia3_lovo,3,CNI ICEI: expectativas de la industria,real,63.63636363636363,0.0605654849184166,0.0258203422041996,0.0227092467891424,50.0,2022-T3,3.0,DFM avanzado · leave-one-out automático
dfm_avanzado_estrategia3_lovo,3,empleo pnadc: ocupados miles,real,27.272727272727277,0.0418399608385775,0.1524729034767143,0.0869063036791184,33.33333333333333,2022-T2,4.0,DFM avanzado · leave-one-out automático
dfm_avanzado_estrategia3_lovo,3,Sondagem CNI: evolucion de la produccion industrial,real,72.72727272727273,0.0395717355419146,0.0476171994519799,0.0348745218808093,56.25,2025-T1,5.0,DFM avanzado · leave-one-out automático
dfm_avanzado_estrategia3_lovo,3,Indicadores Industriais - horas trabalhadas - indústria - índice dessazonalizado (média 2006 = 100),real,59.09090909090909,0.0322326006867727,0.003533050063249,-0.0039259868753474,53.84615384615385,2025-T2,6.0,DFM avanzado · leave-one-out automático
dfm_avanzado_estrategia3_lovo,3,Sondagem CNI: expectativas de demanda,real,72.72727272727273,0.0224055491646096,0.0219763861209789,0.0182555506878118,56.25,2024-T3,7.0,DFM avanzado · leave-one-out automático
dfm_avanzado_estrategia3_lovo,3,Vendas de autoveículos no mercado interno,real,59.09090909090909,0.0205980316041726,0.0119654906706881,0.0172389232546954,69.23076923076923,2026-T1,8.0,DFM avanzado · leave-one-out automático
dfm_avanzado_estrategia3_lovo,3,confianza consumidor fgv: indice confianza original,real,9.090909090909092,0.0190391882561276,0.2094310708174044,-0.0016418972007975,50.0,2024-T4,9.0,DFM avanzado · leave-one-out automático
dfm_avanzado_estrategia3_lovo,3,empleo pnadc: tasa desempleo pct,real,9.090909090909092,0.0184499793192671,-0.2029497725119383,0.2012663898605295,50.0,2024-T4,10.0,DFM avanzado · leave-one-out automático
dfm_avanzado_estrategia3_lovo,3,Mundo: indice produccion industrial,real,59.09090909090909,0.0182350666604302,0.0071742748378075,0.0142915002610505,61.53846153846154,2024-T1,11.0,DFM avanzado · leave-one-out automático
dfm_avanzado_estrategia3_lovo,3,consumo mensual ibge: indice original,real,45.45454545454545,0.0133993376790842,-0.0100820277964216,-0.0182353767231659,40.0,2021-T1,12.0,DFM avanzado · leave-one-out automático
dfm_avanzado_estrategia3_lovo,3,consumo mensual ibge: indice original,real,45.45454545454545,0.0132030413342773,-0.0109149582990504,-0.002603841457476,50.0,2021-T1,13.0,DFM avanzado · leave-one-out automático
dfm_avanzado_estrategia3_lovo,3,consumo mensual ibge: indice original,real,40.90909090909091,0.0104093548934316,-0.0136320776888086,-0.0128957866510826,44.44444444444444,2021-T1,14.0,DFM avanzado · leave-one-out automático
dfm_avanzado_estrategia3_lovo,3,credito sgs: valor,financiero,45.45454545454545,0.0100277417198167,0.0029521045464821,-0.0030544389433672,30.0,2023-T4,15.0,DFM avanzado · leave-one-out automático
dfm_avanzado_estrategia3_lovo,3,IMF: indice global de precios de todas las materias primas,real,18.181818181818183,0.0049221180089221,0.013124801180542,0.013124801180542,75.0,2021-T1,16.0,DFM avanzado · leave-one-out automático
dfm_avanzado_estrategia3_lovo,3,Consumo aparente - óleo diesel - média - quantidade/dia,real,36.36363636363637,0.0047788019299252,0.0016199476210466,0.0013626222144322,37.5,2025-T3,17.0,DFM avanzado · leave-one-out automático
dfm_avanzado_estrategia3_lovo,3,ibc br: indice agropecuaria sin ajuste,real,13.636363636363637,0.0040473256452063,0.0130693111654873,0.0130693111654873,66.66666666666666,2025-T1,18.0,DFM avanzado · leave-one-out automático
dfm_avanzado_estrategia3_lovo,3,Empregados - saldo - sem ajuste - novo Caged,real,18.181818181818183,0.0038921393572832,0.0185586743087076,0.0199937619740305,75.0,2025-T1,19.0,DFM avanzado · leave-one-out automático
dfm_avanzado_estrategia3_lovo,3,Indicadores Industriais - utilização da capacidade instalada - indústria - índice dessazonalizado (média 2006 = 100),real,36.36363636363637,0.0031603717253713,-0.0034146387734604,0.0066067251600421,75.0,2021-T4,20.0,DFM avanzado · leave-one-out automático
dfm_avanzado_estrategia3_lovo,3,Ibovespa: promedio mensual del cierre diario,real,13.636363636363637,0.0029954448893829,-0.0115704311156149,-0.011554442317562,66.66666666666666,2024-T3,21.0,DFM avanzado · leave-one-out automático
dfm_avanzado_estrategia3_lovo,3,Produção - autoveículos - montados - qde.,real,13.636363636363637,0.0026234371948649,-0.0093669456916554,-0.0180760163876448,33.33333333333333,2025-T2,22.0,DFM avanzado · leave-one-out automático
dfm_avanzado_estrategia3_lovo,3,Energia elétrica - consumo - quantidade,real,22.727272727272727,0.0025424060825868,0.0097239267091558,0.009694993062319,60.0,2025-T1,23.0,DFM avanzado · leave-one-out automático
dfm_avanzado_estrategia3_lovo,3,PIM-PF actividades industriales | Brasil | 1 Indústria geral | PIMPF - Número-índice (2022=100),real,4.545454545454546,0.0025007466743121,0.0550164268348678,0.0550164268348678,100.0,2023-T1,24.0,DFM avanzado · leave-one-out automático
dfm_avanzado_estrategia3_lovo,3,comex stat: importaciones totales fob usd,externo,13.636363636363637,0.0021824500750596,0.0031125079142606,-0.0040290075039727,33.33333333333333,2025-T2,25.0,DFM avanzado · leave-one-out automático
dfm_avanzado_estrategia3_lovo,3,ipca: variacion mensual pct,real,31.818181818181817,0.0013359312015082,-0.0010164283488286,0.0002040101498966,57.14285714285714,2022-T3,26.0,DFM avanzado · leave-one-out automático
dfm_avanzado_estrategia3_lovo,3,credito sgs: valor,financiero,4.545454545454546,0.0012271155032862,0.0269965410722985,0.0269965410722985,100.0,2025-T1,27.0,DFM avanzado · leave-one-out automático
dfm_avanzado_estrategia3_lovo,3,credito sgs: valor,financiero,36.36363636363637,0.0012124995188146,-0.0023375264833232,0.001871688313924,50.0,2021-T4,28.0,DFM avanzado · leave-one-out automático
dfm_avanzado_estrategia3_lovo,3,Indicador IPEA de FBCF - índice real (média 1995 = 100),real,27.272727272727277,0.0010166214621945,0.0032438156995997,0.0032477887117765,83.33333333333334,2024-T3,29.0,DFM avanzado · leave-one-out automático
dfm_avanzado_estrategia3_lovo,3,consumo mensual ibge: indice original,real,4.545454545454546,0.000997154730397,-0.0219374040687347,-0.0219374040687347,0.0,2025-T2,30.0,DFM avanzado · leave-one-out automático
dfm_avanzado_estrategia3_lovo,3,tipo cambio: promedio brl por usd,financiero,13.636363636363637,0.0009875689466794,0.007242172275649,0.007242172275649,100.0,2024-T3,31.0,DFM avanzado · leave-one-out automático
dfm_avanzado_estrategia3_lovo,3,confianza consumidor fgv: indice expectativas original,real,9.090909090909092,0.0008154624700753,0.008970087170829,-0.0021652643069453,50.0,2024-T4,32.0,DFM avanzado · leave-one-out automático
dfm_avanzado_estrategia3_lovo,3,PIM-PF categorias economicas | Brasil | 1 Bens de capital | PIMPF - Número-índice (2022=100),real,4.545454545454546,0.000646859922733,-0.0142309183001262,-0.0142309183001262,0.0,2024-T3,33.0,DFM avanzado · leave-one-out automático
dfm_avanzado_estrategia3_lovo,3,credito sgs: valor,financiero,4.545454545454546,0.0004236813505886,-0.0093209897129512,-0.0093209897129512,0.0,2025-T3,34.0,DFM avanzado · leave-one-out automático
dfm_avanzado_estrategia3_lovo,3,Indicadores Industriais - faturamento real - indústria - índice dessazonalizado (média 2006 = 100),real,4.545454545454546,0.0004198025564866,-0.0092356562427063,-0.0092356562427062,0.0,2023-T1,35.0,DFM avanzado · leave-one-out automático
dfm_avanzado_estrategia3_lovo,3,empleo pnadc: empleo poblacion pct,real,13.636363636363637,0.0002855836488478,-0.0020942800915506,5.516942097284298e-05,66.66666666666666,2023-T2,36.0,DFM avanzado · leave-one-out automático
dfm_avanzado_estrategia3_lovo,3,PIM-PF actividades industriales | Brasil | 3 Indústrias de transformação | PIMPF - Número-índice (2022=100),real,4.545454545454546,0.0002543342919163,-0.0055953544221597,-0.0055953544221598,0.0,2023-T1,37.0,DFM avanzado · leave-one-out automático
dfm_avanzado_estrategia3_lovo,3,credito sgs: valor,financiero,9.090909090909092,0.0001929009452567,-0.0021219103978244,-0.0016524004221479,50.0,2021-T3,38.0,DFM avanzado · leave-one-out automático
dfm_avanzado_estrategia3_lovo,3,comex stat: exportaciones totales fob usd,externo,4.545454545454546,8.818696190019606e-05,0.0019401131618043,0.0019401131618043,100.0,2024-T3,39.0,DFM avanzado · leave-one-out automático
